# Blender 3.5.1
# www.blender.org
mtllib 试卷1.mtl
o 平面.007
v 21.428930 0.111425 0.000000
v 31.443254 -0.094136 0.000000
v 26.436092 0.026359 8.230058
v 26.436092 0.069318 -8.230058
v 26.436092 -0.064601 -0.000000
v 31.443254 -0.081001 -4.115029
v 21.428930 -0.036103 -4.115029
v 26.436092 -0.062059 -4.115029
v 28.939674 0.012367 8.230058
v 28.939674 0.092759 -8.230058
v 28.939674 0.053359 -0.000000
v 28.939674 -0.060771 -4.115029
v 23.932510 0.004393 -8.230058
v 23.932510 0.036020 -0.000000
v 23.932510 0.038633 8.230058
v 23.932510 -0.051737 -4.115029
v 21.428930 0.007317 4.169584
v 31.443254 -0.097628 4.169584
v 26.436092 -0.053830 4.169584
v 28.939674 -0.000054 4.169584
v 23.932512 -0.026249 4.169584
v 31.443254 -0.138034 1.769151
v 26.436092 -0.027357 1.769151
v 28.939674 -0.009815 1.769151
v 23.932510 0.039256 1.769151
v 21.428930 0.024181 1.769151
v 21.428930 -0.036356 -2.057514
v 31.443254 -0.046427 -2.057514
v 26.436092 -0.060322 -2.057514
v 28.939674 -0.015858 -2.057514
v 23.932510 0.010325 -2.057514
v 31.443254 -0.020841 -6.158827
v 26.436092 -0.079957 -6.172544
v 21.428930 -0.045219 -6.145728
v 28.939672 -0.036583 -6.172544
v 23.932512 -0.073532 -6.172544
v 21.428930 0.084862 6.158827
v 31.443254 0.015229 6.158827
v 26.436092 -0.072410 6.172544
v 28.939674 0.020200 6.172544
v 23.932512 0.066535 6.172543
v 22.697035 0.003928 -8.230058
v 22.680721 0.020500 -0.000000
v 22.680721 0.047808 -4.115029
v 22.689066 -0.131496 8.230058
v 22.680721 -0.015531 4.169584
v 22.680721 0.079270 1.769151
v 22.680721 -0.005960 -2.057514
v 22.641933 -0.007166 -6.236297
v 22.640497 0.038379 6.238657
v 25.184301 0.036329 8.230058
v 25.184301 0.108976 -8.230058
v 25.184301 0.034142 -0.000000
v 25.184301 -0.062861 -4.115029
v 25.184301 -0.055749 4.169584
v 25.184301 0.073037 1.769151
v 25.184301 0.014535 -2.057514
v 25.184301 0.002013 -6.172544
v 25.184301 -0.005730 6.172544
v 27.687883 0.105118 -8.230058
v 27.687883 0.010210 -0.000000
v 27.687883 -0.063278 -4.115029
v 27.687883 0.073059 8.230058
v 27.687883 -0.011545 4.169584
v 27.687883 -0.002475 1.769151
v 27.687883 -0.085382 -2.057514
v 27.687883 -0.104132 -6.172544
v 27.687883 -0.039413 6.172544
v 30.183119 0.083347 8.230058
v 30.183119 0.074458 -8.230058
v 30.191463 -0.058562 -0.000000
v 30.191463 -0.047867 -4.115028
v 30.191463 -0.065865 4.169584
v 30.191463 0.020128 1.769151
v 30.191463 -0.062539 -2.057514
v 30.231686 0.026572 -6.238657
v 30.231688 -0.027466 6.238656
v 21.428930 -0.019172 2.618655
v 31.443254 -0.150647 2.618655
v 26.436092 -0.027904 2.618655
v 28.939674 -0.049499 2.618655
v 23.932510 0.001353 2.618655
v 22.680721 0.021284 2.618655
v 25.184301 0.057669 2.618655
v 27.687883 -0.036505 2.618655
v 30.191463 -0.005338 2.618654
v 21.429478 -0.074175 -7.764834
v 21.711971 -0.062898 -8.229158
v 21.433323 -0.076709 -8.110344
v 21.442991 -0.073380 -8.148713
v 21.458374 -0.071806 -8.181663
v 21.550451 -0.081553 -8.191029
v 21.571499 -0.085351 -8.205359
v 21.674032 -0.105704 8.229598
v 21.407740 -0.055865 7.827193
v 21.481171 -0.087070 8.251548
v 21.471870 -0.087654 8.245215
v 21.443993 -0.089522 8.205301
v 21.436123 -0.092392 8.188447
v 21.431177 -0.095471 8.168820
v 31.442974 0.017082 7.827193
v 31.198153 0.021878 8.229598
v 31.425533 0.007968 8.133052
v 31.436062 0.004571 8.188447
v 31.438463 0.001933 8.212067
v 31.402584 -0.000019 8.200267
v 31.392971 -0.000663 8.206812
v 31.198153 0.023180 -8.248772
v 31.442974 0.025990 -7.827193
v 31.405998 0.011284 -8.226364
v 31.425129 0.013534 -8.225425
v 31.435383 0.017204 -8.212492
v 31.436062 0.022096 -8.188447
v 31.451794 0.028005 -8.152043
v 21.428930 -0.000481 -1.543136
v 21.428930 0.045090 -1.028757
v 21.428930 0.086884 -0.514379
v 31.443254 -0.129978 1.421482
v 31.443254 -0.120266 0.992712
v 31.443254 -0.108463 0.509873
v 22.367773 0.034361 0.000000
v 22.054825 0.055825 -0.000000
v 21.741879 0.082358 -0.000000
v 25.497250 0.025681 8.230058
v 25.810198 0.019441 8.230058
v 26.123144 0.019152 8.230058
v 27.374935 0.094763 -8.230058
v 27.061987 0.081394 -8.230058
v 26.749041 0.070937 -8.230058
v 27.374935 -0.017927 -0.000000
v 27.061987 -0.043928 0.000000
v 26.749041 -0.061563 -0.000000
v 26.436092 -0.035822 1.421482
v 26.436092 -0.046488 0.992712
v 26.436092 -0.056900 0.509873
v 26.436092 -0.057594 -6.686922
v 26.436092 -0.022412 -7.201300
v 26.436092 0.021317 -7.715679
v 31.443254 -0.052830 -2.571893
v 31.443254 -0.064779 -3.086272
v 31.443254 -0.076196 -3.600650
v 21.428930 -0.038112 -5.646852
v 21.428930 -0.033303 -5.140434
v 21.428930 -0.032173 -4.628988
v 26.436092 -0.056825 -2.571893
v 26.436092 -0.055075 -3.086271
v 26.436092 -0.056383 -3.600650
v 22.367773 0.044965 -4.115029
v 22.054825 0.026578 -4.115028
v 21.741879 -0.002172 -4.115029
v 27.374935 -0.062996 -4.115028
v 27.061987 -0.062848 -4.115029
v 26.749041 -0.062609 -4.115029
v 28.000830 0.059825 8.230058
v 28.313778 0.038707 8.230058
v 28.626726 0.019592 8.230058
v 29.874996 0.081598 -8.230058
v 29.564526 0.085701 -8.230058
v 29.252491 0.088758 -8.230058
v 29.878515 -0.030213 -0.000000
v 29.565569 0.002484 0.000000
v 29.252621 0.032638 -0.000000
v 29.878517 -0.048245 -4.115029
v 29.565569 -0.051717 -4.115028
v 29.252621 -0.056490 -4.115029
v 28.939674 -0.033458 -2.571893
v 28.939674 -0.046422 -3.086271
v 28.939672 -0.055332 -3.600650
v 28.939674 0.011872 1.421482
v 28.939674 0.032692 0.992712
v 28.939672 0.048053 0.509873
v 28.939674 -0.012242 -6.686922
v 28.939674 0.018952 -7.201300
v 28.939674 0.054714 -7.715679
v 24.871355 0.090408 -8.230058
v 24.558407 0.060080 -8.230058
v 24.245459 0.028055 -8.230058
v 24.871355 0.047371 -0.000000
v 24.558407 0.049844 0.000000
v 24.245459 0.044935 -0.000000
v 22.997189 -0.097060 8.230058
v 23.307659 -0.049008 8.230058
v 23.619694 0.000332 8.230058
v 24.871355 -0.066672 -4.115028
v 24.558407 -0.068863 -4.115029
v 24.245459 -0.065272 -4.115029
v 23.932510 -0.003327 -2.571893
v 23.932510 -0.019318 -3.086271
v 23.932512 -0.036003 -3.600650
v 23.932510 -0.061663 -6.686922
v 23.932512 -0.043269 -7.201300
v 23.932510 -0.020525 -7.715679
v 23.932510 0.041477 1.421482
v 23.932510 0.041186 0.992712
v 23.932512 0.039120 0.509873
v 21.428930 -0.020378 2.916882
v 21.428930 -0.018135 3.285983
v 21.428930 -0.009788 3.709152
v 31.443254 -0.006609 5.653231
v 31.443254 -0.036160 5.148891
v 31.443254 -0.068231 4.652209
v 26.436092 -0.076575 5.659017
v 26.436092 -0.072615 5.150605
v 26.436092 -0.063907 4.652423
v 28.939674 0.019267 5.659017
v 28.939674 0.016079 5.150605
v 28.939672 0.009887 4.652423
v 23.932510 0.046893 5.659017
v 23.932512 0.019740 5.150606
v 23.932510 -0.007211 4.652423
v 22.367773 -0.011454 4.169584
v 22.054825 -0.005976 4.169584
v 21.741879 0.000437 4.169584
v 27.374935 -0.022796 4.169584
v 27.061987 -0.034470 4.169584
v 26.749041 -0.045253 4.169584
v 24.871355 -0.048992 4.169584
v 24.558407 -0.040869 4.169584
v 24.245459 -0.032811 4.169584
v 29.878517 -0.048907 4.169584
v 29.565569 -0.030063 4.169584
v 29.252621 -0.012667 4.169584
v 31.443254 -0.151654 2.397146
v 31.443254 -0.149444 2.214361
v 31.443254 -0.144683 2.021347
v 26.436092 0.049847 2.397146
v 26.436092 -0.022261 2.214361
v 26.436092 -0.022974 2.021347
v 28.939674 -0.049387 2.397146
v 28.939674 -0.041933 2.214361
v 28.939672 -0.028340 2.021347
v 23.932510 0.088802 2.397146
v 23.932510 0.025682 2.214361
v 23.932512 0.033954 2.021347
v 21.428930 0.109250 0.509873
v 21.428930 0.086931 0.992712
v 21.428930 0.055048 1.421482
v 22.367773 0.076682 1.769151
v 22.054825 0.064507 1.769151
v 21.741879 0.045942 1.769151
v 27.374935 -0.011618 1.769150
v 27.061987 -0.023911 1.769151
v 26.749041 -0.031706 1.769151
v 24.871355 0.073646 1.769150
v 24.558407 0.062077 1.769151
v 24.245459 0.047542 1.769151
v 29.878515 0.023478 1.769150
v 29.565569 0.014309 1.769151
v 29.252621 0.000563 1.769151
v 21.428930 -0.045011 -3.600650
v 21.428930 -0.052958 -3.086272
v 21.428930 -0.052540 -2.571893
v 31.443254 -0.077530 -0.514379
v 31.399971 -0.061613 -1.028757
v 31.443254 -0.050030 -1.543136
v 26.436092 -0.067779 -0.514379
v 26.436092 -0.067191 -1.028757
v 26.436092 -0.064239 -1.543136
v 28.939674 0.045611 -0.514379
v 28.939674 0.028181 -1.028757
v 28.939672 0.006036 -1.543136
v 23.932510 0.032346 -0.514379
v 23.932510 0.027453 -1.028757
v 23.932512 0.020420 -1.543136
v 22.367773 -0.012078 -2.057514
v 22.054825 -0.019466 -2.057514
v 21.741879 -0.027699 -2.057514
v 27.374935 -0.092027 -2.057514
v 27.061987 -0.088708 -2.057514
v 26.749041 -0.077460 -2.057514
v 29.878515 -0.049361 -2.057514
v 29.565569 -0.032792 -2.057514
v 29.252621 -0.019426 -2.057514
v 24.871355 0.020211 -2.057514
v 24.558407 0.019698 -2.057514
v 24.245459 0.015551 -2.057514
v 31.443254 -0.074807 -4.629193
v 31.443254 -0.059999 -5.142072
v 31.443254 -0.040651 -5.652378
v 26.436092 -0.072247 -4.629407
v 26.436092 -0.082421 -5.143785
v 26.436092 -0.086888 -5.658164
v 28.939674 -0.062962 -4.629407
v 28.939674 -0.060703 -5.143785
v 28.939672 -0.052430 -5.658164
v 23.932510 -0.064895 -4.629407
v 23.932512 -0.073931 -5.143785
v 23.932510 -0.077318 -5.658164
v 22.298077 -0.006317 -6.286541
v 21.972401 -0.015976 -6.303549
v 21.687939 -0.029794 -6.247234
v 27.374935 -0.109327 -6.172543
v 27.061987 -0.107663 -6.172543
v 26.749041 -0.098189 -6.172543
v 24.871355 -0.011385 -6.172543
v 24.558407 -0.036208 -6.172543
v 24.245459 -0.060807 -6.172543
v 29.895485 0.020419 -6.200434
v 29.570597 0.005707 -6.180807
v 29.253250 -0.014362 -6.173576
v 21.428930 0.033778 4.652209
v 21.428930 0.061973 5.148890
v 21.428930 0.082227 5.653230
v 26.436092 -0.005523 7.715679
v 26.436092 -0.034529 7.201299
v 26.436092 -0.057783 6.686922
v 28.939674 0.015269 7.715679
v 28.939672 0.017793 7.201299
v 28.939674 0.019563 6.686922
v 23.932512 0.055121 7.715679
v 23.932512 0.067804 7.201299
v 23.932510 0.072877 6.686922
v 29.895485 -0.016549 6.200435
v 29.570597 -0.000835 6.180807
v 29.253250 0.013480 6.173576
v 24.871355 0.018300 6.172543
v 24.558407 0.040503 6.172543
v 24.245459 0.057656 6.172543
v 27.374935 -0.056117 6.172543
v 27.061987 -0.067863 6.172543
v 26.749041 -0.073633 6.172543
v 22.295498 0.036743 6.291054
v 21.969353 0.044228 6.310747
v 21.685944 0.061717 6.257337
v 23.619818 -0.003823 -8.230058
v 23.308655 -0.001430 -8.230058
v 23.000551 0.003759 -8.230058
v 23.619564 0.026358 -0.000000
v 23.306616 0.018756 0.000000
v 22.993670 0.015906 -0.000000
v 23.619564 -0.026241 -4.115028
v 23.306616 0.004654 -4.115029
v 22.993670 0.032240 -4.115029
v 23.619564 -0.022176 4.169584
v 23.306616 -0.019832 4.169584
v 22.993670 -0.018016 4.169584
v 23.619564 0.043719 1.769150
v 23.306616 0.056583 1.769151
v 22.993670 0.070787 1.769151
v 23.619564 0.006019 -2.057514
v 23.306616 0.002397 -2.057514
v 22.993670 -0.001332 -2.057514
v 23.618958 -0.066396 -6.173539
v 23.301767 -0.046069 -6.180512
v 22.977304 -0.022881 -6.199440
v 23.618935 0.065224 6.173576
v 23.301588 0.057024 6.180808
v 22.976700 0.046540 6.200435
v 22.629131 -0.079215 7.807617
v 22.596638 -0.029750 7.341790
v 22.608620 0.012695 6.805718
v 22.680115 0.042081 -4.630403
v 22.675873 0.027257 -5.151754
v 22.664358 0.008966 -5.685060
v 22.680721 0.004385 -0.514379
v 22.680721 -0.006539 -1.028757
v 22.680721 -0.010559 -1.543136
v 22.680721 0.116366 2.397146
v 22.680721 0.061175 2.214361
v 22.680721 0.074615 2.021347
v 22.663752 0.039822 5.686909
v 22.675694 0.024141 5.158869
v 22.680092 0.002102 4.653456
v 22.680721 0.073011 1.421482
v 22.680721 0.058530 0.992712
v 22.680721 0.039727 0.509873
v 22.611364 -0.016308 -6.801479
v 22.601017 -0.016827 -7.336776
v 22.635279 -0.008814 -7.804336
v 22.680721 0.007643 -2.571893
v 22.680721 0.025315 -3.086271
v 22.680721 0.040791 -3.600650
v 24.245459 0.056714 8.230058
v 24.558407 0.057985 8.230058
v 24.871355 0.049004 8.230058
v 26.123144 0.079951 -8.230058
v 25.810198 0.096203 -8.230058
v 25.497250 0.108926 -8.230058
v 26.123144 -0.049307 -0.000000
v 25.810198 -0.021926 0.000000
v 25.497250 0.008803 -0.000000
v 26.123144 -0.061139 -4.115028
v 25.810198 -0.060452 -4.115029
v 25.497250 -0.060770 -4.115029
v 26.123144 -0.059138 4.169584
v 25.810198 -0.061106 4.169584
v 25.497250 -0.059917 4.169584
v 26.123144 -0.006206 1.769150
v 25.810198 0.024441 1.769151
v 25.497250 0.054287 1.769151
v 26.123144 -0.039514 -2.057514
v 25.810198 -0.018002 -2.057514
v 25.497250 0.001064 -2.057514
v 26.123144 -0.053538 -6.172543
v 25.810198 -0.025606 -6.172544
v 25.497250 -0.004357 -6.172543
v 26.123144 -0.063621 6.172543
v 25.810198 -0.048476 6.172544
v 25.497250 -0.028628 6.172543
v 25.184301 0.029426 7.715679
v 25.184301 0.021079 7.201299
v 25.184301 0.009842 6.686922
v 25.184301 -0.060636 -4.629407
v 25.184301 -0.046399 -5.143785
v 25.184301 -0.024174 -5.658164
v 25.184301 0.031358 -0.514379
v 25.184301 0.029827 -1.028757
v 25.184301 0.025552 -1.543136
v 25.184301 0.149270 2.397146
v 25.184301 0.081853 2.214361
v 25.184301 0.080266 2.021347
v 25.184301 -0.025762 5.659017
v 25.184301 -0.045094 5.150605
v 25.184301 -0.057249 4.652423
v 25.184301 -0.005440 -2.571893
v 25.184301 -0.029461 -3.086271
v 25.184301 -0.050833 -3.600650
v 25.184301 0.028809 -6.686922
v 25.184301 0.055558 -7.201300
v 25.184301 0.082275 -7.715679
v 25.184301 0.062685 1.421482
v 25.184301 0.051371 0.992712
v 25.184301 0.041166 0.509873
v 28.626726 0.098868 -8.230058
v 28.313778 0.104944 -8.230058
v 28.000830 0.108017 -8.230058
v 28.626726 0.059414 -0.000000
v 28.313778 0.052202 0.000000
v 28.000830 0.034782 -0.000000
v 28.626726 -0.063175 -4.115028
v 28.313778 -0.063954 -4.115029
v 28.000830 -0.063768 -4.115029
v 26.749041 0.041232 8.230058
v 27.061987 0.058441 8.141019
v 27.374935 0.071285 8.230058
v 28.626726 0.005262 4.169584
v 28.313778 0.004056 4.169584
v 28.000830 -0.002079 4.169584
v 28.626726 -0.011129 1.769150
v 28.313778 -0.006659 1.769151
v 28.000830 -0.001932 1.769151
v 28.626726 -0.026398 -2.057514
v 28.313778 -0.046231 -2.057514
v 28.000830 -0.068258 -2.057514
v 28.626726 -0.058084 -6.172543
v 28.313778 -0.077318 -6.172544
v 28.000830 -0.093072 -6.172543
v 28.626726 0.014901 6.172543
v 28.313778 0.000244 6.172544
v 28.000830 -0.019338 6.172543
v 27.687883 0.034995 7.715679
v 27.687883 0.000909 7.201299
v 27.687883 -0.025220 6.686922
v 27.687883 -0.075454 -4.629407
v 27.687883 -0.093909 -5.143785
v 27.687883 -0.107261 -5.658164
v 27.687883 -0.012674 -0.514379
v 27.687883 -0.041902 -1.028757
v 27.687883 -0.068971 -1.543136
v 27.687883 0.008005 2.397146
v 27.687883 -0.027488 2.214361
v 27.687883 -0.015885 2.021347
v 27.687883 -0.039479 5.659017
v 27.687883 -0.030366 5.150605
v 27.687883 -0.018810 4.652423
v 27.687883 -0.076198 -6.686922
v 27.687883 -0.027368 -7.201300
v 27.687883 0.035392 -7.715679
v 27.687883 0.010312 1.421482
v 27.687883 0.019098 0.992712
v 27.687883 0.020269 0.509873
v 27.687883 -0.085585 -2.571893
v 27.687883 -0.075832 -3.086271
v 27.687883 -0.065328 -3.600650
v 29.252491 0.023535 8.230058
v 29.564526 0.046045 8.230058
v 29.874996 0.069461 8.230058
v 31.130306 -0.092266 -0.000000
v 30.817360 -0.087587 -0.000000
v 30.504412 -0.077289 0.000000
v 31.130306 -0.069663 -4.115028
v 30.817360 -0.059547 -4.115029
v 30.504412 -0.051874 -4.115029
v 31.130306 -0.092951 4.169584
v 30.817360 -0.086968 4.169584
v 30.504412 -0.078375 4.169584
v 31.130306 -0.085704 1.769150
v 30.817360 -0.038490 1.769150
v 30.504412 -0.001508 1.769151
v 31.130306 -0.056696 -2.057514
v 30.817360 -0.064468 -2.057514
v 30.504412 -0.067248 -2.057514
v 31.186241 -0.004412 -6.257337
v 30.902832 0.010591 -6.310746
v 30.576687 0.022236 -6.291053
v 31.186241 -0.004579 6.257337
v 30.902832 -0.020404 6.310746
v 30.576687 -0.028675 6.291053
v 30.243053 0.051458 7.807617
v 30.275547 0.021505 7.341790
v 30.263565 -0.004901 6.805718
v 30.192093 -0.032686 -4.630441
v 30.196491 -0.013096 -5.152050
v 30.208433 0.007718 -5.686055
v 30.191463 -0.067119 -0.514379
v 30.191463 -0.068390 -1.028757
v 30.191463 -0.065742 -1.543136
v 30.191463 0.010653 2.397145
v 30.191463 0.021761 2.214361
v 30.191463 0.025686 2.021347
v 30.208433 -0.046003 5.686909
v 30.196491 -0.059442 5.158869
v 30.192093 -0.066493 4.653456
v 30.191463 -0.061155 -2.571893
v 30.191463 -0.059983 -3.086272
v 30.191463 -0.056421 -3.600650
v 30.191463 0.004107 1.421482
v 30.191463 -0.018088 0.992712
v 30.191463 -0.040847 0.509873
v 30.263565 0.041194 -6.805718
v 30.275547 0.052968 -7.341790
v 30.243053 0.063851 -7.807617
v 21.428930 0.002698 2.021347
v 21.428930 -0.009888 2.214361
v 21.428930 0.057802 2.397146
v 31.443254 -0.120191 3.709152
v 31.443254 -0.135884 3.285983
v 31.443254 -0.145704 2.916882
v 26.436092 -0.045145 3.709152
v 26.436092 -0.038145 3.285982
v 26.436092 -0.032506 2.916882
v 28.939674 -0.013824 3.709152
v 28.939674 -0.028828 3.285982
v 28.939672 -0.041807 2.916882
v 23.932510 -0.031689 3.709152
v 23.932510 -0.025944 3.285982
v 23.932512 -0.013451 2.916882
v 22.680721 -0.020367 3.709152
v 22.680721 -0.013518 3.285983
v 22.680721 0.001528 2.916882
v 25.184301 -0.036595 3.709152
v 25.184301 -0.005707 3.285982
v 25.184301 0.028515 2.916882
v 27.687883 -0.013376 3.709152
v 27.687883 -0.021382 3.285982
v 27.687883 -0.030709 2.916882
v 30.191463 -0.056966 3.709152
v 30.191463 -0.041986 3.285982
v 30.191463 -0.023814 2.916882
v 29.878515 -0.005842 2.618655
v 29.565569 -0.018898 2.618655
v 29.252621 -0.036214 2.618655
v 27.374935 -0.037022 2.618655
v 27.061987 -0.039278 2.618655
v 26.749041 -0.037997 2.618655
v 24.871355 0.052382 2.618655
v 24.558407 0.035389 2.618655
v 24.245459 0.015457 2.618655
v 22.367773 0.019316 2.618655
v 22.054825 0.010366 2.618654
v 21.741879 -0.003239 2.618655
v 31.130306 -0.101292 2.618655
v 30.817360 -0.057149 2.618655
v 30.504412 -0.023427 2.618655
v 26.123144 -0.006042 2.618655
v 25.810198 0.021267 2.618655
v 25.497250 0.045384 2.618655
v 28.626726 -0.052649 2.618655
v 28.313778 -0.048311 2.618655
v 28.000830 -0.041318 2.618655
v 23.619564 -0.000616 2.618655
v 23.306616 0.006034 2.618655
v 22.993670 0.015326 2.618655
v 21.429165 -0.068647 -7.464164
v 21.429001 -0.061432 -7.078857
v 21.428940 -0.053320 -6.630556
v 22.402065 -0.006560 -8.230043
v 22.129318 -0.024636 -8.229944
v 21.894899 -0.045051 -8.229672
v 21.659927 -0.081933 -8.210259
v 21.603897 -0.086011 -8.209094
v 21.579714 -0.086523 -8.207477
v 21.566040 -0.084100 -8.202608
v 21.560696 -0.083052 -8.199302
v 21.555496 -0.082208 -8.195429
v 21.473051 -0.072216 -8.201423
v 21.467903 -0.071904 -8.195359
v 21.463009 -0.071774 -8.188756
v 21.454058 -0.072006 -8.174045
v 21.450041 -0.072341 -8.165998
v 21.446352 -0.072805 -8.157537
v 21.440022 -0.074070 -8.139519
v 21.437408 -0.074855 -8.130037
v 21.435177 -0.075737 -8.120296
v 21.419067 -0.076689 -8.085965
v 21.418264 -0.076939 -8.053524
v 21.430016 -0.077037 -7.949142
v 21.428934 0.063625 6.655471
v 21.428967 0.025960 7.117729
v 21.429050 -0.017268 7.516355
v 21.408014 -0.079426 8.015694
v 21.429888 -0.091527 8.117671
v 21.430447 -0.095529 8.158543
v 21.432125 -0.094715 8.173911
v 21.433268 -0.093944 8.178894
v 21.434605 -0.093167 8.183744
v 21.437841 -0.091631 8.192962
v 21.439728 -0.090892 8.197289
v 21.441784 -0.090186 8.201406
v 21.446362 -0.088915 8.208931
v 21.448868 -0.088368 8.212309
v 21.469730 -0.087969 8.243015
v 21.474098 -0.087408 8.247160
v 21.476398 -0.087227 8.248871
v 21.478760 -0.087115 8.250332
v 21.486042 -0.087329 8.252483
v 21.505411 -0.089012 8.253199
v 21.553736 -0.093476 8.253714
v 21.863148 -0.122421 8.229860
v 22.105671 -0.137643 8.230000
v 22.386908 -0.143418 8.230050
v 30.485277 0.080196 8.230050
v 30.766514 0.064207 8.229999
v 31.009037 0.042510 8.229860
v 31.312836 0.008967 8.215340
v 31.374878 0.002131 8.228484
v 31.387939 -0.000394 8.207780
v 31.395466 -0.000585 8.205556
v 31.397907 -0.000451 8.204046
v 31.400282 -0.000261 8.202277
v 31.433022 0.000874 8.219394
v 31.434929 0.001185 8.217146
v 31.436745 0.001540 8.214697
v 31.440063 0.002367 8.209242
v 31.441553 0.002836 8.206258
v 31.442921 0.003336 8.203120
v 31.437580 0.005342 8.183744
v 31.438917 0.006144 8.178894
v 31.424784 0.007294 8.137065
v 31.426109 0.008730 8.124949
v 31.426550 0.009929 8.092731
v 31.458231 0.012932 8.015694
v 31.443134 0.022859 7.516355
v 31.443218 0.026943 7.117729
v 31.443251 0.025655 6.655471
v 31.443251 -0.003953 -6.655471
v 31.443218 0.009404 -7.117729
v 31.443134 0.019312 -7.516355
v 31.455881 0.029235 -8.015694
v 31.453083 0.030165 -8.100894
v 31.452524 0.029478 -8.141766
v 31.450844 0.026447 -8.157135
v 31.449703 0.024940 -8.162118
v 31.448366 0.023489 -8.166967
v 31.434343 0.020772 -8.192962
v 31.432457 0.019512 -8.197289
v 31.430401 0.018323 -8.201406
v 31.447126 0.016065 -8.226068
v 31.445156 0.015310 -8.228725
v 31.427876 0.014330 -8.222600
v 31.422268 0.012834 -8.227921
v 31.419317 0.012223 -8.230119
v 31.416285 0.011706 -8.231995
v 31.357801 0.011169 -8.210790
v 31.332935 0.012349 -8.211707
v 31.270893 0.016021 -8.212369
v 31.009037 0.035020 -8.229860
v 30.766514 0.049063 -8.180533
v 30.485277 0.063035 -8.230050
v 30.504412 -0.017940 1.421482
v 30.817360 -0.049822 1.421482
v 31.130306 -0.088261 1.421482
v 30.504412 -0.039973 0.992712
v 30.817360 -0.064995 0.992712
v 31.130306 -0.092108 0.992712
v 30.504412 -0.061719 0.509873
v 30.817360 -0.079190 0.509873
v 31.130306 -0.094394 0.509873
v 25.497250 0.041865 1.421482
v 25.810198 0.011755 1.421482
v 26.123144 -0.017517 1.421482
v 25.497250 0.028340 0.992712
v 25.810198 -0.002242 0.992712
v 26.123144 -0.030482 0.992712
v 25.497250 0.016417 0.509873
v 25.810198 -0.014489 0.509873
v 26.123144 -0.042084 0.509873
v 25.497250 0.022163 -6.686922
v 25.810198 -0.000591 -6.686922
v 26.123144 -0.030246 -6.686922
v 25.497250 0.050227 -7.201300
v 25.810198 0.029085 -7.201300
v 26.123144 0.001687 -7.201300
v 25.497250 0.079320 -7.715679
v 25.810198 0.061867 -7.715679
v 26.123144 0.039379 -7.715679
v 25.497250 -0.013742 -2.571893
v 25.810198 -0.026240 -2.571893
v 26.123144 -0.041184 -2.571893
v 25.497250 -0.032850 -3.086271
v 25.810198 -0.038729 -3.086272
v 26.123144 -0.046379 -3.086271
v 25.497250 -0.050458 -3.600650
v 25.810198 -0.051468 -3.600650
v 26.123144 -0.053547 -3.600650
v 30.504412 -0.064568 -2.571893
v 30.817360 -0.063272 -2.571892
v 31.130306 -0.058836 -2.571892
v 30.504412 -0.063258 -3.086272
v 30.817360 -0.064754 -3.086272
v 31.130306 -0.065063 -3.086272
v 30.504412 -0.060100 -3.600650
v 30.817360 -0.064863 -3.600650
v 31.130306 -0.070349 -3.600650
v 28.000832 -0.074242 -2.571893
v 28.313778 -0.058135 -2.571893
v 28.626726 -0.042721 -2.571893
v 28.000830 -0.070145 -3.086271
v 28.313778 -0.061257 -3.086272
v 28.626726 -0.052304 -3.086271
v 28.000830 -0.063982 -3.600650
v 28.313778 -0.061297 -3.600650
v 28.626726 -0.058129 -3.600650
v 28.000832 0.016907 1.421482
v 28.313778 0.016731 1.421482
v 28.626726 0.013735 1.421482
v 28.000830 0.032636 0.992712
v 28.313778 0.038211 0.992712
v 28.626726 0.037628 0.992712
v 28.000830 0.040260 0.509873
v 28.313778 0.051972 0.509873
v 28.626726 0.054779 0.509873
v 28.000830 -0.064754 -6.686922
v 28.313778 -0.049619 -6.686922
v 28.626726 -0.031785 -6.686922
v 28.000830 -0.017618 -7.201300
v 28.313778 -0.006606 -7.201300
v 28.626726 0.005605 -7.201300
v 28.000830 0.042063 -7.715679
v 28.313778 0.046616 -7.715679
v 28.626726 0.050388 -7.715679
v 22.993670 0.009011 -2.571893
v 23.306616 0.005641 -2.571893
v 23.619564 0.000530 -2.571893
v 22.993668 0.021241 -3.086271
v 23.306616 0.008987 -3.086272
v 23.619564 -0.006262 -3.086271
v 22.993670 0.030578 -3.600650
v 23.306616 0.009602 -3.600650
v 23.619564 -0.014978 -3.600650
v 22.964409 -0.027035 -6.735250
v 23.297947 -0.044978 -6.701241
v 23.618481 -0.059924 -6.688712
v 22.960043 -0.022591 -7.258454
v 23.296654 -0.035455 -7.218235
v 23.618319 -0.045616 -7.203417
v 22.974497 -0.011240 -7.753081
v 23.300936 -0.019964 -7.726762
v 23.618855 -0.026040 -7.717063
v 22.993670 0.064439 1.421482
v 23.306616 0.053117 1.421482
v 23.619564 0.043858 1.421482
v 22.993668 0.050391 0.992712
v 23.306616 0.043475 0.992712
v 23.619564 0.039751 0.992712
v 22.993670 0.032821 0.509873
v 23.306616 0.030931 0.509873
v 23.619564 0.033287 0.509873
v 22.986509 0.042533 5.670784
v 23.304495 0.047190 5.662504
v 23.619299 0.049930 5.659453
v 22.991547 0.023842 5.154092
v 23.305988 0.025122 5.151638
v 23.619486 0.024811 5.150735
v 22.993402 0.000360 4.652858
v 23.306538 -0.000209 4.652552
v 23.619555 -0.001952 4.652438
v 28.000832 -0.018624 5.659017
v 28.313778 0.001544 5.659016
v 28.626726 0.015887 5.659017
v 28.000830 -0.011793 5.150606
v 28.313778 0.005230 5.150604
v 28.626726 0.016066 5.150606
v 28.000830 -0.004419 4.652423
v 28.313778 0.007376 4.652422
v 28.626726 0.013252 4.652423
v 25.497250 -0.044971 5.659017
v 25.810198 -0.060437 5.659016
v 26.123144 -0.071268 5.659017
v 25.497250 -0.058676 5.150606
v 25.810198 -0.067855 5.150604
v 26.123144 -0.072533 5.150606
v 25.497250 -0.065179 4.652423
v 25.810198 -0.068740 4.652422
v 26.123144 -0.068220 4.652423
v 30.534903 -0.048876 5.709013
v 30.853418 -0.041142 5.717322
v 31.153904 -0.025817 5.694789
v 30.513447 -0.065289 5.165420
v 30.828043 -0.061224 5.167880
v 31.137299 -0.050396 5.161204
v 30.505541 -0.075821 4.654274
v 30.818695 -0.077537 4.654583
v 31.131180 -0.074159 4.653748
v 22.993670 0.109562 2.397146
v 23.306616 0.097776 2.397145
v 23.619564 0.088393 2.397146
v 22.993668 0.053639 2.214361
v 23.306616 0.039750 2.214361
v 23.619564 0.027700 2.214361
v 22.993670 0.066505 2.021347
v 23.306616 0.051583 2.021347
v 23.619564 0.038012 2.021347
v 28.000832 -0.041008 2.397146
v 28.313778 -0.049250 2.397145
v 28.626726 -0.053987 2.397146
v 28.000830 -0.033063 2.214361
v 28.313778 -0.041574 2.214361
v 28.626726 -0.046653 2.214361
v 28.000830 -0.019399 2.021347
v 28.313778 -0.026853 2.021347
v 28.626726 -0.031937 2.021347
v 25.497250 0.134717 2.397146
v 25.810198 0.106712 2.397145
v 26.123144 0.075130 2.397146
v 25.497250 0.065813 2.214361
v 25.810198 0.036185 2.214361
v 26.123144 0.003363 2.214361
v 25.497250 0.063000 2.021347
v 25.810198 0.033072 2.021347
v 26.123144 0.000932 2.021347
v 30.504412 -0.008366 2.397145
v 30.817360 -0.045863 2.397146
v 31.130306 -0.095679 2.397145
v 30.504412 0.001765 2.214361
v 30.817360 -0.037778 2.214361
v 31.130306 -0.090353 2.214361
v 30.504412 0.004780 2.021347
v 30.817360 -0.034714 2.021347
v 31.130306 -0.086600 2.021347
v 22.993670 0.003201 -0.514379
v 23.306616 0.009647 -0.514379
v 23.619564 0.020452 -0.514379
v 22.993668 -0.004213 -1.028757
v 23.306616 0.004002 -1.028757
v 23.619564 0.015445 -1.028757
v 22.993670 -0.005878 -1.543136
v 23.306616 0.001644 -1.543136
v 23.619564 0.010809 -1.543136
v 28.000832 0.013547 -0.514379
v 28.313778 0.035468 -0.514379
v 28.626726 0.047889 -0.514379
v 28.000830 -0.016737 -1.028757
v 28.313778 0.007847 -1.028757
v 28.626726 0.025077 -1.028757
v 28.000830 -0.047022 -1.543136
v 28.313778 -0.022205 -1.543136
v 28.626726 -0.002019 -1.543136
v 30.504412 -0.082468 -0.514379
v 30.817360 -0.086892 -0.514379
v 31.130306 -0.084032 -0.514379
v 30.504412 -0.079746 -1.028757
v 30.817360 -0.079916 -1.028757
v 31.130306 -0.072629 -1.028757
v 30.504412 -0.073285 -1.543136
v 30.817360 -0.070995 -1.543136
v 31.130306 -0.062151 -1.543136
v 25.497250 0.007041 -0.514379
v 25.810198 -0.022674 -0.514379
v 26.123144 -0.050157 -0.514379
v 25.497250 0.008017 -1.028757
v 25.810198 -0.019581 -1.028757
v 26.123144 -0.046730 -1.028757
v 25.497250 0.007451 -1.543136
v 25.810198 -0.016680 -1.543136
v 26.123144 -0.042143 -1.543136
v 22.993412 0.023173 -4.629827
v 23.306540 -0.007417 -4.629532
v 23.619555 -0.040002 -4.629423
v 22.991623 0.007237 -5.147148
v 23.306011 -0.023091 -5.144782
v 23.619488 -0.053541 -5.143910
v 22.986765 -0.009977 -5.669512
v 23.304571 -0.037572 -5.661526
v 23.619308 -0.063469 -5.658585
v 28.000832 -0.074556 -4.629407
v 28.313778 -0.072780 -4.629407
v 28.626726 -0.069218 -4.629407
v 28.000830 -0.089546 -5.143785
v 28.313778 -0.082739 -5.143786
v 28.626726 -0.073215 -5.143786
v 28.000830 -0.098972 -5.658165
v 28.313778 -0.086646 -5.658165
v 28.626726 -0.070920 -5.658164
v 25.497250 -0.059412 -4.629407
v 25.810198 -0.062412 -4.629407
v 26.123144 -0.067426 -4.629407
v 25.497250 -0.047717 -5.143785
v 25.810198 -0.057000 -5.143786
v 26.123144 -0.069987 -5.143786
v 25.497250 -0.028446 -5.658165
v 25.810198 -0.044603 -5.658165
v 26.123144 -0.066224 -5.658164
v 30.505541 -0.036517 -4.631259
v 30.818695 -0.046104 -4.631567
v 31.131180 -0.059505 -4.630732
v 30.513447 -0.016578 -5.158600
v 30.828043 -0.027235 -5.161061
v 31.137299 -0.042484 -5.154385
v 30.534903 0.004240 -5.708161
v 30.853418 -0.006986 -5.716469
v 31.153904 -0.022740 -5.693937
v 31.183300 0.027677 -7.802783
v 30.638021 0.034811 -6.906531
v 30.987913 0.022374 -6.961207
v 31.239138 0.009239 -6.842047
v 31.310501 0.018453 -7.376957
v 31.380650 0.024516 -7.738324
v 31.348335 0.027978 -7.938774
v 31.382757 0.028004 -8.076741
v 31.347038 0.026318 -8.041561
v 31.378922 0.023674 -8.101260
v 31.342894 0.022886 -8.055471
v 31.372831 0.019880 -8.114305
v 31.337036 0.020119 -8.065099
v 31.364895 0.017037 -8.124315
v 31.328573 0.018289 -8.071910
v 31.349977 0.015662 -8.130621
v 31.266037 0.020802 -8.074043
v 31.144085 0.027502 -8.127155
v 30.924229 0.039922 -8.011857
v 30.598789 0.053572 -7.894559
v 30.671288 0.044105 -7.481632
v 25.497250 0.013306 7.715679
v 25.810198 0.000864 7.715679
v 26.123144 -0.006034 7.715679
v 25.497250 0.000451 7.201301
v 25.810198 -0.017074 7.201299
v 26.123144 -0.029424 7.201301
v 25.497250 -0.013367 6.686923
v 25.810198 -0.033733 6.686922
v 26.123144 -0.049218 6.686923
v 28.000830 0.032727 7.715679
v 28.313778 0.025147 7.715679
v 28.626726 0.017559 7.715679
v 28.000830 0.008552 7.201301
v 28.313778 0.013164 7.201299
v 28.626726 0.015870 7.201301
v 28.000830 -0.009778 6.686923
v 28.313778 0.004338 6.686922
v 28.626726 0.014870 6.686923
v 22.971905 -0.049012 7.754465
v 23.300167 -0.010199 7.727171
v 23.618757 0.027690 7.717115
v 22.958197 -0.005356 7.260570
v 23.296106 0.023828 7.218861
v 23.618250 0.050611 7.203496
v 22.963249 0.028933 6.737040
v 23.297604 0.048118 6.701772
v 23.618437 0.064637 6.688779
v 31.183300 0.011814 7.802783
v 30.598789 0.048289 7.894559
v 30.924229 0.037913 8.011857
v 31.144085 0.024266 8.127155
v 31.266037 0.009970 8.074043
v 31.349976 0.002799 8.130621
v 31.328573 0.004148 8.071910
v 31.364895 0.002766 8.124315
v 31.337036 0.004852 8.065099
v 31.372829 0.004180 8.114305
v 31.342894 0.006307 8.055471
v 31.378922 0.006241 8.101260
v 31.347038 0.008261 8.041561
v 31.382757 0.008926 8.076741
v 31.348335 0.011886 7.938774
v 31.380650 0.016617 7.738324
v 31.310501 0.016882 7.376956
v 31.239138 0.009892 6.842047
v 30.987913 -0.001817 6.961207
v 30.638021 -0.006352 6.906531
v 30.671286 0.018680 7.481631
v 21.741035 -0.000336 -4.630575
v 22.053537 0.026204 -4.631454
v 22.366684 0.042133 -4.631188
v 21.735134 -0.006008 -5.153122
v 22.044523 0.016521 -5.160161
v 22.359060 0.029396 -5.158036
v 21.719122 -0.016667 -5.689675
v 22.020054 0.001228 -5.713433
v 22.338369 0.011623 -5.706258
v 21.741879 0.059446 -0.514379
v 22.054825 0.034734 -0.514379
v 22.367773 0.015472 -0.514379
v 21.741879 0.026838 -1.028757
v 22.054825 0.010724 -1.028757
v 22.367773 -0.001114 -1.028757
v 21.741879 -0.005523 -1.543136
v 22.054825 -0.009557 -1.543136
v 22.367773 -0.011572 -1.543136
v 21.741879 0.080174 2.397146
v 22.054825 0.099453 2.397145
v 22.367773 0.112548 2.397145
v 21.741879 0.016969 2.214361
v 22.054825 0.040190 2.214361
v 22.367773 0.056137 2.214361
v 21.741879 0.030035 2.021347
v 22.054825 0.053629 2.021347
v 22.367773 0.069737 2.021347
v 21.718281 0.064962 5.694789
v 22.018766 0.050803 5.717322
v 22.337282 0.042307 5.709013
v 21.734886 0.048648 5.161204
v 22.044142 0.037000 5.167881
v 22.358738 0.028545 5.165420
v 21.741005 0.023549 4.653748
v 22.053490 0.014260 4.654583
v 22.366644 0.006832 4.654274
v 21.741879 0.064265 1.421482
v 22.054825 0.071592 1.421482
v 22.367773 0.075138 1.421482
v 21.741879 0.080297 0.992712
v 22.054825 0.073476 0.992712
v 22.367773 0.066283 0.992712
v 21.741879 0.088255 0.509873
v 22.054825 0.068705 0.509873
v 22.367773 0.052047 0.509873
v 21.741879 -0.032661 -2.571892
v 22.054825 -0.014716 -2.571893
v 22.367773 -0.000637 -2.571893
v 21.741879 -0.025035 -3.086272
v 22.054825 -0.000454 -3.086272
v 22.367773 0.017443 -3.086272
v 21.741879 -0.012359 -3.600650
v 22.054825 0.015812 -3.600650
v 22.367773 0.035023 -3.600650
v 24.245459 0.065058 7.715679
v 24.558407 0.060454 7.715679
v 24.871355 0.046760 7.715679
v 24.245459 0.070159 7.201301
v 24.558407 0.060187 7.201299
v 24.871355 0.042343 7.201301
v 24.245459 0.068773 6.686923
v 24.558407 0.054449 6.686922
v 24.871355 0.033581 6.686923
v 24.245459 -0.075016 -4.629407
v 24.558407 -0.073711 -4.629407
v 24.871355 -0.066933 -4.629407
v 24.245459 -0.077124 -5.143785
v 24.558407 -0.068188 -5.143786
v 24.871355 -0.055241 -5.143786
v 24.245459 -0.072190 -5.658165
v 24.558407 -0.054839 -5.658165
v 24.871355 -0.035442 -5.658164
v 24.245459 0.042151 -0.514379
v 24.558407 0.047063 -0.514379
v 24.871355 0.044369 -0.514379
v 24.245459 0.037396 -1.028757
v 24.558407 0.042761 -1.028757
v 24.871355 0.041066 -1.028757
v 24.245459 0.029065 -1.543136
v 24.558407 0.034464 -1.543136
v 24.871355 0.034125 -1.543136
v 24.245459 0.103469 2.397146
v 24.558407 0.125186 2.397145
v 24.871355 0.143829 2.397146
v 24.245459 0.038766 2.214361
v 24.558407 0.059524 2.214361
v 24.871355 0.077403 2.214361
v 24.245459 0.044511 2.021347
v 24.558407 0.062546 2.021347
v 24.871355 0.077863 2.021347
v 24.245459 0.035380 5.659017
v 24.558407 0.017351 5.659016
v 24.871355 -0.004070 5.659017
v 24.245459 0.007778 5.150606
v 24.558407 -0.009054 5.150604
v 24.871355 -0.027698 5.150606
v 24.245459 -0.017502 4.652423
v 24.558407 -0.031024 4.652422
v 24.871355 -0.045150 4.652423
v 24.245459 -0.003858 -2.571893
v 24.558407 -0.002689 -2.571893
v 24.871355 -0.002367 -2.571893
v 24.245459 -0.026302 -3.086271
v 24.558407 -0.028554 -3.086272
v 24.871355 -0.028725 -3.086271
v 24.245459 -0.048024 -3.600650
v 24.558407 -0.052434 -3.600650
v 24.871355 -0.052336 -3.600650
v 24.245459 -0.043715 -6.686922
v 24.558407 -0.014531 -6.686922
v 24.871355 0.013705 -6.686922
v 24.245459 -0.022231 -7.201300
v 24.558407 0.009199 -7.201300
v 24.871355 0.039102 -7.201300
v 24.245459 0.002180 -7.715679
v 24.558407 0.034298 -7.715679
v 24.871355 0.064704 -7.715679
v 24.245459 0.048687 1.421482
v 24.558407 0.059811 1.421482
v 24.871355 0.067069 1.421482
v 24.245459 0.048397 0.992712
v 24.558407 0.056593 0.992712
v 24.871355 0.059632 0.992712
v 24.245459 0.047027 0.509873
v 24.558407 0.053059 0.509873
v 24.871355 0.052633 0.509873
v 26.749041 0.003125 7.715679
v 27.061987 0.016077 7.715679
v 27.374935 0.028358 7.715679
v 26.749041 -0.031225 7.201301
v 27.061987 -0.021972 7.201299
v 27.374935 -0.010139 7.201301
v 26.749041 -0.058063 6.686923
v 27.061987 -0.051391 6.686922
v 27.374935 -0.039774 6.686923
v 26.749041 -0.075133 -4.629407
v 27.061987 -0.076225 -4.629407
v 27.374935 -0.076129 -4.629407
v 26.749041 -0.090861 -5.143785
v 27.061987 -0.095149 -5.143786
v 27.374935 -0.095945 -5.143786
v 26.749041 -0.101358 -5.658165
v 27.061987 -0.109127 -5.658165
v 27.374935 -0.110869 -5.658164
v 26.749041 -0.069871 -0.514379
v 27.061987 -0.058619 -0.514379
v 27.374935 -0.038171 -0.514379
v 26.749041 -0.076049 -1.028757
v 27.061987 -0.073664 -1.028757
v 27.374935 -0.061721 -1.028757
v 26.749041 -0.078958 -1.543136
v 27.061987 -0.085036 -1.543136
v 27.374935 -0.081900 -1.543136
v 26.749041 0.007096 2.397146
v 27.061987 0.005418 2.397145
v 27.374935 0.007749 2.397146
v 26.749041 -0.033146 2.214361
v 27.061987 -0.033162 2.214361
v 27.374935 -0.029035 2.214361
v 26.749041 -0.031142 2.021347
v 27.061987 -0.027862 2.021347
v 27.374935 -0.020364 2.021347
v 26.749041 -0.075696 5.659017
v 27.061987 -0.068893 5.659016
v 27.374935 -0.056657 5.659017
v 26.749041 -0.068087 5.150606
v 27.061987 -0.059268 5.150604
v 27.374935 -0.046560 5.150606
v 26.749041 -0.056155 4.652423
v 27.061987 -0.045592 4.652422
v 27.374935 -0.032912 4.652423
v 26.749041 -0.075246 -6.686922
v 27.061987 -0.083092 -6.686922
v 27.374935 -0.082840 -6.686922
v 26.749041 -0.035727 -7.201300
v 27.061987 -0.039070 -7.201300
v 27.374935 -0.035323 -7.201300
v 26.749041 0.014842 -7.715679
v 27.061987 0.017920 -7.715679
v 27.374935 0.026215 -7.715679
v 26.749041 -0.036045 1.421482
v 27.061987 -0.023127 1.421482
v 27.374935 -0.005023 1.421482
v 26.749041 -0.043347 0.992712
v 27.061987 -0.026052 0.992712
v 27.374935 -0.002580 0.992712
v 26.749041 -0.052292 0.509873
v 27.061987 -0.032911 0.509873
v 27.374935 -0.006233 0.509873
v 26.749041 -0.071324 -2.571893
v 27.061987 -0.082479 -2.571893
v 27.374935 -0.087997 -2.571893
v 26.749041 -0.063940 -3.086271
v 27.061987 -0.071464 -3.086272
v 27.374935 -0.075983 -3.086271
v 26.749041 -0.059603 -3.600650
v 27.061987 -0.062606 -3.600650
v 27.374935 -0.064734 -3.600650
v 29.253428 0.021804 7.717114
v 29.572018 0.033585 7.727171
v 29.900280 0.045256 7.754465
v 29.253935 0.019765 7.203496
v 29.576078 0.021455 7.218861
v 29.913988 0.022242 7.260570
v 29.253748 0.017101 6.688778
v 29.574581 0.009940 6.701772
v 29.908936 0.001474 6.737040
v 29.252630 -0.053728 -4.629424
v 29.565647 -0.043720 -4.629537
v 29.878780 -0.035763 -4.629843
v 29.252699 -0.045519 -5.143915
v 29.566196 -0.030343 -5.144818
v 29.880638 -0.018446 -5.147273
v 29.252886 -0.032263 -5.658600
v 29.567690 -0.013298 -5.661651
v 29.885675 0.001138 -5.669931
v 29.252621 0.025736 -0.514379
v 29.565569 -0.005422 -0.514379
v 29.878517 -0.039246 -0.514379
v 29.252621 0.013005 -1.028757
v 29.565569 -0.014118 -1.028757
v 29.878517 -0.044235 -1.028757
v 29.252621 -0.002926 -1.543136
v 29.565569 -0.023332 -1.543136
v 29.878515 -0.046999 -1.543136
v 29.252621 -0.032251 2.397146
v 29.565569 -0.009898 2.397145
v 29.878517 0.007721 2.397146
v 29.252621 -0.023866 2.214361
v 29.565569 -0.000190 2.214361
v 29.878517 0.018538 2.214361
v 29.252621 -0.012461 2.021347
v 29.565569 0.008466 2.021347
v 29.878515 0.024496 2.021347
v 29.252886 0.008634 5.659453
v 29.567690 -0.010714 5.662504
v 29.885675 -0.031388 5.670784
v 29.252701 0.002592 5.150735
v 29.566196 -0.019235 5.151638
v 29.880638 -0.042285 5.154092
v 29.252632 -0.004542 4.652438
v 29.565647 -0.025863 4.652552
v 29.878782 -0.048404 4.652858
v 29.252621 -0.034149 -2.571893
v 29.565569 -0.041977 -2.571893
v 29.878517 -0.052470 -2.571893
v 29.252621 -0.045865 -3.086271
v 29.565569 -0.049370 -3.086272
v 29.878517 -0.054790 -3.086271
v 29.252621 -0.053628 -3.600650
v 29.565569 -0.053205 -3.600650
v 29.878515 -0.054118 -3.600650
v 29.252621 0.013677 1.421482
v 29.565569 0.016018 1.421482
v 29.878517 0.014344 1.421482
v 29.252621 0.024840 0.992712
v 29.565569 0.014032 0.992712
v 29.878517 -0.000141 0.992712
v 29.252621 0.031883 0.509873
v 29.565569 0.009228 0.509873
v 29.878515 -0.016240 0.509873
v 29.253748 0.007675 -6.688778
v 29.574581 0.025256 -6.701771
v 29.908934 0.037447 -6.737039
v 29.253935 0.032912 -7.203496
v 29.576078 0.045118 -7.218862
v 29.913988 0.052746 -7.260570
v 29.253428 0.060296 -7.717115
v 29.572018 0.065316 -7.727171
v 29.900280 0.067318 -7.754465
v 29.252621 -0.021416 3.709152
v 29.565569 -0.031408 3.709152
v 29.878517 -0.043393 3.709152
v 29.252621 -0.029376 3.285983
v 29.565569 -0.029913 3.285983
v 29.878517 -0.033197 3.285983
v 29.252621 -0.034868 2.916882
v 29.565569 -0.025702 2.916882
v 29.878515 -0.020090 2.916882
v 26.749041 -0.039465 3.709152
v 27.061987 -0.030815 3.709152
v 27.374935 -0.021387 3.709152
v 26.749041 -0.037819 3.285983
v 27.061987 -0.032766 3.285983
v 27.374935 -0.026212 3.285983
v 26.749041 -0.038076 2.916882
v 27.061987 -0.036772 2.916882
v 27.374935 -0.032885 2.916882
v 24.245459 -0.032739 3.709152
v 24.558407 -0.033390 3.709152
v 24.871355 -0.034417 3.709152
v 24.245459 -0.020822 3.285983
v 24.558407 -0.013350 3.285983
v 24.871355 -0.007116 3.285983
v 24.245459 -0.002832 2.916882
v 24.558407 0.011994 2.916882
v 24.871355 0.024589 2.916882
v 21.741879 -0.012205 3.709152
v 22.054825 -0.014714 3.709152
v 22.367773 -0.017404 3.709152
v 21.741879 -0.015054 3.285983
v 22.054825 -0.012745 3.285983
v 22.367773 -0.011976 3.285982
v 21.741879 -0.011077 2.916882
v 22.054825 -0.003305 2.916882
v 22.367773 0.001406 2.916883
v 30.504412 -0.071738 3.709152
v 30.817360 -0.087397 3.709152
v 31.130306 -0.103646 3.709152
v 30.504412 -0.058232 3.285982
v 30.817360 -0.080674 3.285983
v 31.130306 -0.107246 3.285983
v 30.504412 -0.041060 2.916883
v 30.817360 -0.069643 2.916882
v 31.130306 -0.105784 2.916882
v 25.497250 -0.040274 3.709152
v 25.810198 -0.044108 3.709152
v 26.123144 -0.046322 3.709152
v 25.497250 -0.011428 3.285983
v 25.810198 -0.021468 3.285983
v 26.123144 -0.031737 3.285983
v 25.497250 0.019500 2.916882
v 25.810198 0.001946 2.916882
v 26.123144 -0.017579 2.916882
v 28.000832 -0.008576 3.709152
v 28.313778 -0.007185 3.709152
v 28.626726 -0.009001 3.709152
v 28.000830 -0.020642 3.285983
v 28.313778 -0.022923 3.285983
v 28.626726 -0.026295 3.285983
v 28.000830 -0.033236 2.916882
v 28.313778 -0.038263 2.916882
v 28.626726 -0.042287 2.916882
v 22.993670 -0.023613 3.709152
v 23.306616 -0.026839 3.709152
v 23.619564 -0.029659 3.709152
v 22.993668 -0.017637 3.285983
v 23.306616 -0.022584 3.285983
v 23.619564 -0.026105 3.285983
v 22.993670 -0.003515 2.916882
v 23.306616 -0.010487 2.916882
v 23.619564 -0.015196 2.916882
v 21.701981 -0.053904 -7.781255
v 21.636784 -0.043298 -6.822600
v 21.890377 -0.032466 -6.947530
v 22.239174 -0.020048 -6.898295
v 22.209219 -0.025902 -7.471598
v 22.285227 -0.019121 -7.888416
v 21.967609 -0.037604 -8.003824
v 21.757969 -0.055735 -8.121905
v 21.634830 -0.064812 -8.065248
v 21.552513 -0.071167 -8.122882
v 21.567417 -0.066931 -8.059628
v 21.529057 -0.068504 -8.110555
v 21.552170 -0.065429 -8.046315
v 21.513540 -0.067749 -8.090987
v 21.540720 -0.065652 -8.027494
v 21.470388 -0.070263 -8.063974
v 21.532619 -0.067191 -8.002431
v 21.464870 -0.072001 -8.035604
v 21.529200 -0.067706 -7.891629
v 21.494730 -0.067424 -7.689232
v 21.566570 -0.056359 -7.344653
v 21.688885 -0.059792 7.802783
v 21.491535 -0.046666 7.738324
v 21.523849 -0.071399 7.938774
v 21.489428 -0.085984 8.076741
v 21.525146 -0.081127 8.041561
v 21.493263 -0.084853 8.101260
v 21.529291 -0.079480 8.055471
v 21.499353 -0.082656 8.114305
v 21.535149 -0.077890 8.065099
v 21.507290 -0.081097 8.124315
v 21.543612 -0.077109 8.071910
v 21.522207 -0.081055 8.130621
v 21.606148 -0.081831 8.074043
v 21.728100 -0.098288 8.127155
v 21.947956 -0.098480 8.011857
v 22.273396 -0.094133 7.894559
v 22.200897 -0.044573 7.481633
v 22.234163 0.004432 6.906531
v 21.884274 0.008824 6.961208
v 21.633047 0.032364 6.842047
v 21.561684 -0.010372 7.376957
v 21.428930 0.102054 -0.257189
v 31.443254 -0.082933 -0.257189
v 26.436092 -0.063290 -0.257189
v 28.939674 0.052385 -0.257189
v 23.932510 0.037083 -0.257189
v 22.680721 0.015343 -0.257189
v 25.184301 0.035650 -0.257189
v 27.687883 0.001668 -0.257189
v 30.191463 -0.059940 -0.257189
v 22.993670 0.012453 -0.257189
v 23.306616 0.017101 -0.257189
v 23.619564 0.026305 -0.257189
v 28.000832 0.027064 -0.257189
v 28.313778 0.046735 -0.257189
v 28.626726 0.056551 -0.257189
v 30.504412 -0.076979 -0.257189
v 30.817360 -0.084340 -0.257189
v 31.130306 -0.085249 -0.257189
v 25.497250 0.010822 -0.257189
v 25.810198 -0.019400 -0.257189
v 26.123144 -0.046832 -0.257189
v 21.741879 0.073802 -0.257189
v 22.054825 0.048179 -0.257189
v 22.367773 0.027816 -0.257189
v 24.245459 0.046443 -0.257189
v 24.558407 0.051353 -0.257189
v 24.871355 0.048770 -0.257189
v 26.749041 -0.062817 -0.257189
v 27.061987 -0.048374 -0.257189
v 27.374935 -0.025149 -0.257189
v 29.252621 0.032087 -0.257189
v 29.565569 0.001431 -0.257189
v 29.878515 -0.031829 -0.257189
v 21.428946 0.117326 0.000010
v 31.443272 -0.088235 0.000010
v 26.436108 0.032260 8.230067
v 26.436108 0.075219 -8.230048
v 26.436108 -0.058700 0.000010
v 31.443272 -0.075100 -4.115019
v 21.428946 -0.030202 -4.115019
v 26.436108 -0.056158 -4.115019
v 28.939690 0.018269 8.230067
v 28.939690 0.098660 -8.230048
v 28.939690 0.059260 0.000010
v 28.939690 -0.054870 -4.115019
v 23.932528 0.010295 -8.230048
v 23.932528 0.041921 0.000010
v 23.932528 0.044534 8.230067
v 23.932528 -0.045836 -4.115019
v 21.428946 0.013218 4.169594
v 31.443272 -0.091727 4.169594
v 26.436108 -0.047929 4.169594
v 28.939690 0.005847 4.169594
v 23.932528 -0.020348 4.169594
v 31.443272 -0.132132 1.769161
v 26.436108 -0.021455 1.769160
v 28.939690 -0.003914 1.769160
v 23.932528 0.045157 1.769160
v 21.428946 0.030082 1.769161
v 21.428946 -0.030454 -2.057505
v 31.443272 -0.040526 -2.057505
v 26.436108 -0.054420 -2.057505
v 28.939690 -0.009956 -2.057505
v 23.932528 0.016226 -2.057505
v 31.443272 -0.014940 -6.158817
v 26.436108 -0.074055 -6.172534
v 21.428946 -0.039318 -6.145719
v 28.939690 -0.030682 -6.172534
v 23.932528 -0.067631 -6.172534
v 21.428946 0.090763 6.158837
v 31.443272 0.021130 6.158837
v 26.436108 -0.066508 6.172554
v 28.939690 0.026102 6.172554
v 23.932528 0.072437 6.172553
v 22.697050 0.009829 -8.230048
v 22.680737 0.026402 0.000010
v 22.680737 0.053709 -4.115019
v 22.689081 -0.125595 8.230067
v 22.680737 -0.009630 4.169594
v 22.680737 0.085172 1.769160
v 22.680737 -0.000059 -2.057505
v 22.641949 -0.001265 -6.236287
v 22.640514 0.044280 6.238666
v 25.184319 0.042230 8.230067
v 25.184319 0.114878 -8.230048
v 25.184319 0.040043 0.000010
v 25.184319 -0.056959 -4.115019
v 25.184319 -0.049848 4.169594
v 25.184319 0.078938 1.769160
v 25.184319 0.020436 -2.057505
v 25.184319 0.007914 -6.172534
v 25.184319 0.000171 6.172554
v 27.687899 0.111020 -8.230048
v 27.687899 0.016111 0.000010
v 27.687899 -0.057376 -4.115019
v 27.687899 0.078960 8.230067
v 27.687899 -0.005644 4.169594
v 27.687899 0.003426 1.769160
v 27.687899 -0.079481 -2.057505
v 27.687899 -0.098230 -6.172534
v 27.687899 -0.033512 6.172554
v 30.183134 0.089249 8.230067
v 30.183134 0.080359 -8.230048
v 30.191481 -0.052660 0.000010
v 30.191481 -0.041966 -4.115018
v 30.191481 -0.059964 4.169594
v 30.191481 0.026029 1.769160
v 30.191481 -0.056638 -2.057505
v 30.231703 0.032473 -6.238647
v 30.231703 -0.021565 6.238665
v 21.428946 -0.013271 2.618665
v 31.443272 -0.144746 2.618665
v 26.436108 -0.022002 2.618665
v 28.939690 -0.043598 2.618665
v 23.932528 0.007254 2.618665
v 22.680737 0.027185 2.618665
v 25.184319 0.063570 2.618665
v 27.687899 -0.030604 2.618665
v 30.191481 0.000564 2.618664
v 21.429493 -0.068273 -7.764824
v 21.711987 -0.056997 -8.229148
v 21.433338 -0.070808 -8.110334
v 21.443008 -0.067479 -8.148704
v 21.458389 -0.065905 -8.181653
v 21.550468 -0.075651 -8.191019
v 21.571516 -0.079450 -8.205349
v 21.674049 -0.099803 8.229608
v 21.407755 -0.049963 7.827203
v 21.481188 -0.081169 8.251557
v 21.471886 -0.081752 8.245226
v 21.444008 -0.083620 8.205312
v 21.436138 -0.086491 8.188457
v 21.431192 -0.089570 8.168830
v 31.442989 0.022983 7.827203
v 31.198168 0.027780 8.229608
v 31.425549 0.013870 8.133061
v 31.436077 0.010472 8.188457
v 31.438478 0.007834 8.212076
v 31.402601 0.005882 8.200277
v 31.392988 0.005238 8.206821
v 31.198168 0.029081 -8.248761
v 31.442989 0.031891 -7.827184
v 31.406013 0.017185 -8.226355
v 31.425144 0.019435 -8.225414
v 31.435398 0.023105 -8.212481
v 31.436077 0.027997 -8.188437
v 31.451809 0.033906 -8.152034
v 21.428946 0.005420 -1.543126
v 21.428946 0.050992 -1.028747
v 21.428946 0.092785 -0.514369
v 31.443272 -0.124077 1.421492
v 31.443272 -0.114365 0.992722
v 31.443272 -0.102562 0.509883
v 22.367790 0.040263 0.000010
v 22.054842 0.061727 0.000010
v 21.741894 0.088259 0.000010
v 25.497265 0.031583 8.230067
v 25.810213 0.025342 8.230067
v 26.123161 0.025053 8.230067
v 27.374950 0.100664 -8.230048
v 27.062004 0.087295 -8.230048
v 26.749056 0.076838 -8.230048
v 27.374950 -0.012026 0.000010
v 27.062004 -0.038027 0.000010
v 26.749056 -0.055661 0.000010
v 26.436108 -0.029921 1.421492
v 26.436108 -0.040587 0.992722
v 26.436108 -0.050999 0.509883
v 26.436108 -0.051692 -6.686912
v 26.436108 -0.016510 -7.201290
v 26.436108 0.027218 -7.715669
v 31.443272 -0.046928 -2.571883
v 31.443272 -0.058878 -3.086262
v 31.443272 -0.070295 -3.600640
v 21.428946 -0.032211 -5.646842
v 21.428946 -0.027402 -5.140424
v 21.428946 -0.026272 -4.628979
v 26.436108 -0.050924 -2.571883
v 26.436108 -0.049174 -3.086262
v 26.436108 -0.050482 -3.600640
v 22.367790 0.050866 -4.115019
v 22.054842 0.032479 -4.115018
v 21.741894 0.003729 -4.115019
v 27.374950 -0.057095 -4.115018
v 27.062004 -0.056946 -4.115019
v 26.749056 -0.056708 -4.115019
v 28.000847 0.065726 8.230067
v 28.313795 0.044608 8.230067
v 28.626741 0.025493 8.230067
v 29.875011 0.087499 -8.230048
v 29.564541 0.091603 -8.230048
v 29.252506 0.094659 -8.230048
v 29.878532 -0.024311 0.000010
v 29.565584 0.008385 0.000010
v 29.252636 0.038540 0.000010
v 29.878532 -0.042344 -4.115019
v 29.565584 -0.045816 -4.115018
v 29.252636 -0.050589 -4.115019
v 28.939690 -0.027556 -2.571883
v 28.939690 -0.040521 -3.086262
v 28.939690 -0.049431 -3.600640
v 28.939690 0.017773 1.421492
v 28.939690 0.038594 0.992722
v 28.939690 0.053954 0.509883
v 28.939690 -0.006340 -6.686912
v 28.939690 0.024853 -7.201290
v 28.939690 0.060615 -7.715669
v 24.871370 0.096309 -8.230048
v 24.558422 0.065981 -8.230048
v 24.245476 0.033956 -8.230048
v 24.871370 0.053272 0.000010
v 24.558422 0.055745 0.000010
v 24.245476 0.050837 0.000010
v 22.997204 -0.091159 8.230067
v 23.307674 -0.043107 8.230067
v 23.619709 0.006233 8.230067
v 24.871370 -0.060770 -4.115018
v 24.558422 -0.062962 -4.115019
v 24.245476 -0.059371 -4.115019
v 23.932528 0.002574 -2.571883
v 23.932528 -0.013417 -3.086262
v 23.932528 -0.030102 -3.600640
v 23.932528 -0.055762 -6.686912
v 23.932528 -0.037368 -7.201290
v 23.932528 -0.014624 -7.715669
v 23.932528 0.047378 1.421492
v 23.932528 0.047087 0.992722
v 23.932528 0.045022 0.509883
v 21.428946 -0.014477 2.916892
v 21.428946 -0.012233 3.285993
v 21.428946 -0.003887 3.709162
v 31.443272 -0.000708 5.653240
v 31.443272 -0.030259 5.148901
v 31.443272 -0.062329 4.652218
v 26.436108 -0.070674 5.659027
v 26.436108 -0.066713 5.150615
v 26.436108 -0.058006 4.652433
v 28.939690 0.025169 5.659027
v 28.939690 0.021980 5.150615
v 28.939690 0.015788 4.652433
v 23.932528 0.052794 5.659027
v 23.932528 0.025642 5.150615
v 23.932528 -0.001309 4.652433
v 22.367790 -0.005553 4.169594
v 22.054842 -0.000075 4.169594
v 21.741894 0.006338 4.169594
v 27.374950 -0.016895 4.169594
v 27.062004 -0.028569 4.169594
v 26.749056 -0.039351 4.169594
v 24.871370 -0.043091 4.169594
v 24.558422 -0.034968 4.169594
v 24.245476 -0.026910 4.169594
v 29.878532 -0.043006 4.169594
v 29.565584 -0.024162 4.169594
v 29.252636 -0.006766 4.169594
v 31.443272 -0.145753 2.397155
v 31.443272 -0.143543 2.214371
v 31.443272 -0.138782 2.021357
v 26.436108 0.055748 2.397155
v 26.436108 -0.016360 2.214371
v 26.436108 -0.017072 2.021357
v 28.939690 -0.043486 2.397155
v 28.939690 -0.036031 2.214371
v 28.939690 -0.022439 2.021357
v 23.932528 0.094703 2.397155
v 23.932528 0.031584 2.214371
v 23.932528 0.039856 2.021357
v 21.428946 0.115152 0.509883
v 21.428946 0.092832 0.992722
v 21.428946 0.060949 1.421492
v 22.367790 0.082583 1.769161
v 22.054842 0.070408 1.769160
v 21.741894 0.051843 1.769160
v 27.374950 -0.005717 1.769160
v 27.062004 -0.018010 1.769161
v 26.749056 -0.025805 1.769160
v 24.871370 0.079547 1.769160
v 24.558422 0.067978 1.769161
v 24.245476 0.053444 1.769160
v 29.878532 0.029379 1.769160
v 29.565584 0.020210 1.769161
v 29.252636 0.006464 1.769160
v 21.428946 -0.039110 -3.600640
v 21.428946 -0.047056 -3.086262
v 21.428946 -0.046639 -2.571883
v 31.443272 -0.071629 -0.514369
v 31.399986 -0.055712 -1.028747
v 31.443272 -0.044129 -1.543126
v 26.436108 -0.061878 -0.514369
v 26.436108 -0.061290 -1.028747
v 26.436108 -0.058338 -1.543126
v 28.939690 0.051512 -0.514369
v 28.939690 0.034082 -1.028747
v 28.939690 0.011937 -1.543126
v 23.932528 0.038247 -0.514369
v 23.932528 0.033355 -1.028747
v 23.932528 0.026322 -1.543126
v 22.367790 -0.006177 -2.057505
v 22.054842 -0.013565 -2.057505
v 21.741894 -0.021798 -2.057504
v 27.374950 -0.086126 -2.057504
v 27.062004 -0.082807 -2.057504
v 26.749056 -0.071559 -2.057504
v 29.878532 -0.043460 -2.057504
v 29.565584 -0.026891 -2.057504
v 29.252636 -0.013525 -2.057504
v 24.871370 0.026113 -2.057504
v 24.558422 0.025599 -2.057504
v 24.245476 0.021452 -2.057504
v 31.443272 -0.068906 -4.629183
v 31.443272 -0.054097 -5.142062
v 31.443272 -0.034750 -5.652368
v 26.436108 -0.066345 -4.629397
v 26.436108 -0.076520 -5.143775
v 26.436108 -0.080987 -5.658154
v 28.939690 -0.057061 -4.629397
v 28.939690 -0.054801 -5.143775
v 28.939690 -0.046529 -5.658154
v 23.932528 -0.058994 -4.629397
v 23.932528 -0.068029 -5.143775
v 23.932528 -0.071417 -5.658154
v 22.298092 -0.000416 -6.286531
v 21.972418 -0.010074 -6.303539
v 21.687954 -0.023893 -6.247224
v 27.374950 -0.103425 -6.172533
v 27.062004 -0.101761 -6.172533
v 26.749056 -0.092288 -6.172533
v 24.871370 -0.005484 -6.172533
v 24.558422 -0.030307 -6.172533
v 24.245476 -0.054906 -6.172533
v 29.895500 0.026321 -6.200424
v 29.570612 0.011608 -6.180798
v 29.253265 -0.008461 -6.173566
v 21.428946 0.039679 4.652218
v 21.428946 0.067875 5.148901
v 21.428946 0.088128 5.653240
v 26.436108 0.000378 7.715689
v 26.436108 -0.028628 7.201309
v 26.436108 -0.051882 6.686932
v 28.939690 0.021170 7.715689
v 28.939690 0.023694 7.201309
v 28.939690 0.025464 6.686932
v 23.932528 0.061022 7.715689
v 23.932528 0.073705 7.201309
v 23.932528 0.078779 6.686932
v 29.895500 -0.010648 6.200445
v 29.570612 0.005066 6.180817
v 29.253265 0.019381 6.173586
v 24.871370 0.024201 6.172553
v 24.558422 0.046404 6.172553
v 24.245476 0.063557 6.172553
v 27.374950 -0.050216 6.172553
v 27.062004 -0.061961 6.172553
v 26.749056 -0.067731 6.172553
v 22.295513 0.042645 6.291064
v 21.969368 0.050129 6.310756
v 21.685959 0.067618 6.257347
v 23.619835 0.002078 -8.230048
v 23.308672 0.004471 -8.230048
v 23.000566 0.009660 -8.230048
v 23.619579 0.032259 0.000010
v 23.306631 0.024657 0.000010
v 22.993685 0.021807 0.000010
v 23.619579 -0.020339 -4.115018
v 23.306631 0.010556 -4.115019
v 22.993685 0.038141 -4.115019
v 23.619579 -0.016275 4.169594
v 23.306631 -0.013930 4.169594
v 22.993685 -0.012115 4.169594
v 23.619579 0.049620 1.769160
v 23.306631 0.062484 1.769161
v 22.993685 0.076688 1.769160
v 23.619579 0.011920 -2.057504
v 23.306631 0.008298 -2.057504
v 22.993685 0.004570 -2.057504
v 23.618973 -0.060495 -6.173529
v 23.301783 -0.040168 -6.180502
v 22.977322 -0.016980 -6.199430
v 23.618950 0.071126 6.173586
v 23.301605 0.062925 6.180818
v 22.976715 0.052441 6.200445
v 22.629148 -0.073314 7.807626
v 22.596653 -0.023849 7.341799
v 22.608635 0.018596 6.805728
v 22.680130 0.047982 -4.630394
v 22.675888 0.033159 -5.151745
v 22.664373 0.014867 -5.685050
v 22.680737 0.010287 -0.514369
v 22.680737 -0.000638 -1.028747
v 22.680737 -0.004658 -1.543126
v 22.680737 0.122268 2.397155
v 22.680737 0.067077 2.214371
v 22.680737 0.080517 2.021357
v 22.663769 0.045723 5.686919
v 22.675709 0.030042 5.158879
v 22.680107 0.008003 4.653466
v 22.680737 0.078912 1.421492
v 22.680737 0.064431 0.992722
v 22.680737 0.045628 0.509883
v 22.611380 -0.010407 -6.801469
v 22.601032 -0.010926 -7.336766
v 22.635296 -0.002913 -7.804326
v 22.680737 0.013544 -2.571883
v 22.680737 0.031216 -3.086262
v 22.680737 0.046693 -3.600640
v 24.245476 0.062615 8.230067
v 24.558422 0.063886 8.230067
v 24.871370 0.054906 8.230067
v 26.123161 0.085853 -8.230048
v 25.810213 0.102104 -8.230048
v 25.497265 0.114828 -8.230048
v 26.123161 -0.043406 0.000010
v 25.810213 -0.016025 0.000010
v 25.497265 0.014704 0.000010
v 26.123161 -0.055237 -4.115018
v 25.810213 -0.054551 -4.115019
v 25.497265 -0.054869 -4.115019
v 26.123161 -0.053236 4.169594
v 25.810213 -0.055205 4.169594
v 25.497265 -0.054015 4.169594
v 26.123161 -0.000305 1.769160
v 25.810213 0.030342 1.769161
v 25.497265 0.060188 1.769160
v 26.123161 -0.033613 -2.057504
v 25.810213 -0.012101 -2.057504
v 25.497265 0.006965 -2.057504
v 26.123161 -0.047637 -6.172533
v 25.810213 -0.019705 -6.172534
v 25.497265 0.001544 -6.172533
v 26.123161 -0.057720 6.172553
v 25.810213 -0.042574 6.172554
v 25.497265 -0.022726 6.172553
v 25.184319 0.035328 7.715689
v 25.184319 0.026980 7.201309
v 25.184319 0.015743 6.686932
v 25.184319 -0.054735 -4.629397
v 25.184319 -0.040498 -5.143775
v 25.184319 -0.018273 -5.658154
v 25.184319 0.037259 -0.514369
v 25.184319 0.035729 -1.028747
v 25.184319 0.031454 -1.543126
v 25.184319 0.155172 2.397155
v 25.184319 0.087755 2.214371
v 25.184319 0.086167 2.021357
v 25.184319 -0.019860 5.659027
v 25.184319 -0.039193 5.150615
v 25.184319 -0.051348 4.652433
v 25.184319 0.000461 -2.571883
v 25.184319 -0.023560 -3.086262
v 25.184319 -0.044932 -3.600640
v 25.184319 0.034711 -6.686912
v 25.184319 0.061460 -7.201290
v 25.184319 0.088177 -7.715669
v 25.184319 0.068586 1.421492
v 25.184319 0.057272 0.992722
v 25.184319 0.047068 0.509883
v 28.626741 0.104769 -8.230048
v 28.313795 0.110845 -8.230048
v 28.000847 0.113918 -8.230048
v 28.626741 0.065315 0.000010
v 28.313793 0.058103 0.000010
v 28.000847 0.040683 0.000010
v 28.626741 -0.057274 -4.115018
v 28.313793 -0.058053 -4.115019
v 28.000847 -0.057867 -4.115019
v 26.749056 0.047133 8.230067
v 27.062004 0.064343 8.141028
v 27.374950 0.077186 8.230067
v 28.626741 0.011164 4.169594
v 28.313793 0.009957 4.169594
v 28.000847 0.003823 4.169594
v 28.626741 -0.005228 1.769160
v 28.313793 -0.000758 1.769161
v 28.000847 0.003969 1.769160
v 28.626741 -0.020496 -2.057504
v 28.313793 -0.040329 -2.057504
v 28.000847 -0.062357 -2.057504
v 28.626741 -0.052183 -6.172533
v 28.313795 -0.071417 -6.172534
v 28.000847 -0.087171 -6.172533
v 28.626741 0.020803 6.172553
v 28.313793 0.006145 6.172554
v 28.000847 -0.013437 6.172553
v 27.687899 0.040896 7.715689
v 27.687899 0.006810 7.201309
v 27.687899 -0.019319 6.686932
v 27.687899 -0.069553 -4.629397
v 27.687899 -0.088007 -5.143775
v 27.687899 -0.101360 -5.658154
v 27.687899 -0.006773 -0.514369
v 27.687899 -0.036000 -1.028747
v 27.687899 -0.063070 -1.543126
v 27.687899 0.013906 2.397155
v 27.687899 -0.021586 2.214371
v 27.687899 -0.009983 2.021357
v 27.687899 -0.033578 5.659027
v 27.687899 -0.024465 5.150615
v 27.687899 -0.012908 4.652433
v 27.687899 -0.070297 -6.686912
v 27.687899 -0.021467 -7.201290
v 27.687899 0.041294 -7.715669
v 27.687899 0.016213 1.421492
v 27.687899 0.024999 0.992722
v 27.687899 0.026170 0.509883
v 27.687899 -0.079683 -2.571883
v 27.687899 -0.069931 -3.086262
v 27.687899 -0.059427 -3.600640
v 29.252506 0.029436 8.230067
v 29.564541 0.051946 8.230067
v 29.875011 0.075362 8.230067
v 31.130322 -0.086365 0.000010
v 30.817375 -0.081686 0.000010
v 30.504427 -0.071387 0.000010
v 31.130322 -0.063762 -4.115018
v 30.817375 -0.053646 -4.115019
v 30.504427 -0.045973 -4.115019
v 31.130322 -0.087050 4.169594
v 30.817375 -0.081067 4.169594
v 30.504427 -0.072473 4.169594
v 31.130322 -0.079803 1.769160
v 30.817375 -0.032589 1.769160
v 30.504427 0.004394 1.769161
v 31.130322 -0.050794 -2.057505
v 30.817375 -0.058567 -2.057504
v 30.504427 -0.061346 -2.057505
v 31.186256 0.001490 -6.257327
v 30.902849 0.016493 -6.310736
v 30.576702 0.028137 -6.291044
v 31.186258 0.001322 6.257347
v 30.902849 -0.014503 6.310756
v 30.576702 -0.022774 6.291063
v 30.243069 0.057359 7.807627
v 30.275562 0.027407 7.341800
v 30.263580 0.001000 6.805728
v 30.192108 -0.026785 -4.630431
v 30.196508 -0.007195 -5.152040
v 30.208448 0.013619 -5.686045
v 30.191479 -0.061218 -0.514369
v 30.191481 -0.062489 -1.028747
v 30.191479 -0.059840 -1.543126
v 30.191479 0.016554 2.397155
v 30.191481 0.027662 2.214371
v 30.191479 0.031587 2.021357
v 30.208448 -0.040102 5.686919
v 30.196508 -0.053541 5.158879
v 30.192108 -0.060591 4.653466
v 30.191479 -0.055254 -2.571883
v 30.191481 -0.054082 -3.086262
v 30.191479 -0.050519 -3.600641
v 30.191479 0.010008 1.421492
v 30.191481 -0.012186 0.992721
v 30.191479 -0.034946 0.509883
v 30.263582 0.047096 -6.805708
v 30.275562 0.058869 -7.341780
v 30.243069 0.069753 -7.807607
v 21.428946 0.008599 2.021357
v 21.428946 -0.003987 2.214371
v 21.428946 0.063703 2.397155
v 31.443272 -0.114290 3.709162
v 31.443272 -0.129983 3.285993
v 31.443272 -0.139803 2.916892
v 26.436108 -0.039244 3.709162
v 26.436108 -0.032244 3.285992
v 26.436108 -0.026604 2.916892
v 28.939690 -0.007922 3.709162
v 28.939690 -0.022927 3.285992
v 28.939690 -0.035906 2.916892
v 23.932528 -0.025788 3.709162
v 23.932528 -0.020043 3.285992
v 23.932528 -0.007550 2.916892
v 22.680737 -0.014465 3.709162
v 22.680737 -0.007616 3.285992
v 22.680737 0.007430 2.916892
v 25.184319 -0.030693 3.709162
v 25.184319 0.000195 3.285992
v 25.184319 0.034416 2.916892
v 27.687899 -0.007475 3.709162
v 27.687899 -0.015481 3.285992
v 27.687899 -0.024808 2.916892
v 30.191479 -0.051064 3.709162
v 30.191479 -0.036085 3.285992
v 30.191479 -0.017913 2.916892
v 29.878532 0.000060 2.618665
v 29.565584 -0.012996 2.618665
v 29.252636 -0.030313 2.618665
v 27.374950 -0.031121 2.618665
v 27.062004 -0.033376 2.618665
v 26.749056 -0.032095 2.618665
v 24.871370 0.058283 2.618665
v 24.558422 0.041291 2.618665
v 24.245476 0.021359 2.618665
v 22.367790 0.025217 2.618665
v 22.054842 0.016267 2.618664
v 21.741894 0.002662 2.618665
v 31.130322 -0.095391 2.618665
v 30.817375 -0.051247 2.618665
v 30.504427 -0.017526 2.618665
v 26.123161 -0.000141 2.618665
v 25.810213 0.027169 2.618665
v 25.497265 0.051285 2.618665
v 28.626741 -0.046748 2.618665
v 28.313793 -0.042409 2.618665
v 28.000847 -0.035417 2.618665
v 23.619579 0.005286 2.618665
v 23.306631 0.011935 2.618665
v 22.993685 0.021227 2.618665
v 21.429180 -0.062746 -7.464154
v 21.429016 -0.055530 -7.078848
v 21.428955 -0.047419 -6.630546
v 22.402082 -0.000659 -8.230034
v 22.129335 -0.018734 -8.229934
v 21.894917 -0.039149 -8.229663
v 21.659943 -0.076032 -8.210250
v 21.603912 -0.080110 -8.209085
v 21.579731 -0.080621 -8.207466
v 21.566055 -0.078199 -8.202599
v 21.560713 -0.077151 -8.199292
v 21.555511 -0.076307 -8.195419
v 21.473068 -0.066314 -8.201412
v 21.467920 -0.066002 -8.195350
v 21.463024 -0.065873 -8.188746
v 21.454073 -0.066105 -8.174035
v 21.450056 -0.066439 -8.165988
v 21.446367 -0.066903 -8.157528
v 21.440039 -0.068169 -8.139509
v 21.437426 -0.068954 -8.130028
v 21.435194 -0.069836 -8.120287
v 21.419085 -0.070787 -8.085955
v 21.418282 -0.071038 -8.053514
v 21.430031 -0.071136 -7.949132
v 21.428951 0.069527 6.655481
v 21.428982 0.031861 7.117739
v 21.429066 -0.011367 7.516365
v 21.408031 -0.073525 8.015704
v 21.429903 -0.085625 8.117681
v 21.430462 -0.089628 8.158552
v 21.432142 -0.088813 8.173922
v 21.433283 -0.088043 8.178905
v 21.434620 -0.087266 8.183754
v 21.437859 -0.085730 8.192971
v 21.439745 -0.084991 8.197299
v 21.441799 -0.084285 8.201415
v 21.446377 -0.083014 8.208941
v 21.448883 -0.082467 8.212318
v 21.469748 -0.082068 8.243025
v 21.474115 -0.081507 8.247170
v 21.476414 -0.081326 8.248881
v 21.478775 -0.081214 8.250342
v 21.486057 -0.081428 8.252494
v 21.505426 -0.083111 8.253209
v 21.553753 -0.087574 8.253724
v 21.863163 -0.116519 8.229871
v 22.105686 -0.131742 8.230009
v 22.386923 -0.137517 8.230060
v 30.485292 0.086097 8.230060
v 30.766531 0.070108 8.230009
v 31.009054 0.048412 8.229871
v 31.312851 0.014869 8.215349
v 31.374893 0.008032 8.228494
v 31.387955 0.005507 8.207789
v 31.395481 0.005317 8.205566
v 31.397923 0.005451 8.204056
v 31.400297 0.005640 8.202288
v 31.433037 0.006775 8.219404
v 31.434944 0.007087 8.217155
v 31.436760 0.007441 8.214707
v 31.440079 0.008268 8.209251
v 31.441570 0.008737 8.206267
v 31.442936 0.009238 8.203131
v 31.437597 0.011243 8.183754
v 31.438932 0.012046 8.178904
v 31.424801 0.013196 8.137074
v 31.426125 0.014631 8.124959
v 31.426565 0.015831 8.092741
v 31.458246 0.018833 8.015704
v 31.443150 0.028761 7.516365
v 31.443235 0.032844 7.117739
v 31.443266 0.031556 6.655481
v 31.443266 0.001949 -6.655462
v 31.443233 0.015306 -7.117719
v 31.443150 0.025213 -7.516345
v 31.455898 0.035136 -8.015684
v 31.453098 0.036067 -8.100884
v 31.452539 0.035380 -8.141756
v 31.450859 0.032348 -8.157125
v 31.449718 0.030841 -8.162107
v 31.448381 0.029390 -8.166957
v 31.434359 0.026673 -8.192951
v 31.432472 0.025414 -8.197279
v 31.430416 0.024224 -8.201396
v 31.447144 0.021967 -8.226057
v 31.445171 0.021211 -8.228716
v 31.427891 0.020231 -8.222590
v 31.422283 0.018736 -8.227912
v 31.419333 0.018124 -8.230109
v 31.416302 0.017607 -8.231985
v 31.357819 0.017071 -8.210779
v 31.332951 0.018250 -8.211698
v 31.270908 0.021923 -8.212358
v 31.009054 0.040921 -8.229851
v 30.766531 0.054964 -8.180524
v 30.485292 0.068936 -8.230041
v 30.504427 -0.012039 1.421492
v 30.817375 -0.043921 1.421492
v 31.130323 -0.082360 1.421492
v 30.504427 -0.034072 0.992722
v 30.817375 -0.059094 0.992721
v 31.130323 -0.086207 0.992722
v 30.504427 -0.055818 0.509883
v 30.817375 -0.073289 0.509883
v 31.130322 -0.088492 0.509883
v 25.497265 0.047767 1.421492
v 25.810213 0.017656 1.421492
v 26.123161 -0.011616 1.421492
v 25.497265 0.034241 0.992722
v 25.810213 0.003659 0.992721
v 26.123161 -0.024581 0.992722
v 25.497265 0.022318 0.509883
v 25.810213 -0.008588 0.509883
v 26.123161 -0.036183 0.509883
v 25.497265 0.028065 -6.686912
v 25.810213 0.005310 -6.686912
v 26.123161 -0.024345 -6.686912
v 25.497265 0.056128 -7.201290
v 25.810213 0.034986 -7.201290
v 26.123161 0.007588 -7.201290
v 25.497265 0.085221 -7.715669
v 25.810213 0.067768 -7.715669
v 26.123161 0.045280 -7.715669
v 25.497265 -0.007841 -2.571884
v 25.810213 -0.020339 -2.571883
v 26.123161 -0.035283 -2.571883
v 25.497265 -0.026948 -3.086262
v 25.810213 -0.032828 -3.086262
v 26.123161 -0.040478 -3.086261
v 25.497265 -0.044557 -3.600641
v 25.810213 -0.045567 -3.600640
v 26.123161 -0.047646 -3.600640
v 30.504427 -0.058667 -2.571883
v 30.817375 -0.057371 -2.571883
v 31.130323 -0.052934 -2.571883
v 30.504427 -0.057357 -3.086262
v 30.817375 -0.058853 -3.086262
v 31.130323 -0.059162 -3.086262
v 30.504427 -0.054199 -3.600640
v 30.817375 -0.058962 -3.600640
v 31.130322 -0.064448 -3.600640
v 28.000847 -0.068341 -2.571884
v 28.313793 -0.052233 -2.571883
v 28.626741 -0.036819 -2.571883
v 28.000847 -0.064243 -3.086262
v 28.313793 -0.055356 -3.086262
v 28.626741 -0.046403 -3.086261
v 28.000847 -0.058080 -3.600641
v 28.313793 -0.055396 -3.600640
v 28.626741 -0.052228 -3.600640
v 28.000847 0.022808 1.421492
v 28.313793 0.022632 1.421492
v 28.626741 0.019636 1.421492
v 28.000847 0.038538 0.992722
v 28.313793 0.044113 0.992721
v 28.626741 0.043530 0.992722
v 28.000847 0.046161 0.509883
v 28.313793 0.057874 0.509883
v 28.626741 0.060680 0.509883
v 28.000847 -0.058853 -6.686912
v 28.313793 -0.043718 -6.686912
v 28.626741 -0.025883 -6.686912
v 28.000847 -0.011717 -7.201290
v 28.313795 -0.000705 -7.201290
v 28.626741 0.011506 -7.201290
v 28.000847 0.047964 -7.715669
v 28.313795 0.052518 -7.715669
v 28.626741 0.056289 -7.715669
v 22.993685 0.014912 -2.571884
v 23.306631 0.011543 -2.571883
v 23.619579 0.006431 -2.571883
v 22.993685 0.027143 -3.086262
v 23.306633 0.014888 -3.086262
v 23.619579 -0.000360 -3.086261
v 22.993685 0.036479 -3.600641
v 23.306631 0.015503 -3.600640
v 23.619579 -0.009077 -3.600640
v 22.964424 -0.021134 -6.735241
v 23.297962 -0.039076 -6.701231
v 23.618496 -0.054023 -6.688702
v 22.960058 -0.016689 -7.258444
v 23.296669 -0.029554 -7.218225
v 23.618334 -0.039715 -7.203407
v 22.974514 -0.005339 -7.753071
v 23.300951 -0.014062 -7.726752
v 23.618870 -0.020139 -7.717054
v 22.993685 0.070340 1.421492
v 23.306631 0.059018 1.421492
v 23.619579 0.049760 1.421492
v 22.993685 0.056293 0.992722
v 23.306633 0.049377 0.992721
v 23.619579 0.045652 0.992722
v 22.993685 0.038723 0.509883
v 23.306631 0.036832 0.509883
v 23.619579 0.039188 0.509883
v 22.986525 0.048434 5.670793
v 23.304510 0.053091 5.662514
v 23.619314 0.055831 5.659462
v 22.991564 0.029743 5.154102
v 23.306004 0.031023 5.151648
v 23.619501 0.030712 5.150745
v 22.993420 0.006262 4.652868
v 23.306553 0.005692 4.652562
v 23.619570 0.003950 4.652448
v 28.000847 -0.012723 5.659027
v 28.313793 0.007445 5.659026
v 28.626741 0.021789 5.659027
v 28.000847 -0.005891 5.150615
v 28.313793 0.011131 5.150614
v 28.626741 0.021967 5.150615
v 28.000847 0.001482 4.652433
v 28.313793 0.013277 4.652432
v 28.626741 0.019153 4.652433
v 25.497265 -0.039070 5.659027
v 25.810213 -0.054536 5.659026
v 26.123161 -0.065367 5.659027
v 25.497265 -0.052775 5.150615
v 25.810213 -0.061953 5.150614
v 26.123161 -0.066632 5.150615
v 25.497265 -0.059278 4.652433
v 25.810213 -0.062839 4.652432
v 26.123161 -0.062319 4.652433
v 30.534920 -0.042974 5.709023
v 30.853436 -0.035241 5.717332
v 31.153919 -0.019916 5.694799
v 30.513462 -0.059388 5.165430
v 30.828058 -0.055323 5.167890
v 31.137314 -0.044494 5.161214
v 30.505558 -0.069920 4.654284
v 30.818710 -0.071636 4.654592
v 31.131197 -0.068258 4.653758
v 22.993685 0.115463 2.397155
v 23.306631 0.103677 2.397155
v 23.619579 0.094295 2.397155
v 22.993685 0.059540 2.214371
v 23.306633 0.045651 2.214371
v 23.619579 0.033601 2.214371
v 22.993685 0.072406 2.021357
v 23.306631 0.057484 2.021357
v 23.619579 0.043914 2.021357
v 28.000847 -0.035107 2.397155
v 28.313793 -0.043349 2.397155
v 28.626741 -0.048086 2.397155
v 28.000847 -0.027161 2.214371
v 28.313793 -0.035672 2.214371
v 28.626741 -0.040752 2.214371
v 28.000847 -0.013497 2.021357
v 28.313793 -0.020952 2.021357
v 28.626741 -0.026036 2.021357
v 25.497265 0.140619 2.397155
v 25.810213 0.112614 2.397155
v 26.123161 0.081032 2.397155
v 25.497265 0.071714 2.214371
v 25.810213 0.042086 2.214371
v 26.123161 0.009264 2.214371
v 25.497265 0.068901 2.021357
v 25.810213 0.038974 2.021357
v 26.123161 0.006833 2.021357
v 30.504427 -0.002465 2.397155
v 30.817375 -0.039962 2.397155
v 31.130323 -0.089778 2.397155
v 30.504427 0.007666 2.214371
v 30.817375 -0.031877 2.214371
v 31.130323 -0.084452 2.214371
v 30.504427 0.010682 2.021357
v 30.817375 -0.028812 2.021357
v 31.130322 -0.080699 2.021357
v 22.993685 0.009102 -0.514369
v 23.306631 0.015548 -0.514369
v 23.619579 0.026353 -0.514369
v 22.993685 0.001688 -1.028747
v 23.306633 0.009903 -1.028747
v 23.619579 0.021346 -1.028747
v 22.993685 0.000024 -1.543126
v 23.306631 0.007545 -1.543126
v 23.619579 0.016710 -1.543126
v 28.000847 0.019448 -0.514369
v 28.313793 0.041369 -0.514369
v 28.626741 0.053790 -0.514369
v 28.000847 -0.010836 -1.028747
v 28.313793 0.013748 -1.028747
v 28.626741 0.030979 -1.028747
v 28.000847 -0.041120 -1.543126
v 28.313793 -0.016303 -1.543126
v 28.626741 0.003882 -1.543126
v 30.504427 -0.076567 -0.514369
v 30.817375 -0.080991 -0.514369
v 31.130323 -0.078131 -0.514369
v 30.504427 -0.073845 -1.028747
v 30.817375 -0.074015 -1.028747
v 31.130323 -0.066727 -1.028747
v 30.504427 -0.067383 -1.543126
v 30.817375 -0.065094 -1.543126
v 31.130322 -0.056250 -1.543126
v 25.497265 0.012943 -0.514369
v 25.810213 -0.016773 -0.514369
v 26.123161 -0.044256 -0.514369
v 25.497265 0.013918 -1.028747
v 25.810213 -0.013680 -1.028747
v 26.123161 -0.040828 -1.028747
v 25.497265 0.013352 -1.543126
v 25.810213 -0.010779 -1.543126
v 26.123161 -0.036241 -1.543126
v 22.993429 0.029074 -4.629817
v 23.306557 -0.001516 -4.629522
v 23.619570 -0.034101 -4.629413
v 22.991638 0.013139 -5.147139
v 23.306026 -0.017189 -5.144772
v 23.619503 -0.047640 -5.143901
v 22.986780 -0.004076 -5.669502
v 23.304586 -0.031671 -5.661517
v 23.619324 -0.057568 -5.658575
v 28.000847 -0.068655 -4.629397
v 28.313793 -0.066879 -4.629397
v 28.626741 -0.063317 -4.629397
v 28.000847 -0.083644 -5.143775
v 28.313793 -0.076837 -5.143776
v 28.626741 -0.067314 -5.143776
v 28.000847 -0.093071 -5.658154
v 28.313793 -0.080745 -5.658154
v 28.626741 -0.065018 -5.658154
v 25.497265 -0.053511 -4.629397
v 25.810213 -0.056510 -4.629397
v 26.123161 -0.061525 -4.629397
v 25.497265 -0.041816 -5.143775
v 25.810213 -0.051099 -5.143776
v 26.123161 -0.064086 -5.143776
v 25.497265 -0.022545 -5.658154
v 25.810213 -0.038702 -5.658154
v 26.123161 -0.060323 -5.658154
v 30.505556 -0.030616 -4.631249
v 30.818710 -0.040203 -4.631557
v 31.131197 -0.053603 -4.630722
v 30.513462 -0.010677 -5.158590
v 30.828060 -0.021333 -5.161051
v 31.137314 -0.036583 -5.154375
v 30.534920 0.010142 -5.708151
v 30.853434 -0.001085 -5.716459
v 31.153919 -0.016839 -5.693927
v 31.183315 0.033579 -7.802774
v 30.638037 0.040712 -6.906521
v 30.987928 0.028275 -6.961198
v 31.239153 0.015140 -6.842037
v 31.310518 0.024355 -7.376947
v 31.380665 0.030418 -7.738314
v 31.348351 0.033879 -7.938765
v 31.382772 0.033905 -8.076731
v 31.347054 0.032219 -8.041552
v 31.378937 0.029575 -8.101251
v 31.342909 0.028787 -8.055462
v 31.372847 0.025782 -8.114295
v 31.337053 0.026021 -8.065089
v 31.364910 0.022938 -8.124306
v 31.328590 0.024190 -8.071899
v 31.349993 0.021564 -8.130611
v 31.266054 0.026703 -8.074033
v 31.144100 0.033403 -8.127146
v 30.924244 0.045823 -8.011847
v 30.598804 0.059473 -7.894550
v 30.671303 0.050006 -7.481622
v 25.497265 0.019208 7.715689
v 25.810213 0.006765 7.715689
v 26.123161 -0.000133 7.715689
v 25.497265 0.006352 7.201311
v 25.810213 -0.011172 7.201309
v 26.123161 -0.023522 7.201311
v 25.497265 -0.007466 6.686933
v 25.810213 -0.027832 6.686932
v 26.123161 -0.043317 6.686933
v 28.000847 0.038628 7.715689
v 28.313795 0.031048 7.715689
v 28.626741 0.023460 7.715689
v 28.000847 0.014453 7.201311
v 28.313795 0.019066 7.201309
v 28.626741 0.021772 7.201311
v 28.000847 -0.003876 6.686933
v 28.313793 0.010239 6.686932
v 28.626741 0.020771 6.686933
v 22.971920 -0.043111 7.754474
v 23.300184 -0.004298 7.727180
v 23.618774 0.033591 7.717125
v 22.958212 0.000546 7.260580
v 23.296122 0.029729 7.218871
v 23.618265 0.056512 7.203506
v 22.963266 0.034834 6.737050
v 23.297619 0.054020 6.701781
v 23.618454 0.070539 6.688788
v 31.183317 0.017716 7.802793
v 30.598804 0.054190 7.894569
v 30.924244 0.043814 8.011868
v 31.144100 0.030168 8.127166
v 31.266054 0.015871 8.074053
v 31.349993 0.008700 8.130630
v 31.328588 0.010050 8.071919
v 31.364910 0.008668 8.124325
v 31.337053 0.010754 8.065108
v 31.372847 0.010081 8.114315
v 31.342911 0.012208 8.055482
v 31.378937 0.012142 8.101271
v 31.347054 0.014162 8.041572
v 31.382772 0.014827 8.076751
v 31.348351 0.017787 7.938784
v 31.380665 0.022518 7.738333
v 31.310516 0.022784 7.376966
v 31.239153 0.015793 6.842057
v 30.987928 0.004084 6.961217
v 30.638037 -0.000451 6.906541
v 30.671303 0.024581 7.481641
v 21.741051 0.005565 -4.630565
v 22.053555 0.032105 -4.631444
v 22.366699 0.048034 -4.631179
v 21.735151 -0.000106 -5.153112
v 22.044538 0.022422 -5.160151
v 22.359077 0.035297 -5.158026
v 21.719139 -0.010766 -5.689665
v 22.020069 0.007129 -5.713423
v 22.338387 0.017524 -5.706248
v 21.741894 0.065347 -0.514369
v 22.054840 0.040635 -0.514369
v 22.367788 0.021373 -0.514369
v 21.741894 0.032740 -1.028747
v 22.054842 0.016626 -1.028747
v 22.367790 0.004787 -1.028747
v 21.741894 0.000378 -1.543126
v 22.054840 -0.003656 -1.543126
v 22.367788 -0.005671 -1.543126
v 21.741894 0.086075 2.397155
v 22.054840 0.105354 2.397155
v 22.367788 0.118449 2.397155
v 21.741894 0.022870 2.214371
v 22.054842 0.046091 2.214371
v 22.367790 0.062038 2.214371
v 21.741894 0.035936 2.021357
v 22.054840 0.059531 2.021357
v 22.367788 0.075638 2.021357
v 21.718296 0.070863 5.694799
v 22.018782 0.056705 5.717332
v 22.337297 0.048209 5.709023
v 21.734901 0.054549 5.161214
v 22.044157 0.042902 5.167891
v 22.358755 0.034446 5.165430
v 21.741020 0.029450 4.653758
v 22.053505 0.020162 4.654592
v 22.366659 0.012733 4.654284
v 21.741894 0.070166 1.421492
v 22.054840 0.077493 1.421492
v 22.367788 0.081039 1.421492
v 21.741894 0.086198 0.992722
v 22.054842 0.079377 0.992721
v 22.367790 0.072184 0.992722
v 21.741894 0.094156 0.509883
v 22.054840 0.074606 0.509883
v 22.367788 0.057948 0.509883
v 21.741894 -0.026760 -2.571883
v 22.054840 -0.008814 -2.571883
v 22.367788 0.005265 -2.571883
v 21.741894 -0.019134 -3.086262
v 22.054842 0.005447 -3.086262
v 22.367790 0.023344 -3.086262
v 21.741894 -0.006458 -3.600640
v 22.054840 0.021714 -3.600641
v 22.367788 0.040924 -3.600640
v 24.245476 0.070959 7.715689
v 24.558422 0.066355 7.715689
v 24.871370 0.052661 7.715689
v 24.245476 0.076060 7.201311
v 24.558422 0.066089 7.201309
v 24.871370 0.048244 7.201311
v 24.245476 0.074674 6.686933
v 24.558422 0.060350 6.686932
v 24.871370 0.039482 6.686933
v 24.245476 -0.069114 -4.629397
v 24.558422 -0.067810 -4.629397
v 24.871370 -0.061032 -4.629397
v 24.245476 -0.071222 -5.143775
v 24.558422 -0.062287 -5.143776
v 24.871370 -0.049339 -5.143776
v 24.245476 -0.066288 -5.658154
v 24.558422 -0.048938 -5.658154
v 24.871370 -0.029540 -5.658154
v 24.245476 0.048053 -0.514369
v 24.558422 0.052964 -0.514369
v 24.871370 0.050270 -0.514369
v 24.245476 0.043298 -1.028747
v 24.558422 0.048663 -1.028747
v 24.871370 0.046967 -1.028747
v 24.245476 0.034966 -1.543126
v 24.558422 0.040366 -1.543126
v 24.871370 0.040026 -1.543126
v 24.245476 0.109370 2.397155
v 24.558422 0.131088 2.397155
v 24.871370 0.149730 2.397155
v 24.245476 0.044667 2.214371
v 24.558422 0.065425 2.214371
v 24.871370 0.083304 2.214371
v 24.245476 0.050412 2.021357
v 24.558422 0.068447 2.021357
v 24.871370 0.083764 2.021357
v 24.245476 0.041281 5.659027
v 24.558422 0.023252 5.659026
v 24.871370 0.001831 5.659027
v 24.245476 0.013679 5.150615
v 24.558422 -0.003153 5.150614
v 24.871370 -0.021797 5.150615
v 24.245476 -0.011600 4.652433
v 24.558422 -0.025123 4.652432
v 24.871370 -0.039249 4.652433
v 24.245476 0.002043 -2.571884
v 24.558422 0.003212 -2.571883
v 24.871370 0.003535 -2.571883
v 24.245476 -0.020400 -3.086262
v 24.558422 -0.022653 -3.086262
v 24.871370 -0.022824 -3.086261
v 24.245476 -0.042123 -3.600641
v 24.558422 -0.046533 -3.600640
v 24.871370 -0.046435 -3.600640
v 24.245476 -0.037813 -6.686912
v 24.558422 -0.008629 -6.686912
v 24.871370 0.019607 -6.686912
v 24.245476 -0.016330 -7.201290
v 24.558422 0.015101 -7.201290
v 24.871370 0.045004 -7.201290
v 24.245476 0.008081 -7.715669
v 24.558422 0.040199 -7.715669
v 24.871370 0.070605 -7.715669
v 24.245476 0.054589 1.421492
v 24.558422 0.065712 1.421492
v 24.871370 0.072970 1.421492
v 24.245476 0.054298 0.992722
v 24.558422 0.062494 0.992721
v 24.871370 0.065533 0.992722
v 24.245476 0.052928 0.509883
v 24.558422 0.058960 0.509883
v 24.871370 0.058535 0.509883
v 26.749056 0.009027 7.715689
v 27.062004 0.021978 7.715689
v 27.374950 0.034259 7.715689
v 26.749056 -0.025323 7.201311
v 27.062004 -0.016071 7.201309
v 27.374950 -0.004237 7.201311
v 26.749056 -0.052162 6.686933
v 27.062004 -0.045489 6.686932
v 27.374950 -0.033872 6.686933
v 26.749056 -0.069232 -4.629397
v 27.062004 -0.070323 -4.629397
v 27.374950 -0.070228 -4.629397
v 26.749056 -0.084960 -5.143775
v 27.062004 -0.089248 -5.143776
v 27.374950 -0.090043 -5.143776
v 26.749056 -0.095457 -5.658154
v 27.062004 -0.103225 -5.658154
v 27.374950 -0.104968 -5.658154
v 26.749056 -0.063970 -0.514369
v 27.062004 -0.052718 -0.514369
v 27.374950 -0.032269 -0.514369
v 26.749056 -0.070147 -1.028747
v 27.062004 -0.067763 -1.028747
v 27.374950 -0.055820 -1.028747
v 26.749056 -0.073056 -1.543126
v 27.062004 -0.079135 -1.543126
v 27.374950 -0.075998 -1.543126
v 26.749056 0.012997 2.397155
v 27.062004 0.011319 2.397155
v 27.374950 0.013650 2.397155
v 26.749056 -0.027244 2.214371
v 27.062004 -0.027261 2.214371
v 27.374950 -0.023134 2.214371
v 26.749056 -0.025241 2.021357
v 27.062004 -0.021960 2.021357
v 27.374950 -0.014463 2.021357
v 26.749056 -0.069795 5.659027
v 27.062004 -0.062992 5.659026
v 27.374950 -0.050756 5.659027
v 26.749056 -0.062185 5.150615
v 27.062004 -0.053367 5.150614
v 27.374950 -0.040659 5.150615
v 26.749056 -0.050254 4.652433
v 27.062004 -0.039690 4.652432
v 27.374950 -0.027010 4.652433
v 26.749056 -0.069345 -6.686912
v 27.062004 -0.077191 -6.686912
v 27.374950 -0.076939 -6.686912
v 26.749056 -0.029826 -7.201290
v 27.062004 -0.033169 -7.201290
v 27.374950 -0.029422 -7.201290
v 26.749056 0.020743 -7.715669
v 27.062004 0.023821 -7.715669
v 27.374950 0.032116 -7.715669
v 26.749056 -0.030144 1.421492
v 27.062004 -0.017226 1.421492
v 27.374950 0.000878 1.421492
v 26.749056 -0.037445 0.992722
v 27.062004 -0.020151 0.992721
v 27.374950 0.003321 0.992722
v 26.749056 -0.046391 0.509883
v 27.062004 -0.027010 0.509883
v 27.374950 -0.000332 0.509883
v 26.749056 -0.065423 -2.571884
v 27.062004 -0.076578 -2.571883
v 27.374950 -0.082096 -2.571883
v 26.749056 -0.058039 -3.086262
v 27.062004 -0.065563 -3.086262
v 27.374950 -0.070082 -3.086261
v 26.749056 -0.053702 -3.600641
v 27.062004 -0.056705 -3.600640
v 27.374950 -0.058833 -3.600640
v 29.253443 0.027706 7.717124
v 29.572033 0.039487 7.727181
v 29.900295 0.051157 7.754474
v 29.253952 0.025666 7.203505
v 29.576096 0.027356 7.218871
v 29.914005 0.028143 7.260580
v 29.253763 0.023003 6.688787
v 29.574596 0.015841 6.701782
v 29.908951 0.007375 6.737050
v 29.252647 -0.047827 -4.629414
v 29.565662 -0.037819 -4.629527
v 29.878798 -0.029862 -4.629833
v 29.252716 -0.039618 -5.143905
v 29.566214 -0.024442 -5.144808
v 29.880653 -0.012545 -5.147263
v 29.252903 -0.026362 -5.658590
v 29.567705 -0.007397 -5.661641
v 29.885691 0.007040 -5.669921
v 29.252636 0.031637 -0.514369
v 29.565584 0.000479 -0.514369
v 29.878532 -0.033345 -0.514369
v 29.252636 0.018906 -1.028747
v 29.565584 -0.008217 -1.028747
v 29.878532 -0.038333 -1.028747
v 29.252636 0.002976 -1.543126
v 29.565584 -0.017431 -1.543126
v 29.878532 -0.041098 -1.543126
v 29.252636 -0.026350 2.397155
v 29.565584 -0.003996 2.397155
v 29.878532 0.013622 2.397155
v 29.252636 -0.017965 2.214371
v 29.565584 0.005712 2.214371
v 29.878532 0.024440 2.214371
v 29.252636 -0.006560 2.021357
v 29.565584 0.014367 2.021357
v 29.878532 0.030397 2.021357
v 29.252903 0.014535 5.659462
v 29.567705 -0.004812 5.662514
v 29.885691 -0.025487 5.670794
v 29.252716 0.008494 5.150745
v 29.566214 -0.013334 5.151648
v 29.880653 -0.036384 5.154102
v 29.252647 0.001359 4.652448
v 29.565662 -0.019962 4.652562
v 29.878798 -0.042503 4.652868
v 29.252636 -0.028248 -2.571884
v 29.565584 -0.036076 -2.571883
v 29.878532 -0.046568 -2.571883
v 29.252636 -0.039964 -3.086262
v 29.565584 -0.043468 -3.086262
v 29.878532 -0.048889 -3.086261
v 29.252636 -0.047727 -3.600641
v 29.565584 -0.047304 -3.600640
v 29.878532 -0.048216 -3.600640
v 29.252636 0.019578 1.421492
v 29.565584 0.021919 1.421492
v 29.878532 0.020246 1.421492
v 29.252636 0.030741 0.992722
v 29.565584 0.019933 0.992721
v 29.878532 0.005760 0.992722
v 29.252636 0.037785 0.509883
v 29.565584 0.015129 0.509883
v 29.878532 -0.010339 0.509883
v 29.253763 0.013577 -6.688768
v 29.574596 0.031157 -6.701761
v 29.908951 0.043348 -6.737029
v 29.253950 0.038813 -7.203486
v 29.576096 0.051020 -7.218852
v 29.914005 0.058647 -7.260560
v 29.253443 0.066198 -7.717105
v 29.572033 0.071217 -7.727161
v 29.900295 0.073219 -7.754455
v 29.252636 -0.015515 3.709162
v 29.565584 -0.025507 3.709162
v 29.878532 -0.037492 3.709162
v 29.252636 -0.023475 3.285993
v 29.565584 -0.024012 3.285993
v 29.878532 -0.027296 3.285993
v 29.252636 -0.028966 2.916892
v 29.565584 -0.019800 2.916892
v 29.878532 -0.014189 2.916892
v 26.749056 -0.033564 3.709162
v 27.062004 -0.024913 3.709162
v 27.374950 -0.015486 3.709162
v 26.749056 -0.031918 3.285993
v 27.062004 -0.026865 3.285993
v 27.374950 -0.020311 3.285993
v 26.749056 -0.032175 2.916892
v 27.062004 -0.030871 2.916892
v 27.374950 -0.026984 2.916892
v 24.245476 -0.026838 3.709162
v 24.558422 -0.027488 3.709162
v 24.871370 -0.028515 3.709162
v 24.245476 -0.014920 3.285993
v 24.558422 -0.007449 3.285993
v 24.871370 -0.001215 3.285993
v 24.245476 0.003070 2.916892
v 24.558422 0.017896 2.916892
v 24.871370 0.030491 2.916892
v 21.741894 -0.006304 3.709162
v 22.054840 -0.008813 3.709162
v 22.367788 -0.011503 3.709161
v 21.741894 -0.009153 3.285993
v 22.054842 -0.006843 3.285993
v 22.367790 -0.006074 3.285992
v 21.741894 -0.005176 2.916892
v 22.054840 0.002596 2.916892
v 22.367788 0.007307 2.916892
v 30.504427 -0.065837 3.709161
v 30.817375 -0.081495 3.709162
v 31.130323 -0.097745 3.709162
v 30.504427 -0.052331 3.285992
v 30.817375 -0.074773 3.285993
v 31.130323 -0.101345 3.285993
v 30.504427 -0.035159 2.916892
v 30.817375 -0.063742 2.916892
v 31.130322 -0.099883 2.916892
v 25.497265 -0.034373 3.709162
v 25.810213 -0.038206 3.709162
v 26.123161 -0.040421 3.709162
v 25.497265 -0.005526 3.285993
v 25.810213 -0.015567 3.285993
v 26.123161 -0.025836 3.285993
v 25.497265 0.025401 2.916892
v 25.810213 0.007847 2.916892
v 26.123161 -0.011678 2.916892
v 28.000847 -0.002675 3.709162
v 28.313793 -0.001284 3.709162
v 28.626741 -0.003100 3.709162
v 28.000847 -0.014741 3.285993
v 28.313793 -0.017022 3.285993
v 28.626741 -0.020393 3.285993
v 28.000847 -0.027335 2.916892
v 28.313793 -0.032362 2.916892
v 28.626741 -0.036386 2.916892
v 22.993685 -0.017712 3.709162
v 23.306631 -0.020937 3.709162
v 23.619579 -0.023758 3.709162
v 22.993685 -0.011736 3.285993
v 23.306633 -0.016683 3.285993
v 23.619579 -0.020203 3.285993
v 22.993685 0.002386 2.916892
v 23.306631 -0.004586 2.916892
v 23.619579 -0.009295 2.916892
v 21.701998 -0.048003 -7.781246
v 21.636801 -0.037397 -6.822590
v 21.890392 -0.026565 -6.947521
v 22.239189 -0.014147 -6.898285
v 22.209236 -0.020000 -7.471588
v 22.285242 -0.013220 -7.888407
v 21.967625 -0.031702 -8.003815
v 21.757984 -0.049834 -8.121896
v 21.634846 -0.058911 -8.065239
v 21.552528 -0.065266 -8.122872
v 21.567434 -0.061030 -8.059618
v 21.529072 -0.062603 -8.110545
v 21.552185 -0.059528 -8.046306
v 21.513557 -0.061848 -8.090978
v 21.540735 -0.059751 -8.027485
v 21.470406 -0.064361 -8.063965
v 21.532635 -0.061290 -8.002421
v 21.464886 -0.066100 -8.035594
v 21.529217 -0.061805 -7.891619
v 21.494747 -0.061522 -7.689222
v 21.566587 -0.050457 -7.344643
v 21.688900 -0.053891 7.802794
v 21.491550 -0.040765 7.738334
v 21.523865 -0.065498 7.938784
v 21.489443 -0.080082 8.076751
v 21.525164 -0.075226 8.041571
v 21.493279 -0.078952 8.101271
v 21.529306 -0.073579 8.055482
v 21.499371 -0.076755 8.114314
v 21.535164 -0.071989 8.065109
v 21.507305 -0.075196 8.124325
v 21.543627 -0.071208 8.071919
v 21.522224 -0.075154 8.130630
v 21.606163 -0.075930 8.074053
v 21.728117 -0.092387 8.127166
v 21.947971 -0.092579 8.011868
v 22.273411 -0.088232 7.894569
v 22.200914 -0.038672 7.481643
v 22.234179 0.010334 6.906541
v 21.884289 0.014725 6.961218
v 21.633062 0.038266 6.842056
v 21.561699 -0.004471 7.376967
v 21.428946 0.107956 -0.257179
v 31.443272 -0.077032 -0.257179
v 26.436108 -0.057389 -0.257179
v 28.939690 0.058286 -0.257179
v 23.932528 0.042984 -0.257179
v 22.680737 0.021244 -0.257179
v 25.184319 0.041551 -0.257179
v 27.687899 0.007569 -0.257179
v 30.191481 -0.054039 -0.257179
v 22.993685 0.018355 -0.257179
v 23.306631 0.023002 -0.257180
v 23.619579 0.032206 -0.257180
v 28.000847 0.032965 -0.257179
v 28.313793 0.052636 -0.257180
v 28.626741 0.062453 -0.257180
v 30.504427 -0.071077 -0.257179
v 30.817375 -0.078438 -0.257179
v 31.130323 -0.079348 -0.257179
v 25.497265 0.016724 -0.257179
v 25.810213 -0.013499 -0.257180
v 26.123161 -0.040931 -0.257180
v 21.741894 0.079703 -0.257179
v 22.054840 0.054081 -0.257179
v 22.367788 0.033718 -0.257179
v 24.245476 0.052345 -0.257179
v 24.558422 0.057254 -0.257180
v 24.871370 0.054671 -0.257180
v 26.749056 -0.056916 -0.257179
v 27.062004 -0.042472 -0.257180
v 27.374950 -0.019248 -0.257180
v 29.252636 0.037988 -0.257179
v 29.565584 0.007332 -0.257180
v 29.878532 -0.025928 -0.257180
vn -0.0905 -0.9950 0.0432
vn -0.1041 -0.9943 0.0221
vn -0.0677 -0.9970 0.0371
vn -0.0674 -0.9976 0.0170
vn -0.0695 -0.9965 0.0465
vn -0.1093 -0.9932 0.0397
vn -0.1356 -0.9906 0.0198
vn -0.1486 -0.9889 -0.0078
vn -0.1109 -0.9938 -0.0068
vn -0.0673 -0.9977 -0.0098
vn -0.0255 -0.9995 -0.0161
vn -0.0317 -0.9995 0.0061
vn -0.0443 -0.9987 0.0235
vn -0.0631 -0.9975 0.0326
vn -0.0681 -0.9966 0.0459
vn -0.0699 -0.9962 0.0514
vn -0.0965 -0.9948 0.0319
vn -0.0915 -0.9953 0.0313
vn -0.0977 -0.9949 0.0249
vn -0.0888 -0.9957 0.0246
vn -0.0631 -0.9975 0.0327
vn -0.0953 -0.9948 0.0359
vn -0.0952 -0.9949 0.0343
vn -0.0629 -0.9976 0.0284
vn -0.0547 -0.9981 0.0275
vn -0.0492 -0.9985 0.0228
vn -0.0480 -0.9987 0.0146
vn -0.0875 -0.9961 0.0143
vn -0.0980 -0.9951 0.0147
vn -0.0798 -0.9967 0.0143
vn -0.0761 -0.9968 0.0228
vn -0.0699 -0.9971 0.0289
vn -0.0699 -0.9960 -0.0559
vn -0.0906 -0.9941 -0.0595
vn -0.0614 -0.9963 -0.0599
vn -0.0793 -0.9945 -0.0681
vn -0.0208 -0.9984 -0.0517
vn -0.0700 -0.9963 -0.0499
vn -0.0915 -0.9947 -0.0467
vn -0.0855 -0.9954 -0.0442
vn -0.0817 -0.9945 -0.0649
vn -0.0670 -0.9946 -0.0787
vn -0.0456 -0.9953 -0.0857
vn -0.0616 -0.9955 -0.0725
vn -0.0481 -0.9969 -0.0620
vn -0.0048 -0.9985 -0.0547
vn -0.0132 -0.9984 -0.0542
vn -0.0191 -0.9984 -0.0532
vn -0.0293 -0.9991 0.0307
vn -0.0361 -0.9992 0.0172
vn -0.0110 -0.9995 0.0295
vn -0.0155 -0.9997 0.0193
vn -0.0347 -0.9988 0.0338
vn -0.0504 -0.9985 0.0224
vn -0.0581 -0.9983 0.0096
vn -0.0581 -0.9983 -0.0018
vn -0.0389 -0.9992 0.0033
vn -0.0184 -0.9998 0.0082
vn -0.0060 -0.9999 0.0129
vn -0.0044 -0.9999 0.0161
vn -0.0011 -0.9998 0.0188
vn 0.0039 -0.9998 0.0217
vn -0.0048 -0.9993 0.0379
vn -0.0187 -0.9989 0.0419
vn -0.0003 -1.0000 0.0002
vn 0.0066 -1.0000 0.0075
vn -0.0100 -0.9999 -0.0030
vn -0.0093 -0.9999 0.0052
vn -0.0130 -0.9999 -0.0039
vn 0.0065 -1.0000 -0.0038
vn 0.0195 -0.9998 0.0009
vn 0.0260 -0.9996 0.0083
vn 0.0100 -0.9998 0.0177
vn -0.0089 -0.9998 0.0162
vn -0.0274 -0.9996 0.0040
vn -0.0249 -0.9997 -0.0058
vn -0.0199 -0.9997 -0.0132
vn -0.0123 -0.9998 -0.0163
vn -0.0111 -0.9999 -0.0065
vn -0.0107 -0.9999 -0.0024
vn 0.0399 -0.9992 -0.0009
vn 0.0389 -0.9992 0.0123
vn 0.0185 -0.9998 -0.0060
vn 0.0194 -0.9998 0.0057
vn 0.0454 -0.9989 0.0060
vn 0.0608 -0.9980 0.0174
vn 0.0562 -0.9980 0.0274
vn 0.0316 -0.9990 0.0329
vn 0.0242 -0.9995 0.0219
vn 0.0139 -0.9998 0.0143
vn 0.0083 -0.9999 0.0102
vn 0.0063 -1.0000 0.0075
vn 0.0040 -1.0000 0.0024
vn 0.0014 -1.0000 -0.0022
vn 0.0112 -0.9998 -0.0162
vn 0.0272 -0.9995 -0.0135
vn 0.0086 -0.9990 -0.0433
vn -0.0057 -0.9986 -0.0528
vn 0.0276 -0.9994 -0.0221
vn 0.0036 -0.9995 -0.0320
vn 0.0114 -0.9989 -0.0454
vn -0.0078 -0.9981 -0.0606
vn -0.0119 -0.9975 -0.0692
vn -0.0009 -0.9978 -0.0668
vn -0.0108 -0.9986 -0.0521
vn -0.0186 -0.9993 -0.0336
vn -0.0204 -0.9997 -0.0097
vn 0.0160 -0.9999 -0.0048
vn 0.0465 -0.9989 0.0051
vn 0.0710 -0.9974 0.0152
vn 0.0535 -0.9985 -0.0091
vn 0.0321 -0.9991 -0.0286
vn 0.0416 -0.9953 -0.0872
vn 0.0478 -0.9958 -0.0778
vn 0.0247 -0.9937 -0.1091
vn 0.0254 -0.9952 -0.0948
vn 0.0359 -0.9979 -0.0546
vn 0.0492 -0.9973 -0.0543
vn 0.0590 -0.9969 -0.0523
vn 0.0654 -0.9967 -0.0491
vn 0.0524 -0.9964 -0.0664
vn 0.0281 -0.9966 -0.0780
vn -0.0028 -0.9965 -0.0838
vn -0.0037 -0.9946 -0.1033
vn 0.0023 -0.9928 -0.1199
vn 0.0152 -0.9913 -0.1307
vn 0.0260 -0.9927 -0.1181
vn 0.0337 -0.9951 -0.0928
vn -0.0250 -0.9996 -0.0151
vn -0.0325 -0.9995 0.0033
vn -0.0530 -0.9985 -0.0097
vn -0.0635 -0.9980 0.0079
vn 0.0096 -0.9997 -0.0233
vn 0.0006 -0.9999 -0.0132
vn -0.0024 -1.0000 0.0022
vn 0.0007 -0.9998 0.0186
vn -0.0270 -0.9994 0.0221
vn -0.0544 -0.9982 0.0246
vn -0.0741 -0.9969 0.0262
vn -0.0883 -0.9960 0.0157
vn -0.0774 -0.9970 0.0032
vn -0.0412 -0.9991 -0.0084
vn -0.0228 -0.9994 -0.0241
vn -0.0043 -0.9996 -0.0291
vn -0.0445 -0.9989 -0.0132
vn -0.0381 -0.9990 -0.0230
vn -0.0298 -0.9992 -0.0273
vn -0.0240 -0.9991 -0.0344
vn -0.0404 -0.9991 0.0137
vn -0.0627 -0.9980 0.0039
vn -0.0550 -0.9985 -0.0071
vn -0.0141 -0.9997 -0.0178
vn 0.0012 -0.9995 -0.0318
vn 0.0127 -0.9991 -0.0411
vn 0.0220 -0.9987 -0.0458
vn -0.0128 -0.9991 -0.0402
vn -0.0205 -0.9992 -0.0349
vn -0.0016 -0.9995 -0.0309
vn -0.0079 -0.9998 -0.0205
vn -0.0225 -0.9997 -0.0034
vn -0.0291 -0.9992 0.0276
vn -0.0207 -0.9997 0.0160
vn -0.0141 -0.9994 0.0312
vn -0.0022 -0.9998 0.0197
vn -0.0272 -0.9995 0.0181
vn -0.0407 -0.9991 0.0141
vn -0.0353 -0.9994 0.0048
vn -0.0109 -0.9999 -0.0034
vn -0.0015 -1.0000 0.0051
vn 0.0116 -0.9999 0.0088
vn 0.0247 -0.9996 0.0098
vn 0.0159 -0.9997 0.0187
vn 0.0015 -0.9996 0.0285
vn -0.0184 -0.9992 0.0354
vn -0.0240 -0.9990 0.0376
vn -0.0267 -0.9991 0.0332
vn 0.0101 -0.9992 0.0397
vn 0.0042 -0.9989 0.0462
vn 0.0013 -0.9988 0.0487
vn -0.0032 -0.9986 0.0522
vn 0.0167 -0.9999 0.0029
vn 0.0241 -0.9996 0.0135
vn 0.0177 -0.9995 0.0244
vn -0.0027 -0.9994 0.0340
vn -0.0129 -0.9986 0.0513
vn -0.0165 -0.9984 0.0538
vn -0.0149 -0.9991 0.0406
vn -0.0065 -0.9991 0.0412
vn -0.0038 -0.9992 0.0393
vn -0.0067 -0.9993 0.0372
vn -0.0029 -0.9990 0.0452
vn 0.0049 -0.9994 0.0330
vn 0.0593 -0.9982 -0.0103
vn 0.0402 -0.9992 -0.0038
vn 0.0460 -0.9989 -0.0095
vn 0.0267 -0.9996 0.0007
vn 0.0653 -0.9979 -0.0006
vn 0.0634 -0.9980 -0.0020
vn 0.0463 -0.9989 -0.0022
vn 0.0139 -0.9999 -0.0001
vn 0.0054 -1.0000 0.0030
vn -0.0054 -0.9999 0.0090
vn -0.0139 -0.9997 0.0186
vn 0.0113 -0.9999 0.0117
vn 0.0286 -0.9996 0.0010
vn 0.0381 -0.9992 -0.0099
vn 0.0526 -0.9984 -0.0190
vn 0.0629 -0.9979 -0.0156
vn -0.0393 -0.9990 0.0208
vn -0.0248 -0.9997 0.0085
vn -0.0203 -0.9998 0.0074
vn -0.0066 -1.0000 -0.0034
vn -0.0671 -0.9971 0.0353
vn -0.0563 -0.9980 0.0275
vn -0.0415 -0.9990 0.0191
vn -0.0225 -0.9997 0.0115
vn -0.0086 -1.0000 -0.0027
vn 0.0068 -0.9999 -0.0131
vn 0.0154 -0.9997 -0.0198
vn 0.0040 -0.9998 -0.0173
vn -0.0076 -0.9999 -0.0134
vn -0.0193 -0.9998 -0.0070
vn -0.0343 -0.9992 0.0187
vn -0.0523 -0.9981 0.0324
vn 0.0181 -0.9993 0.0326
vn 0.0447 -0.9982 0.0394
vn 0.0036 -0.9997 0.0261
vn 0.0233 -0.9990 0.0389
vn -0.0099 -0.9993 0.0347
vn 0.0234 -0.9992 0.0330
vn 0.0574 -0.9978 0.0322
vn 0.0808 -0.9960 0.0377
vn 0.0606 -0.9969 0.0510
vn 0.0338 -0.9979 0.0553
vn 0.0021 -0.9988 0.0498
vn -0.0041 -0.9996 0.0291
vn -0.0165 -0.9998 0.0124
vn -0.0348 -0.9994 0.0021
vn -0.0243 -0.9996 0.0176
vn -0.0148 -0.9995 0.0283
vn -0.0391 -0.9540 0.2974
vn -0.0326 -0.9506 0.3087
vn -0.0459 -0.9969 -0.0638
vn -0.0408 -0.9975 -0.0572
vn -0.0187 -0.9194 -0.3929
vn -0.0310 -0.9216 -0.3869
vn -0.0237 -0.9256 -0.3777
vn 0.0035 -0.9290 -0.3700
vn -0.0024 -0.9471 0.3208
vn -0.0097 -0.9988 -0.0481
vn -0.0136 -0.9997 -0.0218
vn -0.0422 -0.9989 -0.0212
vn -0.0465 -0.9988 -0.0184
vn -0.0265 -0.9995 -0.0177
vn -0.0249 -0.9974 -0.0680
vn -0.0219 -0.9566 0.2907
vn -0.0267 -0.9987 -0.0427
vn -0.0157 -0.9990 -0.0410
vn -0.0254 -0.9970 -0.0733
vn -0.0162 -0.9970 -0.0760
vn -0.0852 -0.9913 -0.1003
vn -0.0243 -0.9997 0.0014
vn -0.0145 -0.9999 0.0051
vn 0.0124 -0.9999 0.0028
vn 0.0149 -0.9991 -0.0404
vn 0.0133 -0.9972 -0.0731
vn 0.0078 -0.9969 -0.0777
vn -0.0152 -0.9966 -0.0810
vn -0.0194 -0.9970 -0.0744
vn -0.0047 -0.9981 -0.0611
vn -0.0145 -0.9978 -0.0653
vn -0.0866 -0.9934 0.0749
vn -0.0857 -0.9309 0.3551
vn -0.0955 -0.9276 0.3611
vn -0.0947 -0.9954 0.0153
vn -0.1032 -0.9946 0.0143
vn -0.0397 -0.9250 -0.3778
vn -0.0772 -0.9274 -0.3659
vn -0.0877 -0.9324 -0.3507
vn -0.0707 -0.9389 -0.3368
vn -0.0755 -0.9279 0.3652
vn -0.0789 -0.9969 0.0081
vn -0.0718 -0.9972 0.0228
vn -0.0998 -0.9945 0.0311
vn -0.0950 -0.9949 0.0342
vn -0.0574 -0.9979 0.0315
vn -0.0531 -0.9985 0.0114
vn -0.0458 -0.9360 0.3490
vn -0.1220 -0.9913 -0.0494
vn -0.1613 -0.9862 -0.0362
vn -0.1253 -0.9920 -0.0156
vn -0.1646 -0.9862 -0.0174
vn -0.0590 -0.9958 -0.0698
vn -0.1129 -0.9919 -0.0590
vn -0.1484 -0.9882 -0.0377
vn -0.1659 -0.9861 -0.0103
vn -0.1808 -0.9833 -0.0203
vn -0.1840 -0.9827 -0.0217
vn -0.1737 -0.9847 -0.0147
vn -0.1564 -0.9877 0.0056
vn -0.1213 -0.9924 0.0198
vn -0.0678 -0.9974 0.0234
vn -0.0652 -0.9977 -0.0179
vn -0.0621 -0.9964 -0.0579
vn 0.0234 -0.9996 0.0127
vn 0.0355 -0.9993 0.0103
vn 0.0251 -0.9997 0.0039
vn 0.0329 -0.9994 0.0068
vn -0.0065 -0.9992 0.0393
vn 0.0177 -0.9993 0.0325
vn 0.0319 -0.9992 0.0258
vn 0.0362 -0.9991 0.0206
vn 0.0382 -0.9992 0.0096
vn 0.0345 -0.9993 0.0113
vn 0.0222 -0.9996 0.0145
vn 0.0204 -0.9998 0.0039
vn 0.0180 -0.9998 -0.0051
vn 0.0149 -0.9999 -0.0089
vn 0.0112 -0.9999 0.0055
vn 0.0018 -0.9998 0.0178
vn 0.0740 -0.9957 0.0560
vn 0.0473 -0.9977 0.0489
vn 0.0786 -0.9952 0.0584
vn 0.0596 -0.9967 0.0554
vn 0.0821 -0.9952 0.0539
vn 0.0662 -0.9966 0.0480
vn 0.0355 -0.9986 0.0387
vn -0.0103 -0.9995 0.0300
vn 0.0013 -0.9992 0.0391
vn 0.0178 -0.9987 0.0478
vn 0.0297 -0.9986 0.0449
vn 0.0637 -0.9969 0.0469
vn 0.0746 -0.9963 0.0438
vn 0.0623 -0.9974 0.0365
vn 0.0749 -0.9956 0.0555
vn 0.0817 -0.9950 0.0576
vn -0.0073 -0.9999 -0.0094
vn 0.0162 -0.9997 -0.0179
vn 0.0034 -0.9999 -0.0149
vn 0.0258 -0.9995 -0.0188
vn -0.0517 -0.9984 0.0246
vn -0.0188 -0.9997 0.0156
vn 0.0031 -1.0000 0.0026
vn 0.0141 -0.9998 -0.0129
vn 0.0300 -0.9992 -0.0278
vn 0.0397 -0.9990 -0.0198
vn 0.0357 -0.9993 -0.0088
vn 0.0265 -0.9996 -0.0116
vn 0.0081 -0.9999 -0.0122
vn -0.0196 -0.9998 -0.0090
vn -0.0302 -0.9995 -0.0089
vn -0.0426 -0.9991 -0.0014
vn -0.0912 -0.9958 -0.0039
vn -0.0870 -0.9962 -0.0063
vn -0.0824 -0.9966 -0.0023
vn -0.0838 -0.9965 -0.0073
vn -0.0783 -0.9968 0.0156
vn -0.0953 -0.9954 0.0137
vn -0.0874 -0.9961 0.0128
vn -0.0544 -0.9984 0.0152
vn -0.0607 -0.9981 -0.0039
vn -0.0678 -0.9977 -0.0073
vn -0.0684 -0.9976 -0.0063
vn -0.0748 -0.9972 -0.0013
vn -0.0689 -0.9976 0.0075
vn -0.0504 -0.9986 0.0169
vn -0.0636 -0.9980 0.0047
vn -0.0735 -0.9973 0.0005
vn -0.0967 -0.9948 0.0307
vn -0.1001 -0.9946 0.0283
vn -0.0917 -0.9953 0.0309
vn -0.0895 -0.9957 0.0237
vn -0.0550 -0.9984 0.0144
vn -0.0925 -0.9955 0.0205
vn -0.1009 -0.9946 0.0250
vn -0.0802 -0.9964 0.0261
vn -0.0721 -0.9972 0.0219
vn -0.0546 -0.9984 0.0129
vn -0.0335 -0.9994 -0.0008
vn -0.0731 -0.9973 0.0112
vn -0.0797 -0.9966 0.0213
vn -0.0549 -0.9981 0.0284
vn -0.0620 -0.9975 0.0345
vn -0.0620 -0.9976 0.0299
vn 0.0137 -0.9996 0.0242
vn 0.0209 -0.9997 0.0136
vn 0.0306 -0.9994 0.0130
vn 0.0403 -0.9992 0.0016
vn 0.0007 -0.9998 0.0223
vn 0.0025 -0.9998 0.0191
vn 0.0069 -0.9999 0.0145
vn 0.0138 -0.9999 0.0080
vn 0.0300 -0.9995 0.0017
vn 0.0495 -0.9987 -0.0103
vn 0.0637 -0.9976 -0.0278
vn 0.0558 -0.9982 -0.0215
vn 0.0448 -0.9989 -0.0148
vn 0.0309 -0.9995 -0.0088
vn 0.0202 -0.9996 0.0221
vn 0.0084 -0.9994 0.0325
vn -0.0196 -0.9997 -0.0166
vn -0.0288 -0.9996 -0.0028
vn -0.0406 -0.9987 -0.0307
vn -0.0552 -0.9984 -0.0157
vn 0.0053 -1.0000 -0.0035
vn -0.0043 -1.0000 0.0006
vn -0.0091 -0.9999 0.0080
vn -0.0092 -0.9998 0.0160
vn -0.0276 -0.9995 0.0124
vn -0.0528 -0.9986 0.0007
vn -0.0750 -0.9970 -0.0190
vn -0.0789 -0.9964 -0.0307
vn -0.0596 -0.9973 -0.0418
vn -0.0170 -0.9987 -0.0488
vn -0.0089 -0.9991 -0.0403
vn -0.0002 -0.9997 -0.0252
vn -0.0324 -0.9988 -0.0372
vn -0.0456 -0.9984 -0.0347
vn -0.0352 -0.9986 -0.0386
vn -0.0489 -0.9981 -0.0383
vn -0.0125 -0.9995 -0.0296
vn -0.0276 -0.9992 -0.0279
vn -0.0375 -0.9990 -0.0229
vn -0.0425 -0.9990 -0.0159
vn -0.0523 -0.9982 -0.0310
vn -0.0559 -0.9977 -0.0380
vn -0.0532 -0.9979 -0.0372
vn -0.0481 -0.9983 -0.0344
vn -0.0369 -0.9988 -0.0330
vn -0.0153 -0.9993 -0.0333
vn -0.0125 -0.9992 -0.0388
vn -0.0120 -0.9992 -0.0378
vn -0.0408 -0.9990 -0.0169
vn -0.0343 -0.9993 -0.0172
vn -0.0103 -0.9998 -0.0176
vn 0.0234 -0.9996 0.0159
vn 0.2344 -0.9578 0.1665
vn 0.2083 -0.9663 0.1509
vn 0.1286 -0.9861 0.1053
vn -0.0407 -0.9990 0.0159
vn -0.0546 -0.9985 0.0071
vn -0.0423 -0.9990 -0.0123
vn -0.0201 -0.9995 -0.0246
vn -0.0382 -0.9990 -0.0236
vn -0.0260 -0.9995 -0.0200
vn -0.0453 -0.9985 -0.0304
vn -0.0329 -0.9991 -0.0250
vn -0.0443 -0.9987 -0.0255
vn -0.0049 -0.9998 -0.0200
vn 0.0006 -0.9999 -0.0155
vn -0.0173 -0.9996 -0.0226
vn 0.1860 -0.9676 0.1705
vn 0.2975 -0.9169 0.2662
vn 0.0342 -0.9994 0.0102
vn 0.0720 -0.9953 0.0652
vn 0.2473 -0.9522 0.1792
vn 0.1203 -0.9855 0.1195
vn 0.7467 0.4779 0.4627
vn 0.2679 -0.9409 0.2070
vn 0.2173 -0.9628 0.1604
vn 0.1466 -0.9817 0.1214
vn 0.1207 -0.9869 0.1070
vn 0.1043 -0.9899 0.0965
vn 0.0326 -0.9974 0.0647
vn -0.0335 -0.9983 0.0478
vn 0.0438 -0.9969 0.0650
vn -0.0726 -0.9974 0.0032
vn -0.0570 -0.9984 0.0003
vn -0.0656 -0.9973 0.0322
vn -0.0354 -0.9992 -0.0184
vn -0.0313 -0.9993 -0.0194
vn -0.0468 -0.9988 -0.0117
vn -0.0478 -0.9984 0.0299
vn -0.0307 -0.9987 0.0401
vn -0.0604 -0.9977 0.0296
vn -0.0444 -0.9984 0.0354
vn -0.0427 -0.9989 0.0187
vn -0.0298 -0.9991 0.0301
vn -0.0115 -0.9990 0.0425
vn 0.0123 -0.9984 0.0554
vn -0.0073 -0.9987 0.0509
vn -0.0218 -0.9989 0.0418
vn -0.0277 -0.9992 0.0282
vn -0.0489 -0.9984 0.0283
vn -0.0641 -0.9975 0.0291
vn -0.0734 -0.9969 0.0299
vn -0.0698 -0.9973 0.0243
vn -0.0586 -0.9981 0.0206
vn -0.0047 -0.9994 0.0351
vn -0.0078 -0.9999 0.0133
vn 0.0299 -0.9992 0.0264
vn 0.0211 -0.9997 0.0096
vn -0.0247 -0.9977 0.0632
vn -0.0458 -0.9982 0.0394
vn -0.0426 -0.9990 0.0151
vn -0.0152 -0.9999 -0.0008
vn -0.0006 -1.0000 -0.0008
vn 0.0106 -0.9999 -0.0007
vn 0.0160 -0.9999 -0.0007
vn 0.0402 -0.9992 0.0039
vn 0.0538 -0.9985 0.0133
vn 0.0566 -0.9981 0.0230
vn 0.0368 -0.9984 0.0431
vn 0.0086 -0.9984 0.0565
vn 0.0932 -0.9925 -0.0786
vn 0.0981 -0.9936 -0.0558
vn 0.0653 -0.9963 -0.0557
vn 0.0655 -0.9972 -0.0369
vn 0.0885 -0.9890 -0.1189
vn 0.1303 -0.9872 -0.0920
vn 0.1357 -0.9886 -0.0655
vn 0.1041 -0.9937 -0.0425
vn 0.0706 -0.9969 -0.0346
vn 0.0403 -0.9990 -0.0185
vn 0.0152 -0.9999 0.0056
vn 0.0384 -0.9992 -0.0090
vn 0.0429 -0.9988 -0.0243
vn 0.0294 -0.9988 -0.0380
vn 0.0416 -0.9966 -0.0715
vn 0.0581 -0.9934 -0.0992
vn -0.0526 -0.9967 0.0612
vn -0.0865 -0.9959 0.0278
vn -0.0920 -0.9956 0.0194
vn 0.0415 -0.9978 -0.0515
vn 0.1031 -0.9909 -0.0870
vn 0.1261 -0.9869 -0.1011
vn 0.0333 -0.9988 -0.0348
vn 0.0210 -0.9997 -0.0103
vn 0.0515 -0.9987 0.0050
vn -0.0157 -0.9994 0.0298
vn -0.0201 -0.9966 0.0793
vn -0.0580 -0.9954 0.0762
vn -0.0274 -0.9976 0.0643
vn -0.1081 -0.9936 0.0339
vn -0.1079 -0.9937 0.0287
vn -0.0899 -0.9944 0.0560
vn -0.0332 -0.9991 -0.0267
vn -0.0580 -0.9983 -0.0063
vn -0.1069 -0.9941 0.0204
vn 0.0723 -0.9948 -0.0724
vn 0.0659 -0.9956 -0.0666
vn 0.0478 -0.9970 -0.0600
vn 0.0997 -0.9910 -0.0897
vn 0.0945 -0.9919 -0.0851
vn 0.1101 -0.9893 -0.0953
vn 0.2140 -0.9638 -0.1587
vn 0.1396 -0.9842 -0.1091
vn 0.1493 -0.9814 -0.1209
vn 0.1154 -0.9878 -0.1044
vn 0.0343 -0.9989 -0.0313
vn 0.0645 -0.9960 -0.0626
vn 0.0374 -0.9991 -0.0210
vn 0.0565 -0.9983 -0.0109
vn 0.0250 -0.9994 -0.0221
vn 0.0883 -0.9959 0.0186
vn 0.0579 -0.9981 0.0202
vn 0.0798 -0.9968 0.0026
vn -0.0120 -0.9992 0.0389
vn -0.0202 -0.9987 0.0471
vn 0.0156 -0.9994 0.0305
vn 0.0788 -0.9968 0.0134
vn 0.0458 -0.9987 0.0205
vn 0.0671 -0.9975 0.0213
vn 0.0363 -0.9989 0.0285
vn 0.1046 -0.9945 -0.0057
vn 0.0881 -0.9961 -0.0016
vn 0.0547 -0.9985 0.0030
vn 0.0044 -1.0000 0.0083
vn -0.0038 -0.9996 0.0263
vn -0.0089 -0.9994 0.0336
vn -0.0085 -0.9995 0.0306
vn 0.0301 -0.9992 0.0277
vn 0.0571 -0.9981 0.0225
vn 0.0714 -0.9973 0.0170
vn 0.0827 -0.9965 0.0135
vn 0.0953 -0.9954 0.0060
vn -0.0650 -0.9964 0.0548
vn -0.0496 -0.9980 0.0394
vn -0.0321 -0.9982 0.0511
vn -0.0221 -0.9993 0.0299
vn -0.0885 -0.9944 0.0571
vn -0.0800 -0.9953 0.0538
vn -0.0631 -0.9968 0.0500
vn -0.0376 -0.9983 0.0452
vn -0.0264 -0.9993 0.0267
vn -0.0070 -0.9999 0.0141
vn 0.0114 -0.9999 -0.0040
vn 0.0086 -0.9999 0.0101
vn 0.0067 -0.9995 0.0312
vn 0.0058 -0.9984 0.0563
vn -0.0371 -0.9965 0.0755
vn -0.0726 -0.9948 0.0719
vn 0.0643 -0.9462 0.3170
vn 0.0442 -0.9525 0.3014
vn 0.0744 -0.9949 -0.0683
vn 0.0510 -0.9963 -0.0698
vn 0.0574 -0.9387 -0.3398
vn 0.0489 -0.9307 -0.3624
vn 0.0326 -0.9243 -0.3804
vn 0.0085 -0.9203 -0.3912
vn 0.0135 -0.9563 0.2920
vn 0.0158 -0.9974 -0.0699
vn 0.0119 -0.9997 -0.0230
vn 0.0451 -0.9984 -0.0353
vn 0.0671 -0.9963 -0.0529
vn 0.0780 -0.9942 -0.0737
vn 0.0861 -0.9941 -0.0661
vn 0.0738 -0.9389 0.3362
vn -0.0435 -0.9987 0.0261
vn -0.0263 -0.9994 0.0241
vn -0.0342 -0.9983 0.0463
vn -0.0251 -0.9988 0.0429
vn -0.0731 -0.9973 -0.0028
vn -0.0525 -0.9985 -0.0122
vn -0.0253 -0.9996 -0.0123
vn -0.0020 -1.0000 -0.0063
vn -0.0095 -0.9996 0.0272
vn -0.0140 -0.9990 0.0428
vn -0.0140 -0.9992 0.0370
vn -0.0206 -0.9990 0.0396
vn -0.0251 -0.9987 0.0446
vn -0.0275 -0.9983 0.0512
vn -0.0392 -0.9978 0.0527
vn -0.0544 -0.9979 0.0343
vn 0.0008 -0.9998 -0.0209
vn -0.0058 -1.0000 0.0081
vn -0.0421 -0.9991 -0.0033
vn -0.0381 -0.9991 0.0197
vn 0.0493 -0.9963 -0.0705
vn 0.0413 -0.9985 -0.0365
vn 0.0251 -0.9997 -0.0080
vn 0.0007 -0.9999 0.0112
vn -0.0158 -0.9995 0.0272
vn -0.0320 -0.9989 0.0342
vn -0.0418 -0.9985 0.0361
vn -0.0608 -0.9977 0.0299
vn -0.0734 -0.9971 0.0184
vn -0.0797 -0.9968 0.0036
vn -0.0441 -0.9985 -0.0313
vn 0.0041 -0.9984 -0.0558
vn 0.0678 -0.9975 -0.0212
vn 0.0510 -0.9982 -0.0314
vn 0.0840 -0.9961 -0.0280
vn 0.0592 -0.9977 -0.0328
vn 0.0455 -0.9988 0.0205
vn 0.0418 -0.9991 0.0002
vn 0.0343 -0.9993 -0.0157
vn 0.0230 -0.9994 -0.0243
vn 0.0258 -0.9991 -0.0347
vn 0.0218 -0.9992 -0.0321
vn 0.0138 -0.9998 -0.0165
vn 0.0599 -0.9980 -0.0201
vn 0.0906 -0.9957 -0.0203
vn 0.1058 -0.9942 -0.0185
vn 0.0963 -0.9952 -0.0199
vn 0.0761 -0.9971 -0.0070
vn -0.0233 -0.9997 -0.0047
vn -0.0503 -0.9987 0.0045
vn -0.0388 -0.9992 0.0069
vn -0.0617 -0.9980 0.0141
vn 0.0447 -0.9987 -0.0241
vn -0.0053 -0.9999 -0.0105
vn -0.0362 -0.9993 -0.0002
vn -0.0479 -0.9988 0.0089
vn -0.0615 -0.9980 0.0124
vn -0.0717 -0.9972 0.0194
vn -0.0761 -0.9967 0.0299
vn -0.0686 -0.9972 0.0283
vn -0.0502 -0.9984 0.0243
vn -0.0207 -0.9996 0.0170
vn -0.0028 -1.0000 -0.0036
vn 0.0196 -0.9997 -0.0173
vn 0.0164 -0.9999 -0.0033
vn 0.0315 -0.9994 -0.0167
vn 0.0420 -0.9990 -0.0178
vn 0.0516 -0.9982 -0.0322
vn -0.0378 -0.9990 0.0222
vn -0.0037 -0.9999 0.0142
vn 0.0143 -0.9999 0.0050
vn 0.0161 -0.9999 -0.0019
vn 0.0242 -0.9994 -0.0252
vn 0.0321 -0.9987 -0.0408
vn 0.0393 -0.9980 -0.0487
vn 0.0704 -0.9967 -0.0414
vn 0.0668 -0.9973 -0.0291
vn 0.0285 -0.9995 -0.0147
vn 0.0031 -1.0000 -0.0015
vn -0.0213 -0.9997 0.0108
vn 0.0164 -0.9998 0.0088
vn -0.0070 -0.9999 0.0074
vn 0.0172 -0.9997 0.0162
vn -0.0033 -0.9999 0.0148
vn 0.0306 -0.9994 0.0175
vn 0.0157 -0.9997 0.0167
vn -0.0084 -0.9998 0.0169
vn -0.0417 -0.9990 0.0169
vn -0.0387 -0.9992 0.0047
vn -0.0316 -0.9994 0.0109
vn -0.0228 -0.9994 0.0242
vn 0.0003 -0.9996 0.0279
vn 0.0152 -0.9995 0.0275
vn 0.0221 -0.9995 0.0229
vn 0.0297 -0.9994 0.0149
vn 0.0315 -0.9995 0.0094
vn 0.0638 -0.9400 0.3352
vn 0.0548 -0.9391 0.3393
vn 0.0618 -0.9978 -0.0227
vn 0.0530 -0.9986 -0.0090
vn 0.0427 -0.9289 -0.3679
vn 0.0616 -0.9263 -0.3718
vn 0.0526 -0.9243 -0.3781
vn 0.0158 -0.9241 -0.3818
vn 0.0148 -0.9389 0.3438
vn 0.0109 -0.9999 0.0029
vn 0.0029 -0.9997 0.0227
vn 0.0429 -0.9990 0.0093
vn 0.0520 -0.9986 -0.0051
vn 0.0301 -0.9994 -0.0165
vn 0.0377 -0.9986 -0.0363
vn 0.0418 -0.9431 0.3298
vn -0.0555 -0.9971 0.0530
vn -0.0638 -0.9968 0.0490
vn -0.0484 -0.9977 0.0473
vn -0.0522 -0.9979 0.0395
vn -0.0325 -0.9986 0.0408
vn -0.0561 -0.9975 0.0441
vn -0.0695 -0.9966 0.0442
vn -0.0728 -0.9965 0.0411
vn -0.0623 -0.9972 0.0421
vn -0.0471 -0.9985 0.0297
vn -0.0301 -0.9995 0.0024
vn -0.0355 -0.9993 0.0142
vn -0.0344 -0.9991 0.0260
vn -0.0269 -0.9990 0.0355
vn -0.0355 -0.9980 0.0523
vn -0.0374 -0.9979 0.0537
vn -0.0017 -0.9989 0.0469
vn 0.0002 -0.9987 0.0507
vn -0.0106 -0.9990 0.0443
vn -0.0001 -0.9989 0.0461
vn 0.0075 -0.9995 0.0321
vn 0.0085 -0.9991 0.0406
vn 0.0013 -0.9990 0.0437
vn -0.0140 -0.9990 0.0413
vn -0.0061 -0.9988 0.0489
vn 0.0012 -0.9990 0.0437
vn 0.0085 -0.9996 0.0256
vn 0.0037 -0.9995 0.0299
vn -0.0128 -0.9994 0.0327
vn -0.0408 -0.9987 0.0320
vn -0.0303 -0.9988 0.0373
vn -0.0120 -0.9992 0.0373
vn 0.0963 -0.9944 -0.0437
vn 0.0924 -0.9946 -0.0475
vn 0.1009 -0.9937 -0.0478
vn 0.0958 -0.9942 -0.0490
vn 0.0489 -0.9984 -0.0281
vn 0.0856 -0.9956 -0.0375
vn 0.0844 -0.9954 -0.0453
vn 0.0454 -0.9977 -0.0503
vn 0.0503 -0.9975 -0.0506
vn 0.0542 -0.9972 -0.0507
vn 0.0576 -0.9970 -0.0508
vn 0.0965 -0.9941 -0.0498
vn 0.1018 -0.9936 -0.0499
vn 0.0738 -0.9961 -0.0492
vn 0.0696 -0.9965 -0.0457
vn 0.0621 -0.9973 -0.0387
vn 0.0309 -0.9995 0.0041
vn 0.0164 -0.9998 0.0124
vn 0.0227 -0.9997 0.0051
vn 0.0042 -0.9999 0.0109
vn 0.0248 -0.9997 -0.0048
vn 0.0410 -0.9992 0.0016
vn 0.0301 -0.9995 0.0127
vn -0.0080 -0.9997 0.0243
vn -0.0202 -0.9996 0.0219
vn -0.0315 -0.9993 0.0178
vn -0.0394 -0.9992 0.0120
vn -0.0046 -1.0000 0.0083
vn 0.0175 -0.9998 0.0052
vn 0.0269 -0.9996 0.0051
vn 0.0241 -0.9997 0.0036
vn 0.0230 -0.9997 0.0007
vn 0.0354 -0.9969 0.0702
vn 0.0384 -0.9965 0.0741
vn 0.0254 -0.9982 0.0546
vn 0.0374 -0.9977 0.0573
vn 0.0375 -0.9970 0.0678
vn 0.0600 -0.9946 0.0852
vn 0.0271 -0.9955 0.0904
vn 0.0134 -0.9968 0.0785
vn 0.0282 -0.9971 0.0704
vn 0.0408 -0.9977 0.0541
vn 0.0499 -0.9983 0.0296
vn 0.0373 -0.9988 0.0319
vn 0.0199 -0.9993 0.0311
vn -0.0024 -0.9996 0.0293
vn 0.0048 -0.9988 0.0486
vn 0.0191 -0.9979 0.0615
vn -0.0086 -0.9994 0.0337
vn -0.0011 -0.9993 0.0376
vn -0.0193 -0.9995 0.0238
vn -0.0041 -0.9996 0.0281
vn -0.0055 -0.9997 0.0221
vn -0.0021 -0.9997 0.0252
vn -0.0001 -0.9997 0.0258
vn 0.0006 -0.9997 0.0246
vn 0.0043 -0.9993 0.0372
vn 0.0090 -0.9996 0.0275
vn 0.0141 -0.9999 -0.0045
vn -0.0054 -1.0000 -0.0029
vn -0.0275 -0.9996 -0.0045
vn -0.0522 -0.9986 -0.0098
vn -0.0366 -0.9992 0.0145
vn -0.0181 -0.9995 0.0252
vn 0.0218 -0.9996 0.0206
vn 0.0516 -0.9980 0.0374
vn -0.0059 -0.9999 0.0139
vn 0.0241 -0.9992 0.0306
vn -0.0026 -0.9997 0.0224
vn 0.0410 -0.9986 0.0336
vn 0.0695 -0.9966 0.0451
vn 0.0832 -0.9951 0.0529
vn 0.0721 -0.9961 0.0511
vn 0.0522 -0.9976 0.0458
vn 0.0312 -0.9992 0.0258
vn -0.0003 -0.9999 0.0134
vn -0.0277 -0.9996 0.0021
vn -0.0508 -0.9987 -0.0053
vn -0.0376 -0.9993 -0.0000
vn -0.0175 -0.9998 0.0054
vn -0.0026 -0.9775 0.2108
vn 0.0101 -0.9794 0.2019
vn 0.0052 -0.9998 -0.0189
vn 0.0186 -0.9992 -0.0362
vn -0.0811 -0.9605 -0.2663
vn -0.0046 -0.9801 -0.1986
vn 0.0072 -0.9802 -0.1979
vn 0.0012 -0.9803 -0.1976
vn 0.0028 -0.9810 0.1940
vn 0.0096 -0.9986 -0.0524
vn 0.0217 -0.9988 -0.0439
vn 0.0316 -0.9992 -0.0252
vn 0.0177 -0.9998 -0.0067
vn -0.0200 -0.9998 0.0098
vn -0.0304 -0.9995 -0.0033
vn -0.0816 -0.9527 0.2928
vn 0.0249 -0.9995 -0.0169
vn 0.0398 -0.9990 -0.0194
vn 0.0309 -0.9992 -0.0257
vn 0.0405 -0.9988 -0.0274
vn -0.0006 -1.0000 0.0061
vn 0.0201 -0.9998 0.0030
vn 0.0383 -0.9993 0.0015
vn 0.0541 -0.9985 0.0006
vn 0.0532 -0.9984 -0.0189
vn 0.0483 -0.9985 -0.0253
vn 0.0405 -0.9990 -0.0180
vn 0.0389 -0.9990 -0.0220
vn 0.0341 -0.9992 -0.0228
vn 0.0261 -0.9994 -0.0217
vn 0.0196 -0.9996 -0.0207
vn 0.0086 -0.9999 -0.0114
vn -0.0178 -0.9966 -0.0809
vn 0.0064 -0.9960 -0.0886
vn -0.0004 -0.9946 -0.1040
vn 0.0191 -0.9932 -0.1144
vn -0.0572 -0.9974 -0.0439
vn -0.0276 -0.9986 -0.0461
vn -0.0023 -0.9988 -0.0496
vn 0.0189 -0.9984 -0.0528
vn 0.0232 -0.9954 -0.0932
vn 0.0272 -0.9924 -0.1199
vn 0.0309 -0.9906 -0.1331
vn 0.0343 -0.9913 -0.1272
vn 0.0215 -0.9931 -0.1154
vn -0.0077 -0.9949 -0.1007
vn -0.0315 -0.9953 -0.0912
vn -0.0493 -0.9962 -0.0723
vn 0.0482 -0.9988 0.0119
vn 0.0663 -0.9978 0.0006
vn 0.0585 -0.9982 0.0163
vn 0.0799 -0.9967 0.0109
vn -0.0073 -0.9998 0.0184
vn 0.0331 -0.9994 0.0051
vn 0.0485 -0.9988 -0.0106
vn 0.0391 -0.9988 -0.0278
vn 0.0590 -0.9982 -0.0131
vn 0.0767 -0.9970 0.0026
vn 0.0869 -0.9960 0.0212
vn 0.0838 -0.9962 0.0222
vn 0.0590 -0.9981 0.0199
vn 0.0122 -0.9998 0.0166
vn 0.0124 -0.9997 0.0200
vn 0.0047 -0.9998 0.0209
vn -0.0298 -0.9994 -0.0179
vn -0.0160 -0.9996 -0.0224
vn -0.0168 -0.9998 -0.0128
vn -0.0106 -0.9998 -0.0195
vn -0.0505 -0.9987 -0.0094
vn -0.0358 -0.9993 -0.0120
vn -0.0141 -0.9999 -0.0100
vn 0.0145 -0.9999 -0.0037
vn 0.0041 -0.9998 -0.0212
vn -0.0007 -0.9998 -0.0211
vn -0.0014 -1.0000 -0.0037
vn -0.0036 -1.0000 -0.0015
vn -0.0052 -1.0000 0.0032
vn -0.0060 -0.9999 0.0084
vn -0.0193 -0.9998 -0.0029
vn -0.0373 -0.9993 -0.0089
vn 0.0205 -0.9997 0.0140
vn 0.0150 -0.9993 0.0353
vn -0.0091 -0.9999 0.0138
vn -0.0150 -0.9994 0.0311
vn 0.0282 -0.9996 -0.0011
vn 0.0541 -0.9984 0.0144
vn 0.0531 -0.9978 0.0392
vn 0.0255 -0.9976 0.0647
vn -0.0027 -0.9985 0.0550
vn -0.0193 -0.9988 0.0448
vn -0.0309 -0.9988 0.0380
vn -0.0390 -0.9989 0.0278
vn -0.0341 -0.9993 0.0140
vn -0.0146 -0.9999 0.0029
vn -0.0008 -1.0000 0.0009
vn 0.0135 -0.9999 -0.0005
vn 0.0401 -0.9990 -0.0209
vn 0.0315 -0.9991 -0.0296
vn 0.0541 -0.9981 -0.0292
vn 0.0410 -0.9985 -0.0349
vn 0.0216 -0.9998 -0.0006
vn 0.0236 -0.9997 -0.0105
vn 0.0182 -0.9996 -0.0199
vn 0.0055 -0.9996 -0.0268
vn 0.0131 -0.9993 -0.0354
vn 0.0174 -0.9991 -0.0379
vn 0.0164 -0.9993 -0.0347
vn 0.0437 -0.9984 -0.0359
vn 0.0610 -0.9975 -0.0354
vn 0.0674 -0.9972 -0.0327
vn 0.0563 -0.9982 -0.0209
vn 0.0390 -0.9992 -0.0102
vn -0.0927 -0.9955 0.0207
vn -0.1016 -0.9947 0.0132
vn -0.0757 -0.9968 0.0244
vn -0.0856 -0.9963 0.0116
vn -0.0640 -0.9976 0.0255
vn -0.0983 -0.9948 0.0255
vn -0.1065 -0.9939 0.0276
vn -0.0891 -0.9956 0.0283
vn -0.0828 -0.9965 0.0061
vn -0.0684 -0.9977 0.0001
vn -0.0509 -0.9987 -0.0008
vn -0.0641 -0.9979 0.0115
vn -0.0539 -0.9982 0.0252
vn -0.0200 -0.9991 0.0373
vn -0.0385 -0.9986 0.0370
vn -0.0559 -0.9980 0.0293
vn 0.0733 -0.9961 -0.0493
vn 0.0579 -0.9968 -0.0560
vn 0.0710 -0.9961 -0.0518
vn 0.0554 -0.9977 -0.0378
vn 0.0485 -0.9988 -0.0092
vn 0.0632 -0.9976 -0.0292
vn 0.0489 -0.9975 -0.0508
vn 0.0055 -0.9978 -0.0666
vn 0.0098 -0.9982 -0.0599
vn 0.0070 -0.9996 -0.0256
vn -0.0035 -0.9999 0.0130
vn 0.0402 -0.9991 -0.0096
vn 0.0553 -0.9978 -0.0373
vn 0.0418 -0.9972 -0.0624
vn 0.0540 -0.9965 -0.0645
vn 0.0561 -0.9975 -0.0432
vn -0.0655 -0.9978 0.0144
vn -0.0693 -0.9974 0.0193
vn -0.0687 -0.9975 0.0138
vn -0.0725 -0.9973 0.0129
vn -0.0277 -0.9996 0.0056
vn -0.0534 -0.9985 0.0144
vn -0.0575 -0.9980 0.0242
vn -0.0413 -0.9986 0.0321
vn -0.0505 -0.9984 0.0241
vn -0.0560 -0.9983 0.0134
vn -0.0559 -0.9984 -0.0001
vn -0.0660 -0.9978 0.0049
vn -0.0617 -0.9980 0.0127
vn -0.0432 -0.9989 0.0187
vn -0.0445 -0.9989 0.0134
vn -0.0385 -0.9992 0.0091
vn -0.0181 -0.9997 0.0186
vn -0.0254 -0.9996 0.0094
vn -0.0049 -0.9999 0.0113
vn -0.0101 -0.9999 0.0031
vn -0.0068 -0.9995 0.0314
vn -0.0338 -0.9992 0.0232
vn -0.0432 -0.9990 0.0119
vn -0.0349 -0.9994 0.0017
vn -0.0222 -0.9998 0.0011
vn -0.0120 -0.9999 -0.0041
vn -0.0031 -0.9999 -0.0140
vn 0.0041 -1.0000 -0.0072
vn 0.0083 -1.0000 0.0013
vn 0.0096 -0.9999 0.0081
vn 0.0036 -0.9999 0.0162
vn -0.0002 -0.9997 0.0240
vn -0.0135 -0.9999 -0.0107
vn -0.0253 -0.9995 0.0192
vn -0.0534 -0.9986 -0.0023
vn -0.0632 -0.9978 0.0216
vn 0.0194 -0.9986 -0.0500
vn 0.0257 -0.9994 -0.0213
vn 0.0120 -0.9999 0.0107
vn -0.0217 -0.9991 0.0361
vn -0.0449 -0.9981 0.0427
vn -0.0678 -0.9969 0.0401
vn -0.0843 -0.9960 0.0309
vn -0.0925 -0.9955 0.0202
vn -0.0841 -0.9964 0.0059
vn -0.0588 -0.9982 -0.0059
vn -0.0383 -0.9990 -0.0232
vn -0.0097 -0.9993 -0.0373
vn 0.0443 -0.9981 -0.0436
vn 0.0256 -0.9991 -0.0336
vn 0.0250 -0.9986 -0.0466
vn 0.0108 -0.9993 -0.0349
vn 0.0667 -0.9968 -0.0449
vn 0.0576 -0.9975 -0.0398
vn 0.0379 -0.9987 -0.0339
vn 0.0100 -0.9996 -0.0283
vn 0.0002 -0.9997 -0.0255
vn -0.0096 -0.9996 -0.0261
vn -0.0184 -0.9995 -0.0260
vn -0.0048 -0.9994 -0.0352
vn 0.0023 -0.9988 -0.0480
vn 0.0024 -0.9979 -0.0646
vn 0.0307 -0.9976 -0.0613
vn 0.0534 -0.9971 -0.0547
vn -0.0168 -0.9998 0.0076
vn -0.0244 -0.9996 -0.0138
vn 0.0138 -0.9999 0.0017
vn 0.0037 -0.9997 -0.0235
vn -0.0323 -0.9992 0.0244
vn -0.0437 -0.9990 0.0110
vn -0.0492 -0.9988 -0.0045
vn -0.0487 -0.9987 -0.0156
vn -0.0357 -0.9989 -0.0297
vn -0.0200 -0.9989 -0.0423
vn -0.0051 -0.9985 -0.0548
vn 0.0298 -0.9989 -0.0353
vn 0.0423 -0.9991 -0.0091
vn 0.0323 -0.9994 0.0151
vn 0.0102 -0.9996 0.0250
vn -0.0130 -0.9995 0.0271
vn 0.0219 -0.9998 0.0004
vn 0.0255 -0.9996 0.0080
vn 0.0102 -0.9999 0.0058
vn 0.0167 -0.9998 0.0145
vn 0.0228 -0.9996 -0.0157
vn 0.0310 -0.9995 -0.0102
vn 0.0337 -0.9994 -0.0055
vn 0.0308 -0.9995 0.0005
vn 0.0205 -0.9997 0.0152
vn 0.0112 -0.9997 0.0217
vn 0.0043 -0.9999 0.0167
vn 0.0098 -0.9999 0.0111
vn -0.0000 -1.0000 0.0041
vn -0.0250 -0.9997 -0.0078
vn -0.0084 -0.9999 -0.0073
vn 0.0096 -0.9999 -0.0102
vn 0.0109 -0.9992 -0.0377
vn 0.0083 -0.9984 -0.0558
vn 0.0355 -0.9977 -0.0586
vn 0.0300 -0.9966 -0.0770
vn -0.0122 -0.9999 0.0058
vn -0.0139 -0.9999 -0.0082
vn -0.0146 -0.9996 -0.0239
vn -0.0143 -0.9992 -0.0366
vn -0.0012 -0.9976 -0.0686
vn 0.0085 -0.9960 -0.0890
vn 0.0147 -0.9954 -0.0950
vn 0.0470 -0.9952 -0.0854
vn 0.0553 -0.9960 -0.0696
vn 0.0394 -0.9977 -0.0554
vn 0.0251 -0.9988 -0.0412
vn 0.0065 -0.9998 -0.0209
vn -0.0003 -1.0000 0.0010
vn -0.0031 -1.0000 -0.0087
vn 0.0161 -0.9997 -0.0182
vn 0.0088 -0.9995 -0.0309
vn -0.0148 -0.9994 0.0323
vn -0.0142 -0.9996 0.0232
vn -0.0130 -0.9998 0.0159
vn -0.0112 -0.9999 0.0117
vn -0.0072 -0.9999 -0.0145
vn -0.0023 -0.9993 -0.0385
vn 0.0033 -0.9980 -0.0630
vn 0.0218 -0.9984 -0.0529
vn 0.0341 -0.9988 -0.0360
vn 0.0403 -0.9991 -0.0151
vn 0.0198 -0.9998 -0.0023
vn 0.0011 -0.9999 0.0132
vn -0.0607 -0.9979 -0.0239
vn -0.0683 -0.9977 -0.0037
vn -0.0812 -0.9960 -0.0381
vn -0.0997 -0.9949 -0.0168
vn -0.0435 -0.9989 -0.0169
vn -0.0387 -0.9992 -0.0067
vn -0.0355 -0.9993 0.0121
vn -0.0339 -0.9988 0.0361
vn -0.0720 -0.9971 0.0227
vn -0.1089 -0.9940 0.0113
vn -0.1412 -0.9900 0.0007
vn -0.1272 -0.9915 -0.0282
vn -0.0989 -0.9938 -0.0502
vn -0.0563 -0.9966 -0.0603
vn -0.0534 -0.9974 -0.0478
vn -0.0495 -0.9982 -0.0336
vn -0.0221 -0.9979 -0.0607
vn -0.0199 -0.9988 -0.0439
vn -0.0439 -0.9963 -0.0733
vn -0.0475 -0.9976 -0.0508
vn -0.0125 -0.9990 -0.0421
vn -0.0080 -0.9992 -0.0398
vn -0.0004 -0.9995 -0.0324
vn 0.0104 -0.9997 -0.0233
vn -0.0084 -0.9996 -0.0255
vn -0.0341 -0.9991 -0.0268
vn -0.0587 -0.9979 -0.0270
vn -0.0745 -0.9959 -0.0515
vn -0.0662 -0.9950 -0.0754
vn -0.0339 -0.9952 -0.0918
vn -0.0234 -0.9959 -0.0879
vn -0.0150 -0.9974 -0.0704
vn -0.0014 -0.9995 0.0328
vn -0.0083 -0.9992 0.0390
vn -0.0117 -0.9992 0.0378
vn -0.0118 -0.9990 0.0424
vn 0.0228 -0.9997 0.0090
vn 0.0120 -0.9997 0.0193
vn -0.0010 -0.9996 0.0277
vn -0.0162 -0.9994 0.0304
vn -0.0117 -0.9992 0.0381
vn -0.0033 -0.9992 0.0392
vn 0.0058 -0.9995 0.0303
vn -0.0134 -0.9993 0.0342
vn -0.0192 -0.9994 0.0304
vn -0.0117 -0.9997 0.0233
vn -0.0029 -0.9996 0.0297
vn 0.0088 -0.9997 0.0237
vn -0.0131 -0.9998 -0.0121
vn -0.0101 -0.9999 -0.0092
vn -0.0190 -0.9992 -0.0355
vn -0.0131 -0.9994 -0.0311
vn -0.0092 -0.9999 0.0113
vn -0.0081 -0.9999 0.0137
vn -0.0083 -0.9998 0.0157
vn -0.0098 -0.9999 0.0140
vn -0.0030 -0.9999 -0.0110
vn 0.0030 -0.9995 -0.0317
vn 0.0059 -0.9988 -0.0492
vn -0.0181 -0.9985 -0.0521
vn -0.0259 -0.9979 -0.0592
vn -0.0175 -0.9978 -0.0646
vn -0.0146 -0.9991 -0.0395
vn -0.0118 -0.9998 -0.0152
vn 0.0555 -0.9983 0.0148
vn 0.0418 -0.9990 0.0129
vn 0.0587 -0.9983 -0.0047
vn 0.0781 -0.9968 0.0182
vn 0.0344 -0.9988 0.0354
vn -0.0409 -0.9970 0.0657
vn 0.0464 -0.9988 0.0164
vn 0.1038 -0.9942 -0.0275
vn 0.0785 -0.9969 -0.0022
vn 0.0721 -0.9973 0.0158
vn 0.0652 -0.9977 0.0172
vn 0.0521 -0.9985 0.0189
vn 0.0661 -0.9977 0.0170
vn -0.0000 -0.9998 0.0194
vn 0.0152 -0.9999 0.0052
vn 0.0307 -0.9993 0.0206
vn 0.0354 -0.9991 -0.0247
vn 0.0644 -0.9978 -0.0133
vn 0.0299 -0.9995 -0.0130
vn 0.1550 -0.9879 -0.0005
vn 0.1162 -0.9838 0.1363
vn 0.0850 -0.9964 0.0055
vn -0.1240 -0.9823 0.1404
vn 0.2885 0.9503 -0.1169
vn -0.0196 -0.9872 0.1583
vn -0.1283 -0.9838 0.1254
vn -0.0173 -0.9985 0.0525
vn -0.1141 -0.9861 0.1209
vn 0.0497 -0.9987 0.0145
vn 0.0698 -0.9976 0.0020
vn 0.0251 -0.9993 0.0288
vn 0.1567 -0.9876 -0.0143
vn 0.1082 0.9865 -0.1226
vn 0.0657 -0.9978 0.0072
vn 0.1012 -0.9947 0.0199
vn 0.1120 -0.9935 -0.0176
vn 0.0787 -0.9969 0.0073
vn 0.0830 -0.9964 0.0174
vn 0.0738 -0.9971 0.0177
vn 0.0895 -0.9960 0.0072
vn -0.0302 -0.9935 -0.1099
vn 0.0013 -0.9955 -0.0942
vn 0.2073 -0.9768 0.0539
vn 0.1922 -0.9803 0.0450
vn 0.0996 -0.9950 -0.0097
vn -0.0715 -0.9923 -0.1007
vn -0.0682 -0.9917 -0.1094
vn -0.0395 -0.9920 -0.1197
vn -0.0253 -0.9959 -0.0868
vn -0.0593 -0.9940 -0.0919
vn -0.0231 -0.9920 -0.1245
vn -0.0103 -0.9928 -0.1191
vn -0.0637 -0.9919 -0.1097
vn 0.2057 -0.9782 0.0293
vn 0.1595 -0.9871 0.0108
vn 0.0248 -0.9948 -0.0987
vn 0.2431 -0.9670 0.0757
vn 0.2299 -0.9709 0.0671
vn 0.2314 -0.9707 0.0652
vn 0.1967 -0.9794 0.0458
vn 0.1769 -0.9836 0.0338
vn 0.2124 -0.9756 0.0558
vn 0.1394 -0.9902 -0.0129
vn 0.0641 -0.9974 -0.0332
vn 0.0873 -0.9959 -0.0243
vn -0.0134 -0.9984 -0.0542
vn -0.0633 -0.9953 -0.0733
vn -0.1592 -0.9808 -0.1129
vn -0.1020 -0.9869 -0.1253
vn -0.0664 -0.9887 -0.1344
vn -0.0930 -0.9915 -0.0914
vn 0.0222 -0.9902 -0.1378
vn 0.0053 -0.9936 -0.1126
vn -0.0300 -0.9892 -0.1433
vn 0.0034 -0.9988 -0.0487
vn -0.0237 -0.9981 -0.0561
vn 0.0043 -0.9966 -0.0818
vn -0.0860 -0.9950 -0.0508
vn -0.0852 -0.9926 -0.0861
vn -0.0575 -0.9966 -0.0587
vn -0.0898 -0.9959 0.0058
vn -0.1048 -0.9945 0.0052
vn -0.0967 -0.9953 0.0031
vn -0.0654 -0.9979 0.0030
vn 0.0874 -0.9957 0.0305
vn 0.0784 -0.9967 0.0226
vn 0.0512 -0.9986 0.0111
vn 0.0056 -1.0000 -0.0001
vn -0.0421 -0.9991 -0.0056
vn -0.0081 -1.0000 -0.0057
vn 0.0157 -0.9999 -0.0059
vn 0.0292 -0.9996 -0.0050
vn -0.0420 -0.9989 0.0227
vn -0.0667 -0.9974 0.0275
vn -0.0830 -0.9961 0.0314
vn -0.0911 -0.9952 0.0347
vn -0.0507 -0.9987 -0.0074
vn -0.0872 -0.9961 -0.0097
vn -0.0969 -0.9953 -0.0088
vn -0.0799 -0.9968 -0.0068
vn 0.0007 -0.9994 -0.0354
vn -0.0089 -0.9998 -0.0200
vn -0.0282 -0.9996 -0.0069
vn -0.0570 -0.9984 0.0021
vn -0.0163 -0.9998 0.0075
vn 0.0272 -0.9995 0.0162
vn 0.0591 -0.9979 0.0256
vn 0.0795 -0.9963 0.0315
vn 0.0326 -0.9995 -0.0020
vn 0.0268 -0.9996 0.0033
vn 0.0120 -0.9999 0.0099
vn -0.0120 -0.9998 0.0167
vn 0.0905 0.9950 -0.0432
vn 0.1041 0.9943 -0.0221
vn 0.0677 0.9970 -0.0371
vn 0.0674 0.9976 -0.0170
vn 0.0695 0.9965 -0.0465
vn 0.1093 0.9932 -0.0397
vn 0.1356 0.9906 -0.0198
vn 0.1486 0.9889 0.0078
vn 0.1109 0.9938 0.0068
vn 0.0673 0.9977 0.0098
vn 0.0255 0.9995 0.0161
vn 0.0317 0.9995 -0.0061
vn 0.0443 0.9987 -0.0235
vn 0.0631 0.9975 -0.0326
vn 0.0681 0.9966 -0.0459
vn 0.0699 0.9962 -0.0514
vn 0.0965 0.9948 -0.0319
vn 0.0915 0.9953 -0.0313
vn 0.0977 0.9949 -0.0249
vn 0.0888 0.9957 -0.0246
vn 0.0631 0.9975 -0.0327
vn 0.0953 0.9948 -0.0359
vn 0.0952 0.9949 -0.0343
vn 0.0629 0.9976 -0.0284
vn 0.0547 0.9981 -0.0275
vn 0.0492 0.9985 -0.0228
vn 0.0480 0.9987 -0.0146
vn 0.0875 0.9961 -0.0143
vn 0.0980 0.9951 -0.0147
vn 0.0798 0.9967 -0.0143
vn 0.0761 0.9968 -0.0228
vn 0.0699 0.9971 -0.0289
vn 0.0699 0.9960 0.0559
vn 0.0906 0.9941 0.0595
vn 0.0614 0.9963 0.0599
vn 0.0793 0.9945 0.0681
vn 0.0208 0.9984 0.0517
vn 0.0700 0.9963 0.0499
vn 0.0915 0.9947 0.0467
vn 0.0855 0.9954 0.0442
vn 0.0817 0.9945 0.0649
vn 0.0670 0.9946 0.0787
vn 0.0456 0.9953 0.0857
vn 0.0616 0.9955 0.0725
vn 0.0481 0.9969 0.0620
vn 0.0048 0.9985 0.0547
vn 0.0132 0.9984 0.0542
vn 0.0191 0.9984 0.0532
vn 0.0293 0.9991 -0.0307
vn 0.0361 0.9992 -0.0172
vn 0.0110 0.9995 -0.0295
vn 0.0155 0.9997 -0.0193
vn 0.0347 0.9988 -0.0338
vn 0.0504 0.9985 -0.0224
vn 0.0581 0.9983 -0.0096
vn 0.0581 0.9983 0.0018
vn 0.0389 0.9992 -0.0033
vn 0.0184 0.9998 -0.0082
vn 0.0060 0.9999 -0.0129
vn 0.0044 0.9999 -0.0161
vn 0.0011 0.9998 -0.0188
vn -0.0039 0.9998 -0.0217
vn 0.0048 0.9993 -0.0379
vn 0.0187 0.9989 -0.0419
vn 0.0003 1.0000 -0.0002
vn -0.0066 1.0000 -0.0075
vn 0.0100 0.9999 0.0030
vn 0.0093 0.9999 -0.0052
vn 0.0130 0.9999 0.0039
vn -0.0065 1.0000 0.0038
vn -0.0195 0.9998 -0.0009
vn -0.0260 0.9996 -0.0083
vn -0.0100 0.9998 -0.0177
vn 0.0089 0.9998 -0.0162
vn 0.0274 0.9996 -0.0040
vn 0.0249 0.9997 0.0058
vn 0.0199 0.9997 0.0132
vn 0.0123 0.9998 0.0163
vn 0.0111 0.9999 0.0065
vn 0.0107 0.9999 0.0024
vn -0.0399 0.9992 0.0009
vn -0.0389 0.9992 -0.0123
vn -0.0185 0.9998 0.0060
vn -0.0194 0.9998 -0.0057
vn -0.0454 0.9989 -0.0060
vn -0.0608 0.9980 -0.0174
vn -0.0562 0.9980 -0.0274
vn -0.0316 0.9990 -0.0329
vn -0.0242 0.9995 -0.0219
vn -0.0139 0.9998 -0.0143
vn -0.0083 0.9999 -0.0102
vn -0.0063 1.0000 -0.0075
vn -0.0040 1.0000 -0.0024
vn -0.0014 1.0000 0.0022
vn -0.0112 0.9998 0.0162
vn -0.0272 0.9995 0.0135
vn -0.0086 0.9990 0.0433
vn 0.0057 0.9986 0.0528
vn -0.0276 0.9994 0.0221
vn -0.0036 0.9995 0.0320
vn -0.0114 0.9989 0.0454
vn 0.0078 0.9981 0.0606
vn 0.0119 0.9975 0.0692
vn 0.0009 0.9978 0.0668
vn 0.0108 0.9986 0.0521
vn 0.0186 0.9993 0.0336
vn 0.0204 0.9997 0.0097
vn -0.0160 0.9999 0.0048
vn -0.0465 0.9989 -0.0051
vn -0.0710 0.9974 -0.0152
vn -0.0535 0.9985 0.0091
vn -0.0321 0.9991 0.0286
vn -0.0416 0.9953 0.0872
vn -0.0478 0.9958 0.0778
vn -0.0247 0.9937 0.1091
vn -0.0254 0.9952 0.0948
vn -0.0359 0.9979 0.0546
vn -0.0492 0.9973 0.0543
vn -0.0590 0.9969 0.0523
vn -0.0654 0.9967 0.0491
vn -0.0524 0.9964 0.0664
vn -0.0281 0.9966 0.0780
vn 0.0028 0.9965 0.0838
vn 0.0037 0.9946 0.1033
vn -0.0023 0.9928 0.1199
vn -0.0152 0.9913 0.1307
vn -0.0260 0.9927 0.1181
vn -0.0337 0.9951 0.0928
vn 0.0250 0.9996 0.0151
vn 0.0325 0.9995 -0.0033
vn 0.0530 0.9985 0.0097
vn 0.0635 0.9980 -0.0079
vn -0.0096 0.9997 0.0233
vn -0.0006 0.9999 0.0132
vn 0.0024 1.0000 -0.0022
vn -0.0007 0.9998 -0.0186
vn 0.0270 0.9994 -0.0221
vn 0.0544 0.9982 -0.0246
vn 0.0741 0.9969 -0.0262
vn 0.0883 0.9960 -0.0157
vn 0.0774 0.9970 -0.0032
vn 0.0412 0.9991 0.0084
vn 0.0228 0.9994 0.0241
vn 0.0043 0.9996 0.0291
vn 0.0445 0.9989 0.0132
vn 0.0381 0.9990 0.0230
vn 0.0298 0.9992 0.0273
vn 0.0240 0.9991 0.0344
vn 0.0404 0.9991 -0.0137
vn 0.0627 0.9980 -0.0039
vn 0.0550 0.9985 0.0071
vn 0.0141 0.9997 0.0178
vn -0.0012 0.9995 0.0318
vn -0.0127 0.9991 0.0411
vn -0.0220 0.9987 0.0458
vn 0.0128 0.9991 0.0402
vn 0.0205 0.9992 0.0349
vn 0.0016 0.9995 0.0309
vn 0.0079 0.9998 0.0205
vn 0.0225 0.9997 0.0034
vn 0.0291 0.9992 -0.0276
vn 0.0207 0.9997 -0.0160
vn 0.0141 0.9994 -0.0312
vn 0.0022 0.9998 -0.0197
vn 0.0272 0.9995 -0.0181
vn 0.0407 0.9991 -0.0141
vn 0.0353 0.9994 -0.0048
vn 0.0109 0.9999 0.0034
vn 0.0015 1.0000 -0.0051
vn -0.0116 0.9999 -0.0088
vn -0.0247 0.9996 -0.0098
vn -0.0159 0.9997 -0.0187
vn -0.0015 0.9996 -0.0285
vn 0.0184 0.9992 -0.0354
vn 0.0240 0.9990 -0.0376
vn 0.0267 0.9991 -0.0332
vn -0.0101 0.9992 -0.0397
vn -0.0042 0.9989 -0.0462
vn -0.0013 0.9988 -0.0487
vn 0.0032 0.9986 -0.0522
vn -0.0167 0.9999 -0.0029
vn -0.0241 0.9996 -0.0135
vn -0.0177 0.9995 -0.0244
vn 0.0027 0.9994 -0.0340
vn 0.0129 0.9986 -0.0513
vn 0.0165 0.9984 -0.0538
vn 0.0149 0.9991 -0.0406
vn 0.0065 0.9991 -0.0412
vn 0.0038 0.9992 -0.0393
vn 0.0067 0.9993 -0.0372
vn 0.0029 0.9990 -0.0452
vn -0.0049 0.9994 -0.0330
vn -0.0593 0.9982 0.0103
vn -0.0402 0.9992 0.0038
vn -0.0460 0.9989 0.0095
vn -0.0267 0.9996 -0.0007
vn -0.0653 0.9979 0.0006
vn -0.0634 0.9980 0.0020
vn -0.0463 0.9989 0.0022
vn -0.0139 0.9999 0.0001
vn -0.0054 1.0000 -0.0030
vn 0.0054 0.9999 -0.0090
vn 0.0139 0.9997 -0.0186
vn -0.0113 0.9999 -0.0117
vn -0.0286 0.9996 -0.0010
vn -0.0381 0.9992 0.0099
vn -0.0526 0.9984 0.0190
vn -0.0629 0.9979 0.0156
vn 0.0393 0.9990 -0.0208
vn 0.0248 0.9997 -0.0085
vn 0.0203 0.9998 -0.0074
vn 0.0066 1.0000 0.0034
vn 0.0671 0.9971 -0.0353
vn 0.0563 0.9980 -0.0275
vn 0.0415 0.9990 -0.0191
vn 0.0225 0.9997 -0.0115
vn 0.0086 1.0000 0.0027
vn -0.0068 0.9999 0.0131
vn -0.0154 0.9997 0.0198
vn -0.0040 0.9998 0.0173
vn 0.0076 0.9999 0.0134
vn 0.0193 0.9998 0.0070
vn 0.0343 0.9992 -0.0187
vn 0.0523 0.9981 -0.0324
vn -0.0181 0.9993 -0.0326
vn -0.0447 0.9982 -0.0394
vn -0.0036 0.9997 -0.0261
vn -0.0233 0.9990 -0.0389
vn 0.0099 0.9993 -0.0347
vn -0.0234 0.9992 -0.0330
vn -0.0574 0.9978 -0.0322
vn -0.0808 0.9960 -0.0377
vn -0.0606 0.9969 -0.0510
vn -0.0338 0.9979 -0.0553
vn -0.0021 0.9988 -0.0498
vn 0.0041 0.9996 -0.0291
vn 0.0165 0.9998 -0.0124
vn 0.0348 0.9994 -0.0021
vn 0.0243 0.9996 -0.0176
vn 0.0148 0.9995 -0.0283
vn 0.0391 0.9540 -0.2974
vn 0.0326 0.9506 -0.3087
vn 0.0459 0.9969 0.0638
vn 0.0408 0.9975 0.0572
vn 0.0187 0.9194 0.3929
vn 0.0310 0.9216 0.3869
vn 0.0237 0.9256 0.3777
vn -0.0035 0.9290 0.3700
vn 0.0024 0.9471 -0.3208
vn 0.0097 0.9988 0.0481
vn 0.0136 0.9997 0.0218
vn 0.0422 0.9989 0.0212
vn 0.0465 0.9988 0.0184
vn 0.0265 0.9995 0.0177
vn 0.0249 0.9974 0.0680
vn 0.0219 0.9566 -0.2907
vn 0.0267 0.9987 0.0427
vn 0.0157 0.9990 0.0410
vn 0.0254 0.9970 0.0733
vn 0.0162 0.9970 0.0760
vn 0.0852 0.9913 0.1003
vn 0.0243 0.9997 -0.0014
vn 0.0145 0.9999 -0.0051
vn -0.0124 0.9999 -0.0028
vn -0.0149 0.9991 0.0404
vn -0.0133 0.9972 0.0731
vn -0.0078 0.9969 0.0777
vn 0.0152 0.9966 0.0810
vn 0.0194 0.9970 0.0744
vn 0.0047 0.9981 0.0611
vn 0.0145 0.9978 0.0653
vn 0.0866 0.9934 -0.0749
vn 0.0857 0.9309 -0.3551
vn 0.0955 0.9276 -0.3611
vn 0.0947 0.9954 -0.0153
vn 0.1032 0.9946 -0.0143
vn 0.0397 0.9250 0.3778
vn 0.0772 0.9274 0.3659
vn 0.0877 0.9324 0.3507
vn 0.0707 0.9389 0.3368
vn 0.0755 0.9279 -0.3652
vn 0.0789 0.9969 -0.0081
vn 0.0718 0.9972 -0.0228
vn 0.0998 0.9945 -0.0311
vn 0.0950 0.9949 -0.0342
vn 0.0574 0.9979 -0.0315
vn 0.0531 0.9985 -0.0114
vn 0.0458 0.9360 -0.3490
vn 0.1220 0.9913 0.0494
vn 0.1613 0.9862 0.0362
vn 0.1253 0.9920 0.0156
vn 0.1646 0.9862 0.0174
vn 0.0590 0.9958 0.0698
vn 0.1129 0.9919 0.0590
vn 0.1484 0.9882 0.0377
vn 0.1659 0.9861 0.0103
vn 0.1808 0.9833 0.0203
vn 0.1840 0.9827 0.0217
vn 0.1737 0.9847 0.0147
vn 0.1564 0.9877 -0.0056
vn 0.1213 0.9924 -0.0198
vn 0.0678 0.9974 -0.0234
vn 0.0652 0.9977 0.0179
vn 0.0621 0.9964 0.0579
vn -0.0234 0.9996 -0.0127
vn -0.0355 0.9993 -0.0103
vn -0.0251 0.9997 -0.0039
vn -0.0329 0.9994 -0.0068
vn 0.0065 0.9992 -0.0393
vn -0.0177 0.9993 -0.0325
vn -0.0319 0.9992 -0.0258
vn -0.0362 0.9991 -0.0206
vn -0.0382 0.9992 -0.0096
vn -0.0345 0.9993 -0.0113
vn -0.0222 0.9996 -0.0145
vn -0.0204 0.9998 -0.0039
vn -0.0180 0.9998 0.0051
vn -0.0149 0.9998 0.0089
vn -0.0112 0.9999 -0.0055
vn -0.0018 0.9998 -0.0178
vn -0.0740 0.9957 -0.0560
vn -0.0473 0.9977 -0.0489
vn -0.0786 0.9952 -0.0584
vn -0.0596 0.9967 -0.0554
vn -0.0821 0.9952 -0.0539
vn -0.0662 0.9966 -0.0480
vn -0.0355 0.9986 -0.0387
vn 0.0103 0.9995 -0.0300
vn -0.0013 0.9992 -0.0391
vn -0.0178 0.9987 -0.0478
vn -0.0297 0.9986 -0.0449
vn -0.0637 0.9969 -0.0469
vn -0.0746 0.9963 -0.0438
vn -0.0623 0.9974 -0.0365
vn -0.0749 0.9956 -0.0555
vn -0.0817 0.9950 -0.0576
vn 0.0073 0.9999 0.0094
vn -0.0162 0.9997 0.0179
vn -0.0034 0.9999 0.0149
vn -0.0258 0.9995 0.0188
vn 0.0517 0.9984 -0.0246
vn 0.0188 0.9997 -0.0156
vn -0.0031 1.0000 -0.0026
vn -0.0141 0.9998 0.0129
vn -0.0300 0.9992 0.0278
vn -0.0397 0.9990 0.0198
vn -0.0357 0.9993 0.0088
vn -0.0265 0.9996 0.0116
vn -0.0081 0.9999 0.0122
vn 0.0196 0.9998 0.0090
vn 0.0302 0.9995 0.0089
vn 0.0426 0.9991 0.0014
vn 0.0912 0.9958 0.0039
vn 0.0870 0.9962 0.0063
vn 0.0824 0.9966 0.0023
vn 0.0838 0.9965 0.0073
vn 0.0783 0.9968 -0.0156
vn 0.0953 0.9954 -0.0137
vn 0.0874 0.9961 -0.0128
vn 0.0544 0.9984 -0.0152
vn 0.0607 0.9981 0.0039
vn 0.0678 0.9977 0.0073
vn 0.0684 0.9976 0.0063
vn 0.0748 0.9972 0.0013
vn 0.0689 0.9976 -0.0075
vn 0.0504 0.9986 -0.0169
vn 0.0636 0.9980 -0.0047
vn 0.0735 0.9973 -0.0005
vn 0.0967 0.9948 -0.0307
vn 0.1001 0.9946 -0.0283
vn 0.0917 0.9953 -0.0309
vn 0.0895 0.9957 -0.0237
vn 0.0550 0.9984 -0.0144
vn 0.0925 0.9955 -0.0205
vn 0.1009 0.9946 -0.0250
vn 0.0802 0.9964 -0.0261
vn 0.0721 0.9972 -0.0219
vn 0.0546 0.9984 -0.0129
vn 0.0335 0.9994 0.0008
vn 0.0731 0.9973 -0.0112
vn 0.0797 0.9966 -0.0213
vn 0.0549 0.9981 -0.0284
vn 0.0620 0.9975 -0.0345
vn 0.0620 0.9976 -0.0299
vn -0.0137 0.9996 -0.0242
vn -0.0209 0.9997 -0.0136
vn -0.0306 0.9994 -0.0130
vn -0.0403 0.9992 -0.0016
vn -0.0007 0.9998 -0.0223
vn -0.0025 0.9998 -0.0191
vn -0.0069 0.9999 -0.0145
vn -0.0138 0.9999 -0.0080
vn -0.0300 0.9995 -0.0017
vn -0.0495 0.9987 0.0103
vn -0.0637 0.9976 0.0278
vn -0.0558 0.9982 0.0215
vn -0.0448 0.9989 0.0148
vn -0.0309 0.9995 0.0088
vn -0.0202 0.9996 -0.0221
vn -0.0084 0.9994 -0.0325
vn 0.0196 0.9997 0.0166
vn 0.0288 0.9996 0.0028
vn 0.0406 0.9987 0.0307
vn 0.0552 0.9984 0.0157
vn -0.0053 1.0000 0.0035
vn 0.0043 1.0000 -0.0006
vn 0.0091 0.9999 -0.0080
vn 0.0092 0.9998 -0.0160
vn 0.0276 0.9995 -0.0124
vn 0.0528 0.9986 -0.0007
vn 0.0750 0.9970 0.0190
vn 0.0789 0.9964 0.0307
vn 0.0596 0.9973 0.0418
vn 0.0170 0.9987 0.0488
vn 0.0089 0.9991 0.0403
vn 0.0002 0.9997 0.0252
vn 0.0324 0.9988 0.0372
vn 0.0456 0.9984 0.0347
vn 0.0352 0.9986 0.0386
vn 0.0489 0.9981 0.0383
vn 0.0125 0.9995 0.0296
vn 0.0276 0.9992 0.0279
vn 0.0375 0.9990 0.0229
vn 0.0425 0.9990 0.0159
vn 0.0523 0.9982 0.0310
vn 0.0559 0.9977 0.0380
vn 0.0532 0.9979 0.0372
vn 0.0481 0.9983 0.0344
vn 0.0369 0.9988 0.0330
vn 0.0153 0.9993 0.0333
vn 0.0125 0.9992 0.0388
vn 0.0120 0.9992 0.0378
vn 0.0408 0.9990 0.0169
vn 0.0343 0.9993 0.0172
vn 0.0103 0.9998 0.0176
vn -0.0234 0.9996 -0.0159
vn -0.2344 0.9578 -0.1665
vn -0.2083 0.9663 -0.1509
vn -0.1286 0.9861 -0.1053
vn 0.0407 0.9990 -0.0159
vn 0.0546 0.9985 -0.0071
vn 0.0423 0.9990 0.0123
vn 0.0201 0.9995 0.0246
vn 0.0382 0.9990 0.0236
vn 0.0260 0.9995 0.0200
vn 0.0453 0.9985 0.0304
vn 0.0329 0.9991 0.0250
vn 0.0443 0.9987 0.0255
vn 0.0049 0.9998 0.0200
vn -0.0006 0.9999 0.0155
vn 0.0173 0.9996 0.0226
vn -0.1860 0.9676 -0.1705
vn -0.2975 0.9169 -0.2662
vn -0.0342 0.9994 -0.0102
vn -0.0720 0.9953 -0.0652
vn -0.2474 0.9522 -0.1792
vn -0.1203 0.9855 -0.1195
vn -0.7467 -0.4779 -0.4627
vn -0.2680 0.9409 -0.2070
vn -0.2173 0.9628 -0.1604
vn -0.1466 0.9817 -0.1214
vn -0.1207 0.9869 -0.1070
vn -0.1042 0.9899 -0.0965
vn -0.0326 0.9974 -0.0647
vn 0.0335 0.9983 -0.0478
vn -0.0438 0.9969 -0.0650
vn 0.0726 0.9974 -0.0032
vn 0.0570 0.9984 -0.0003
vn 0.0656 0.9973 -0.0322
vn 0.0354 0.9992 0.0184
vn 0.0313 0.9993 0.0194
vn 0.0468 0.9988 0.0117
vn 0.0478 0.9984 -0.0299
vn 0.0307 0.9987 -0.0401
vn 0.0604 0.9977 -0.0296
vn 0.0444 0.9984 -0.0354
vn 0.0427 0.9989 -0.0187
vn 0.0298 0.9991 -0.0301
vn 0.0115 0.9990 -0.0425
vn -0.0123 0.9984 -0.0554
vn 0.0073 0.9987 -0.0509
vn 0.0218 0.9989 -0.0418
vn 0.0277 0.9992 -0.0282
vn 0.0489 0.9984 -0.0283
vn 0.0641 0.9975 -0.0291
vn 0.0734 0.9969 -0.0299
vn 0.0698 0.9973 -0.0243
vn 0.0586 0.9981 -0.0206
vn 0.0047 0.9994 -0.0351
vn 0.0078 0.9999 -0.0133
vn -0.0299 0.9992 -0.0264
vn -0.0211 0.9997 -0.0096
vn 0.0247 0.9977 -0.0632
vn 0.0458 0.9982 -0.0394
vn 0.0426 0.9990 -0.0151
vn 0.0152 0.9999 0.0008
vn 0.0006 1.0000 0.0008
vn -0.0106 0.9999 0.0007
vn -0.0160 0.9999 0.0007
vn -0.0402 0.9992 -0.0039
vn -0.0538 0.9985 -0.0133
vn -0.0566 0.9981 -0.0230
vn -0.0368 0.9984 -0.0431
vn -0.0086 0.9984 -0.0565
vn -0.0932 0.9925 0.0786
vn -0.0981 0.9936 0.0558
vn -0.0653 0.9963 0.0557
vn -0.0655 0.9972 0.0369
vn -0.0885 0.9890 0.1189
vn -0.1303 0.9872 0.0920
vn -0.1357 0.9886 0.0655
vn -0.1041 0.9937 0.0425
vn -0.0706 0.9969 0.0346
vn -0.0403 0.9990 0.0185
vn -0.0152 0.9999 -0.0056
vn -0.0384 0.9992 0.0090
vn -0.0429 0.9988 0.0243
vn -0.0294 0.9988 0.0380
vn -0.0416 0.9966 0.0715
vn -0.0581 0.9934 0.0992
vn 0.0526 0.9967 -0.0612
vn 0.0865 0.9959 -0.0278
vn 0.0920 0.9956 -0.0194
vn -0.0415 0.9978 0.0515
vn -0.1031 0.9909 0.0870
vn -0.1261 0.9869 0.1011
vn -0.0333 0.9988 0.0348
vn -0.0210 0.9997 0.0103
vn -0.0515 0.9987 -0.0050
vn 0.0157 0.9994 -0.0298
vn 0.0201 0.9966 -0.0793
vn 0.0580 0.9954 -0.0762
vn 0.0274 0.9976 -0.0643
vn 0.1081 0.9936 -0.0339
vn 0.1079 0.9937 -0.0287
vn 0.0899 0.9944 -0.0560
vn 0.0332 0.9991 0.0267
vn 0.0580 0.9983 0.0063
vn 0.1069 0.9941 -0.0204
vn -0.0723 0.9948 0.0724
vn -0.0659 0.9956 0.0666
vn -0.0478 0.9970 0.0600
vn -0.0997 0.9910 0.0897
vn -0.0945 0.9919 0.0851
vn -0.1101 0.9893 0.0953
vn -0.2140 0.9638 0.1587
vn -0.1396 0.9842 0.1091
vn -0.1493 0.9814 0.1209
vn -0.1154 0.9878 0.1044
vn -0.0343 0.9989 0.0313
vn -0.0645 0.9960 0.0626
vn -0.0374 0.9991 0.0210
vn -0.0565 0.9983 0.0109
vn -0.0250 0.9994 0.0221
vn -0.0883 0.9959 -0.0186
vn -0.0579 0.9981 -0.0202
vn -0.0798 0.9968 -0.0026
vn 0.0120 0.9992 -0.0389
vn 0.0202 0.9987 -0.0471
vn -0.0156 0.9994 -0.0305
vn -0.0788 0.9968 -0.0134
vn -0.0458 0.9987 -0.0205
vn -0.0671 0.9975 -0.0213
vn -0.0363 0.9989 -0.0285
vn -0.1046 0.9945 0.0057
vn -0.0881 0.9961 0.0016
vn -0.0547 0.9985 -0.0030
vn -0.0044 1.0000 -0.0083
vn 0.0038 0.9996 -0.0263
vn 0.0089 0.9994 -0.0336
vn 0.0085 0.9995 -0.0306
vn -0.0301 0.9992 -0.0277
vn -0.0571 0.9981 -0.0225
vn -0.0714 0.9973 -0.0170
vn -0.0827 0.9965 -0.0135
vn -0.0953 0.9954 -0.0060
vn 0.0650 0.9964 -0.0548
vn 0.0496 0.9980 -0.0394
vn 0.0321 0.9982 -0.0511
vn 0.0221 0.9993 -0.0299
vn 0.0885 0.9944 -0.0571
vn 0.0800 0.9953 -0.0538
vn 0.0631 0.9968 -0.0500
vn 0.0376 0.9983 -0.0452
vn 0.0264 0.9993 -0.0267
vn 0.0070 0.9999 -0.0141
vn -0.0114 0.9999 0.0040
vn -0.0086 0.9999 -0.0101
vn -0.0067 0.9995 -0.0312
vn -0.0058 0.9984 -0.0563
vn 0.0371 0.9965 -0.0755
vn 0.0726 0.9948 -0.0719
vn -0.0643 0.9462 -0.3170
vn -0.0442 0.9525 -0.3014
vn -0.0744 0.9949 0.0683
vn -0.0510 0.9963 0.0698
vn -0.0574 0.9387 0.3398
vn -0.0489 0.9307 0.3624
vn -0.0326 0.9243 0.3804
vn -0.0085 0.9203 0.3912
vn -0.0135 0.9563 -0.2920
vn -0.0158 0.9974 0.0699
vn -0.0119 0.9997 0.0230
vn -0.0451 0.9984 0.0353
vn -0.0671 0.9963 0.0529
vn -0.0780 0.9942 0.0737
vn -0.0861 0.9941 0.0661
vn -0.0738 0.9389 -0.3362
vn 0.0435 0.9987 -0.0261
vn 0.0263 0.9994 -0.0241
vn 0.0342 0.9983 -0.0463
vn 0.0251 0.9988 -0.0429
vn 0.0731 0.9973 0.0028
vn 0.0525 0.9985 0.0122
vn 0.0253 0.9996 0.0123
vn 0.0020 1.0000 0.0063
vn 0.0095 0.9996 -0.0272
vn 0.0140 0.9990 -0.0428
vn 0.0140 0.9992 -0.0370
vn 0.0206 0.9990 -0.0396
vn 0.0251 0.9987 -0.0446
vn 0.0275 0.9983 -0.0512
vn 0.0392 0.9978 -0.0527
vn 0.0544 0.9979 -0.0343
vn -0.0008 0.9998 0.0209
vn 0.0058 1.0000 -0.0081
vn 0.0421 0.9991 0.0033
vn 0.0381 0.9991 -0.0197
vn -0.0493 0.9963 0.0705
vn -0.0413 0.9985 0.0365
vn -0.0251 0.9997 0.0080
vn -0.0007 0.9999 -0.0112
vn 0.0158 0.9995 -0.0272
vn 0.0320 0.9989 -0.0342
vn 0.0418 0.9985 -0.0361
vn 0.0608 0.9977 -0.0299
vn 0.0734 0.9971 -0.0184
vn 0.0797 0.9968 -0.0036
vn 0.0441 0.9985 0.0313
vn -0.0041 0.9984 0.0558
vn -0.0678 0.9975 0.0212
vn -0.0510 0.9982 0.0314
vn -0.0840 0.9961 0.0280
vn -0.0592 0.9977 0.0328
vn -0.0455 0.9988 -0.0205
vn -0.0418 0.9991 -0.0002
vn -0.0343 0.9993 0.0157
vn -0.0230 0.9994 0.0243
vn -0.0258 0.9991 0.0347
vn -0.0218 0.9992 0.0321
vn -0.0138 0.9998 0.0165
vn -0.0599 0.9980 0.0201
vn -0.0906 0.9957 0.0203
vn -0.1058 0.9942 0.0185
vn -0.0963 0.9952 0.0199
vn -0.0761 0.9971 0.0070
vn 0.0233 0.9997 0.0047
vn 0.0503 0.9987 -0.0045
vn 0.0388 0.9992 -0.0069
vn 0.0617 0.9980 -0.0141
vn -0.0447 0.9987 0.0241
vn 0.0053 0.9999 0.0105
vn 0.0362 0.9993 0.0002
vn 0.0479 0.9988 -0.0089
vn 0.0615 0.9980 -0.0124
vn 0.0717 0.9972 -0.0194
vn 0.0761 0.9967 -0.0299
vn 0.0686 0.9972 -0.0283
vn 0.0502 0.9984 -0.0243
vn 0.0207 0.9996 -0.0170
vn 0.0028 1.0000 0.0036
vn -0.0196 0.9997 0.0173
vn -0.0164 0.9999 0.0033
vn -0.0315 0.9994 0.0167
vn -0.0420 0.9990 0.0178
vn -0.0516 0.9982 0.0322
vn 0.0378 0.9990 -0.0222
vn 0.0037 0.9999 -0.0142
vn -0.0143 0.9999 -0.0050
vn -0.0161 0.9999 0.0019
vn -0.0242 0.9994 0.0252
vn -0.0321 0.9987 0.0408
vn -0.0393 0.9980 0.0487
vn -0.0704 0.9967 0.0414
vn -0.0668 0.9973 0.0291
vn -0.0285 0.9995 0.0147
vn -0.0031 1.0000 0.0015
vn 0.0213 0.9997 -0.0108
vn -0.0164 0.9998 -0.0088
vn 0.0070 0.9999 -0.0074
vn -0.0172 0.9997 -0.0162
vn 0.0033 0.9999 -0.0148
vn -0.0306 0.9994 -0.0175
vn -0.0157 0.9997 -0.0167
vn 0.0084 0.9998 -0.0169
vn 0.0417 0.9990 -0.0169
vn 0.0387 0.9992 -0.0047
vn 0.0316 0.9994 -0.0109
vn 0.0228 0.9994 -0.0242
vn -0.0003 0.9996 -0.0279
vn -0.0152 0.9995 -0.0275
vn -0.0221 0.9995 -0.0229
vn -0.0297 0.9994 -0.0149
vn -0.0315 0.9995 -0.0094
vn -0.0638 0.9400 -0.3352
vn -0.0548 0.9391 -0.3393
vn -0.0618 0.9978 0.0227
vn -0.0530 0.9986 0.0090
vn -0.0427 0.9289 0.3679
vn -0.0616 0.9263 0.3718
vn -0.0526 0.9243 0.3781
vn -0.0158 0.9241 0.3818
vn -0.0148 0.9389 -0.3438
vn -0.0109 0.9999 -0.0029
vn -0.0029 0.9997 -0.0227
vn -0.0429 0.9990 -0.0093
vn -0.0520 0.9986 0.0051
vn -0.0301 0.9994 0.0165
vn -0.0377 0.9986 0.0363
vn -0.0418 0.9431 -0.3298
vn 0.0555 0.9971 -0.0530
vn 0.0638 0.9968 -0.0490
vn 0.0484 0.9977 -0.0473
vn 0.0522 0.9979 -0.0395
vn 0.0325 0.9986 -0.0408
vn 0.0561 0.9975 -0.0441
vn 0.0695 0.9966 -0.0442
vn 0.0728 0.9965 -0.0411
vn 0.0623 0.9972 -0.0421
vn 0.0471 0.9985 -0.0297
vn 0.0301 0.9995 -0.0024
vn 0.0355 0.9993 -0.0142
vn 0.0344 0.9991 -0.0260
vn 0.0269 0.9990 -0.0355
vn 0.0355 0.9980 -0.0523
vn 0.0374 0.9979 -0.0537
vn 0.0017 0.9989 -0.0469
vn -0.0002 0.9987 -0.0507
vn 0.0106 0.9990 -0.0443
vn 0.0001 0.9989 -0.0461
vn -0.0075 0.9995 -0.0321
vn -0.0085 0.9991 -0.0406
vn -0.0013 0.9990 -0.0437
vn 0.0140 0.9990 -0.0413
vn 0.0061 0.9988 -0.0489
vn -0.0012 0.9990 -0.0437
vn -0.0085 0.9996 -0.0256
vn -0.0037 0.9995 -0.0299
vn 0.0128 0.9994 -0.0327
vn 0.0408 0.9987 -0.0320
vn 0.0303 0.9988 -0.0373
vn 0.0120 0.9992 -0.0373
vn -0.0963 0.9944 0.0437
vn -0.0924 0.9946 0.0475
vn -0.1009 0.9937 0.0478
vn -0.0958 0.9942 0.0490
vn -0.0489 0.9984 0.0281
vn -0.0856 0.9956 0.0375
vn -0.0844 0.9954 0.0453
vn -0.0454 0.9977 0.0503
vn -0.0503 0.9975 0.0506
vn -0.0542 0.9972 0.0507
vn -0.0576 0.9970 0.0508
vn -0.0965 0.9941 0.0498
vn -0.1018 0.9936 0.0499
vn -0.0738 0.9961 0.0492
vn -0.0696 0.9965 0.0457
vn -0.0621 0.9973 0.0387
vn -0.0309 0.9995 -0.0041
vn -0.0164 0.9998 -0.0124
vn -0.0227 0.9997 -0.0051
vn -0.0042 0.9999 -0.0109
vn -0.0248 0.9997 0.0048
vn -0.0410 0.9992 -0.0016
vn -0.0301 0.9995 -0.0127
vn 0.0080 0.9997 -0.0243
vn 0.0202 0.9996 -0.0219
vn 0.0315 0.9993 -0.0178
vn 0.0394 0.9992 -0.0120
vn 0.0046 1.0000 -0.0083
vn -0.0175 0.9998 -0.0052
vn -0.0269 0.9996 -0.0051
vn -0.0241 0.9997 -0.0036
vn -0.0230 0.9997 -0.0007
vn -0.0354 0.9969 -0.0702
vn -0.0384 0.9965 -0.0741
vn -0.0254 0.9982 -0.0546
vn -0.0374 0.9977 -0.0573
vn -0.0375 0.9970 -0.0678
vn -0.0600 0.9946 -0.0852
vn -0.0271 0.9955 -0.0904
vn -0.0134 0.9968 -0.0785
vn -0.0282 0.9971 -0.0704
vn -0.0408 0.9977 -0.0541
vn -0.0499 0.9983 -0.0296
vn -0.0373 0.9988 -0.0319
vn -0.0199 0.9993 -0.0311
vn 0.0024 0.9996 -0.0293
vn -0.0048 0.9988 -0.0486
vn -0.0191 0.9979 -0.0615
vn 0.0086 0.9994 -0.0337
vn 0.0011 0.9993 -0.0376
vn 0.0193 0.9995 -0.0238
vn 0.0041 0.9996 -0.0281
vn 0.0055 0.9997 -0.0221
vn 0.0021 0.9997 -0.0252
vn 0.0001 0.9997 -0.0258
vn -0.0006 0.9997 -0.0246
vn -0.0043 0.9993 -0.0372
vn -0.0090 0.9996 -0.0275
vn -0.0141 0.9999 0.0045
vn 0.0054 1.0000 0.0029
vn 0.0275 0.9996 0.0045
vn 0.0522 0.9986 0.0098
vn 0.0366 0.9992 -0.0145
vn 0.0181 0.9995 -0.0252
vn -0.0218 0.9996 -0.0206
vn -0.0516 0.9980 -0.0374
vn 0.0059 0.9999 -0.0139
vn -0.0241 0.9992 -0.0306
vn 0.0026 0.9997 -0.0224
vn -0.0410 0.9986 -0.0336
vn -0.0695 0.9966 -0.0451
vn -0.0832 0.9951 -0.0529
vn -0.0721 0.9961 -0.0511
vn -0.0522 0.9976 -0.0458
vn -0.0312 0.9992 -0.0258
vn 0.0003 0.9999 -0.0134
vn 0.0277 0.9996 -0.0021
vn 0.0508 0.9987 0.0053
vn 0.0376 0.9993 -0.0000
vn 0.0175 0.9998 -0.0054
vn 0.0026 0.9775 -0.2108
vn -0.0101 0.9794 -0.2019
vn -0.0052 0.9998 0.0189
vn -0.0186 0.9992 0.0362
vn 0.0811 0.9605 0.2663
vn 0.0046 0.9801 0.1986
vn -0.0072 0.9802 0.1979
vn -0.0012 0.9803 0.1976
vn -0.0028 0.9810 -0.1940
vn -0.0096 0.9986 0.0524
vn -0.0217 0.9988 0.0439
vn -0.0316 0.9992 0.0252
vn -0.0177 0.9998 0.0067
vn 0.0200 0.9998 -0.0098
vn 0.0304 0.9995 0.0033
vn 0.0816 0.9527 -0.2928
vn -0.0249 0.9995 0.0169
vn -0.0398 0.9990 0.0194
vn -0.0309 0.9992 0.0257
vn -0.0405 0.9988 0.0274
vn 0.0006 1.0000 -0.0061
vn -0.0201 0.9998 -0.0030
vn -0.0383 0.9993 -0.0015
vn -0.0541 0.9985 -0.0006
vn -0.0532 0.9984 0.0189
vn -0.0483 0.9985 0.0253
vn -0.0405 0.9990 0.0180
vn -0.0389 0.9990 0.0220
vn -0.0341 0.9992 0.0228
vn -0.0261 0.9994 0.0217
vn -0.0196 0.9996 0.0207
vn -0.0086 0.9999 0.0114
vn 0.0178 0.9966 0.0809
vn -0.0064 0.9960 0.0886
vn 0.0004 0.9946 0.1040
vn -0.0191 0.9932 0.1144
vn 0.0572 0.9974 0.0439
vn 0.0276 0.9986 0.0461
vn 0.0023 0.9988 0.0496
vn -0.0189 0.9984 0.0528
vn -0.0232 0.9954 0.0932
vn -0.0272 0.9924 0.1199
vn -0.0309 0.9906 0.1331
vn -0.0343 0.9913 0.1272
vn -0.0215 0.9931 0.1154
vn 0.0077 0.9949 0.1007
vn 0.0315 0.9953 0.0912
vn 0.0493 0.9962 0.0723
vn -0.0482 0.9988 -0.0119
vn -0.0663 0.9978 -0.0006
vn -0.0585 0.9982 -0.0163
vn -0.0799 0.9967 -0.0109
vn 0.0073 0.9998 -0.0184
vn -0.0331 0.9994 -0.0051
vn -0.0485 0.9988 0.0106
vn -0.0391 0.9988 0.0278
vn -0.0590 0.9982 0.0131
vn -0.0767 0.9970 -0.0026
vn -0.0869 0.9960 -0.0212
vn -0.0838 0.9962 -0.0222
vn -0.0590 0.9981 -0.0199
vn -0.0122 0.9998 -0.0166
vn -0.0124 0.9997 -0.0200
vn -0.0047 0.9998 -0.0209
vn 0.0298 0.9994 0.0179
vn 0.0160 0.9996 0.0224
vn 0.0168 0.9998 0.0128
vn 0.0106 0.9998 0.0195
vn 0.0505 0.9987 0.0094
vn 0.0358 0.9993 0.0120
vn 0.0141 0.9999 0.0100
vn -0.0145 0.9999 0.0037
vn -0.0041 0.9998 0.0212
vn 0.0007 0.9998 0.0211
vn 0.0014 1.0000 0.0037
vn 0.0036 1.0000 0.0015
vn 0.0052 1.0000 -0.0032
vn 0.0060 0.9999 -0.0084
vn 0.0193 0.9998 0.0029
vn 0.0373 0.9993 0.0089
vn -0.0205 0.9997 -0.0140
vn -0.0150 0.9993 -0.0353
vn 0.0091 0.9999 -0.0138
vn 0.0150 0.9994 -0.0311
vn -0.0282 0.9996 0.0011
vn -0.0541 0.9984 -0.0144
vn -0.0531 0.9978 -0.0392
vn -0.0255 0.9976 -0.0647
vn 0.0027 0.9985 -0.0550
vn 0.0193 0.9988 -0.0448
vn 0.0309 0.9988 -0.0380
vn 0.0390 0.9989 -0.0278
vn 0.0341 0.9993 -0.0140
vn 0.0146 0.9999 -0.0029
vn 0.0008 1.0000 -0.0009
vn -0.0135 0.9999 0.0005
vn -0.0401 0.9990 0.0209
vn -0.0315 0.9991 0.0296
vn -0.0541 0.9981 0.0292
vn -0.0410 0.9985 0.0349
vn -0.0216 0.9998 0.0006
vn -0.0236 0.9997 0.0105
vn -0.0182 0.9996 0.0199
vn -0.0055 0.9996 0.0268
vn -0.0131 0.9993 0.0354
vn -0.0174 0.9991 0.0379
vn -0.0164 0.9993 0.0347
vn -0.0437 0.9984 0.0359
vn -0.0610 0.9975 0.0354
vn -0.0674 0.9972 0.0327
vn -0.0563 0.9982 0.0209
vn -0.0390 0.9992 0.0102
vn 0.0927 0.9955 -0.0207
vn 0.1016 0.9947 -0.0132
vn 0.0757 0.9968 -0.0244
vn 0.0856 0.9963 -0.0116
vn 0.0640 0.9976 -0.0255
vn 0.0983 0.9948 -0.0255
vn 0.1065 0.9939 -0.0276
vn 0.0891 0.9956 -0.0283
vn 0.0828 0.9965 -0.0061
vn 0.0684 0.9977 -0.0001
vn 0.0509 0.9987 0.0008
vn 0.0641 0.9979 -0.0115
vn 0.0539 0.9982 -0.0252
vn 0.0200 0.9991 -0.0373
vn 0.0385 0.9986 -0.0370
vn 0.0559 0.9980 -0.0293
vn -0.0733 0.9961 0.0493
vn -0.0579 0.9968 0.0560
vn -0.0710 0.9961 0.0518
vn -0.0554 0.9977 0.0378
vn -0.0485 0.9988 0.0092
vn -0.0632 0.9976 0.0292
vn -0.0489 0.9975 0.0508
vn -0.0055 0.9978 0.0666
vn -0.0098 0.9982 0.0599
vn -0.0070 0.9996 0.0256
vn 0.0035 0.9999 -0.0130
vn -0.0402 0.9991 0.0096
vn -0.0553 0.9978 0.0373
vn -0.0418 0.9972 0.0624
vn -0.0540 0.9965 0.0645
vn -0.0561 0.9975 0.0432
vn 0.0655 0.9978 -0.0144
vn 0.0693 0.9974 -0.0193
vn 0.0687 0.9975 -0.0138
vn 0.0725 0.9973 -0.0129
vn 0.0277 0.9996 -0.0056
vn 0.0534 0.9985 -0.0144
vn 0.0575 0.9980 -0.0242
vn 0.0413 0.9986 -0.0321
vn 0.0505 0.9984 -0.0241
vn 0.0560 0.9983 -0.0134
vn 0.0559 0.9984 0.0001
vn 0.0660 0.9978 -0.0049
vn 0.0617 0.9980 -0.0127
vn 0.0432 0.9989 -0.0187
vn 0.0445 0.9989 -0.0134
vn 0.0385 0.9992 -0.0091
vn 0.0181 0.9997 -0.0186
vn 0.0254 0.9996 -0.0094
vn 0.0049 0.9999 -0.0113
vn 0.0101 0.9999 -0.0031
vn 0.0068 0.9995 -0.0314
vn 0.0338 0.9992 -0.0232
vn 0.0432 0.9990 -0.0119
vn 0.0349 0.9994 -0.0017
vn 0.0222 0.9998 -0.0011
vn 0.0120 0.9999 0.0041
vn 0.0031 0.9999 0.0140
vn -0.0041 1.0000 0.0072
vn -0.0083 1.0000 -0.0013
vn -0.0096 0.9999 -0.0081
vn -0.0036 0.9999 -0.0162
vn 0.0002 0.9997 -0.0240
vn 0.0135 0.9999 0.0107
vn 0.0253 0.9995 -0.0192
vn 0.0534 0.9986 0.0023
vn 0.0632 0.9978 -0.0216
vn -0.0194 0.9986 0.0500
vn -0.0257 0.9994 0.0213
vn -0.0120 0.9999 -0.0107
vn 0.0217 0.9991 -0.0361
vn 0.0449 0.9981 -0.0427
vn 0.0678 0.9969 -0.0401
vn 0.0843 0.9960 -0.0309
vn 0.0925 0.9955 -0.0202
vn 0.0841 0.9964 -0.0059
vn 0.0588 0.9982 0.0059
vn 0.0383 0.9990 0.0232
vn 0.0097 0.9993 0.0373
vn -0.0443 0.9981 0.0436
vn -0.0256 0.9991 0.0336
vn -0.0250 0.9986 0.0466
vn -0.0108 0.9993 0.0349
vn -0.0667 0.9968 0.0449
vn -0.0576 0.9975 0.0398
vn -0.0379 0.9987 0.0339
vn -0.0100 0.9996 0.0283
vn -0.0002 0.9997 0.0255
vn 0.0096 0.9996 0.0261
vn 0.0184 0.9995 0.0260
vn 0.0048 0.9994 0.0352
vn -0.0023 0.9988 0.0480
vn -0.0024 0.9979 0.0646
vn -0.0307 0.9976 0.0613
vn -0.0534 0.9971 0.0547
vn 0.0168 0.9998 -0.0076
vn 0.0244 0.9996 0.0138
vn -0.0138 0.9999 -0.0017
vn -0.0037 0.9997 0.0235
vn 0.0323 0.9992 -0.0244
vn 0.0437 0.9990 -0.0110
vn 0.0492 0.9988 0.0045
vn 0.0487 0.9987 0.0156
vn 0.0357 0.9989 0.0297
vn 0.0200 0.9989 0.0423
vn 0.0051 0.9985 0.0548
vn -0.0298 0.9989 0.0353
vn -0.0423 0.9991 0.0091
vn -0.0323 0.9994 -0.0151
vn -0.0102 0.9996 -0.0250
vn 0.0130 0.9995 -0.0271
vn -0.0219 0.9998 -0.0004
vn -0.0255 0.9996 -0.0080
vn -0.0102 0.9999 -0.0058
vn -0.0167 0.9998 -0.0145
vn -0.0228 0.9996 0.0157
vn -0.0310 0.9995 0.0102
vn -0.0337 0.9994 0.0055
vn -0.0308 0.9995 -0.0005
vn -0.0205 0.9997 -0.0152
vn -0.0112 0.9997 -0.0217
vn -0.0043 0.9999 -0.0167
vn -0.0098 0.9999 -0.0111
vn -0.0000 1.0000 -0.0041
vn 0.0250 0.9997 0.0078
vn 0.0084 0.9999 0.0073
vn -0.0096 0.9999 0.0102
vn -0.0109 0.9992 0.0377
vn -0.0083 0.9984 0.0558
vn -0.0355 0.9977 0.0586
vn -0.0300 0.9966 0.0770
vn 0.0122 0.9999 -0.0058
vn 0.0139 0.9999 0.0082
vn 0.0146 0.9996 0.0239
vn 0.0143 0.9992 0.0366
vn 0.0012 0.9976 0.0686
vn -0.0085 0.9960 0.0890
vn -0.0147 0.9954 0.0950
vn -0.0470 0.9952 0.0854
vn -0.0553 0.9960 0.0696
vn -0.0394 0.9977 0.0554
vn -0.0251 0.9988 0.0412
vn -0.0065 0.9998 0.0209
vn 0.0003 1.0000 -0.0010
vn 0.0031 1.0000 0.0087
vn -0.0161 0.9997 0.0182
vn -0.0088 0.9995 0.0309
vn 0.0148 0.9994 -0.0323
vn 0.0142 0.9996 -0.0232
vn 0.0130 0.9998 -0.0159
vn 0.0112 0.9999 -0.0117
vn 0.0072 0.9999 0.0145
vn 0.0023 0.9993 0.0385
vn -0.0033 0.9980 0.0630
vn -0.0218 0.9984 0.0529
vn -0.0341 0.9988 0.0360
vn -0.0403 0.9991 0.0151
vn -0.0198 0.9998 0.0023
vn -0.0011 0.9999 -0.0132
vn 0.0607 0.9979 0.0239
vn 0.0683 0.9977 0.0037
vn 0.0812 0.9960 0.0381
vn 0.0997 0.9949 0.0168
vn 0.0435 0.9989 0.0169
vn 0.0387 0.9992 0.0067
vn 0.0355 0.9993 -0.0121
vn 0.0339 0.9988 -0.0361
vn 0.0720 0.9971 -0.0227
vn 0.1089 0.9940 -0.0113
vn 0.1412 0.9900 -0.0007
vn 0.1272 0.9915 0.0282
vn 0.0989 0.9938 0.0502
vn 0.0563 0.9966 0.0603
vn 0.0534 0.9974 0.0478
vn 0.0495 0.9982 0.0336
vn 0.0221 0.9979 0.0607
vn 0.0199 0.9988 0.0439
vn 0.0439 0.9963 0.0733
vn 0.0475 0.9976 0.0508
vn 0.0125 0.9990 0.0421
vn 0.0080 0.9992 0.0398
vn 0.0004 0.9995 0.0324
vn -0.0104 0.9997 0.0233
vn 0.0084 0.9996 0.0255
vn 0.0341 0.9991 0.0268
vn 0.0587 0.9979 0.0270
vn 0.0745 0.9959 0.0515
vn 0.0662 0.9949 0.0754
vn 0.0339 0.9952 0.0918
vn 0.0234 0.9959 0.0879
vn 0.0150 0.9974 0.0704
vn 0.0014 0.9995 -0.0328
vn 0.0083 0.9992 -0.0390
vn 0.0117 0.9992 -0.0378
vn 0.0118 0.9990 -0.0424
vn -0.0228 0.9997 -0.0090
vn -0.0120 0.9997 -0.0193
vn 0.0010 0.9996 -0.0277
vn 0.0162 0.9994 -0.0304
vn 0.0117 0.9992 -0.0381
vn 0.0033 0.9992 -0.0392
vn -0.0058 0.9995 -0.0303
vn 0.0134 0.9993 -0.0342
vn 0.0192 0.9994 -0.0304
vn 0.0117 0.9997 -0.0233
vn 0.0029 0.9996 -0.0297
vn -0.0088 0.9997 -0.0237
vn 0.0131 0.9998 0.0121
vn 0.0101 0.9999 0.0092
vn 0.0190 0.9992 0.0355
vn 0.0131 0.9994 0.0311
vn 0.0092 0.9999 -0.0113
vn 0.0081 0.9999 -0.0137
vn 0.0083 0.9998 -0.0157
vn 0.0098 0.9999 -0.0140
vn 0.0030 0.9999 0.0110
vn -0.0030 0.9995 0.0317
vn -0.0059 0.9988 0.0492
vn 0.0181 0.9985 0.0521
vn 0.0259 0.9979 0.0592
vn 0.0175 0.9978 0.0646
vn 0.0146 0.9991 0.0395
vn 0.0118 0.9998 0.0152
vn -0.0555 0.9983 -0.0148
vn -0.0418 0.9990 -0.0129
vn -0.0587 0.9983 0.0047
vn -0.0781 0.9968 -0.0182
vn -0.0344 0.9988 -0.0354
vn 0.0409 0.9970 -0.0657
vn -0.0464 0.9988 -0.0164
vn -0.1038 0.9942 0.0275
vn -0.0785 0.9969 0.0022
vn -0.0721 0.9973 -0.0158
vn -0.0652 0.9977 -0.0172
vn -0.0521 0.9985 -0.0189
vn -0.0661 0.9977 -0.0170
vn -0.0000 0.9998 -0.0194
vn -0.0152 0.9999 -0.0052
vn -0.0307 0.9993 -0.0206
vn -0.0354 0.9991 0.0247
vn -0.0644 0.9978 0.0133
vn -0.0299 0.9995 0.0130
vn -0.1550 0.9879 0.0005
vn -0.1162 0.9838 -0.1363
vn -0.0850 0.9964 -0.0055
vn 0.1240 0.9823 -0.1404
vn -0.2885 -0.9503 0.1169
vn 0.0196 0.9872 -0.1583
vn 0.1283 0.9838 -0.1254
vn 0.0173 0.9985 -0.0525
vn 0.1141 0.9861 -0.1209
vn -0.0497 0.9987 -0.0145
vn -0.0698 0.9976 -0.0020
vn -0.0251 0.9993 -0.0288
vn -0.1567 0.9876 0.0143
vn -0.1082 -0.9865 0.1226
vn -0.0657 0.9978 -0.0072
vn -0.1012 0.9947 -0.0199
vn -0.1120 0.9935 0.0176
vn -0.0787 0.9969 -0.0073
vn -0.0830 0.9964 -0.0174
vn -0.0738 0.9971 -0.0177
vn -0.0895 0.9960 -0.0072
vn 0.0302 0.9935 0.1099
vn -0.0013 0.9955 0.0942
vn -0.2073 0.9768 -0.0539
vn -0.1922 0.9803 -0.0450
vn -0.0996 0.9950 0.0097
vn 0.0715 0.9923 0.1007
vn 0.0682 0.9916 0.1094
vn 0.0395 0.9920 0.1197
vn 0.0253 0.9959 0.0868
vn 0.0593 0.9940 0.0919
vn 0.0231 0.9920 0.1245
vn 0.0103 0.9928 0.1191
vn 0.0637 0.9919 0.1097
vn -0.2057 0.9782 -0.0293
vn -0.1595 0.9871 -0.0108
vn -0.0248 0.9948 0.0987
vn -0.2431 0.9670 -0.0757
vn -0.2299 0.9709 -0.0671
vn -0.2314 0.9707 -0.0652
vn -0.1967 0.9794 -0.0458
vn -0.1769 0.9836 -0.0338
vn -0.2124 0.9756 -0.0558
vn -0.1394 0.9902 0.0129
vn -0.0641 0.9974 0.0332
vn -0.0873 0.9959 0.0243
vn 0.0134 0.9984 0.0542
vn 0.0633 0.9953 0.0733
vn 0.1592 0.9808 0.1128
vn 0.1020 0.9869 0.1253
vn 0.0664 0.9887 0.1344
vn 0.0930 0.9915 0.0914
vn -0.0222 0.9902 0.1378
vn -0.0053 0.9936 0.1126
vn 0.0300 0.9892 0.1433
vn -0.0034 0.9988 0.0487
vn 0.0237 0.9981 0.0561
vn -0.0043 0.9966 0.0818
vn 0.0860 0.9950 0.0508
vn 0.0852 0.9926 0.0861
vn 0.0575 0.9966 0.0587
vn 0.0898 0.9959 -0.0058
vn 0.1048 0.9945 -0.0052
vn 0.0967 0.9953 -0.0031
vn 0.0654 0.9979 -0.0030
vn -0.0874 0.9957 -0.0305
vn -0.0784 0.9967 -0.0226
vn -0.0512 0.9986 -0.0111
vn -0.0056 1.0000 0.0001
vn 0.0421 0.9991 0.0056
vn 0.0081 1.0000 0.0057
vn -0.0157 0.9999 0.0059
vn -0.0292 0.9996 0.0050
vn 0.0420 0.9989 -0.0227
vn 0.0667 0.9974 -0.0275
vn 0.0830 0.9961 -0.0314
vn 0.0911 0.9952 -0.0347
vn 0.0507 0.9987 0.0074
vn 0.0872 0.9961 0.0097
vn 0.0969 0.9953 0.0088
vn 0.0799 0.9968 0.0068
vn -0.0007 0.9994 0.0354
vn 0.0089 0.9998 0.0200
vn 0.0282 0.9996 0.0069
vn 0.0570 0.9984 -0.0021
vn 0.0163 0.9998 -0.0075
vn -0.0272 0.9995 -0.0162
vn -0.0591 0.9979 -0.0256
vn -0.0795 0.9963 -0.0315
vn -0.0326 0.9995 0.0020
vn -0.0268 0.9996 -0.0033
vn -0.0120 0.9999 -0.0099
vn 0.0120 0.9998 -0.0167
vn -1.0000 0.0027 0.0002
vn 0.1886 -0.0022 0.9820
vn -0.0000 0.0017 -1.0000
vn 0.4499 -0.0029 0.8931
vn 0.5263 -0.0028 0.8503
vn 0.5974 -0.0030 0.8020
vn 0.6576 -0.0031 0.7533
vn -0.5321 -0.0000 0.8467
vn 0.0001 -0.0017 1.0000
vn 0.7626 -0.0030 0.6469
vn 0.8035 -0.0032 0.5953
vn 0.8374 -0.0031 0.5467
vn 0.8704 -0.0031 0.4924
vn 0.8949 -0.0032 0.4463
vn 0.9168 -0.0031 0.3993
vn 0.9058 -0.0017 -0.4236
vn 0.9517 -0.0031 0.3070
vn 0.9642 -0.0030 0.2652
vn 0.9474 -0.0020 -0.3201
vn 0.9831 -0.0030 0.1828
vn -0.0000 0.0016 -1.0000
vn 0.9975 -0.0028 0.0707
vn 0.9999 -0.0027 0.0136
vn -1.0000 0.0027 -0.0000
vn 0.9249 -0.0032 0.3802
vn 0.9967 -0.0026 -0.0807
vn 1.0000 -0.0027 0.0005
vn -1.0000 0.0027 -0.0001
vn 1.0000 -0.0027 0.0002
vn 1.0000 -0.0027 -0.0001
vn -0.0001 0.0017 -1.0000
vn 1.0000 -0.0027 0.0001
vn 0.9965 -0.0026 -0.0839
vn -0.0002 0.0017 -1.0000
vn 0.9965 -0.0028 0.0838
vn 1.0000 -0.0027 -0.0000
vn 1.0000 -0.0027 -0.0003
vn 1.0000 -0.0027 -0.0006
vn 0.9977 -0.0028 0.0683
vn 0.9995 -0.0027 -0.0329
vn 0.0002 -0.0017 1.0000
vn 0.9999 -0.0027 -0.0136
vn 0.0003 -0.0017 1.0000
vn 0.9975 -0.0026 -0.0707
vn 0.9832 -0.0024 -0.1825
vn -1.0000 0.0027 -0.0011
vn 0.9749 -0.0023 -0.2227
vn -1.0000 0.0027 -0.0005
vn 0.9642 -0.0022 -0.2650
vn -1.0000 0.0027 -0.0002
vn 0.8678 -0.0015 -0.4970
vn 0.9348 -0.0019 -0.3552
vn 0.9169 -0.0018 -0.3992
vn -0.0005 0.0016 -1.0000
vn 0.8949 -0.0016 -0.4463
vn -0.0013 0.0017 -1.0000
vn 0.9120 -0.0031 0.4102
vn -0.0030 0.0016 -1.0000
vn 0.7561 -0.0031 0.6544
vn -0.3421 0.0026 -0.9397
vn 0.8033 -0.0012 -0.5956
vn -0.0209 0.0017 -0.9998
vn -0.3343 0.0025 -0.9425
vn -0.0668 0.0020 -0.9978
vn 0.7171 -0.0007 -0.6970
vn -0.2493 0.0023 -0.9684
vn 0.6576 -0.0006 -0.7533
vn -0.4495 0.0028 -0.8933
vn 0.5972 -0.0002 -0.8021
vn -0.5257 0.0027 -0.8506
vn 0.5262 -0.0000 -0.8504
vn -0.5970 0.0030 -0.8023
vn -0.4801 0.0028 -0.8772
vn -0.6572 0.0030 -0.7537
vn -0.3075 0.0024 -0.9515
vn 0.1332 0.0013 -0.9911
vn 0.0370 0.0014 -0.9993
vn -0.7622 0.0032 -0.6473
vn 0.0108 0.0016 -0.9999
vn -0.8033 0.0031 -0.5956
vn 0.4476 0.0003 -0.8943
vn -0.8372 0.0032 -0.5469
vn -0.0994 0.0019 -0.9950
vn -0.8701 0.0031 -0.4929
vn -0.1992 0.0021 -0.9800
vn -0.8948 0.0031 -0.4465
vn 0.2738 -0.0023 0.9618
vn 0.1735 0.0012 -0.9848
vn -0.9167 0.0031 -0.3995
vn -0.2736 -0.0009 0.9618
vn 0.0001 0.0016 -1.0000
vn -0.9346 0.0031 -0.3557
vn -0.0000 -0.0017 1.0000
vn -0.9517 0.0031 -0.3071
vn -0.9641 0.0031 -0.2655
vn -0.0001 -0.0017 1.0000
vn -0.9748 0.0030 -0.2230
vn -0.9831 0.0029 -0.1830
vn -0.8633 0.0032 -0.5048
vn -0.9997 0.0028 -0.0247
vn -0.9937 0.0025 0.1119
vn -1.0000 0.0027 -0.0030
vn -1.0000 0.0027 0.0001
vn -1.0000 0.0027 0.0003
vn -1.0000 0.0027 0.0005
vn -0.9977 0.0028 -0.0681
vn -1.0000 0.0027 0.0018
vn -0.9777 0.0023 0.2100
vn -0.9999 0.0027 0.0139
vn -1.0000 0.0027 -0.0010
vn -0.9975 0.0026 0.0710
vn -1.0000 0.0027 0.0009
vn -0.9831 0.0023 0.1829
vn -0.9748 0.0022 0.2230
vn -0.9642 0.0021 0.2653
vn -0.9517 0.0020 0.3070
vn -0.9347 0.0019 0.3555
vn -0.9168 0.0018 0.3994
vn -0.8948 0.0016 0.4464
vn -0.8701 0.0015 0.4929
vn -0.8374 0.0013 0.5466
vn 0.0001 0.0017 -1.0000
vn -0.8034 0.0012 0.5955
vn -0.8271 0.0013 0.5620
vn -0.7171 0.0008 0.6970
vn -0.6574 0.0005 0.7535
vn -0.5971 0.0002 0.8022
vn -0.5262 -0.0000 0.8504
vn -0.4500 -0.0002 0.8930
vn -0.1888 -0.0011 0.9820
vn -0.0370 -0.0016 0.9993
vn -0.0108 -0.0017 0.9999
vn 0.1964 -0.0022 0.9805
vn -0.0015 -0.0017 1.0000
vn -0.0007 -0.0017 1.0000
vn -0.0002 -0.0016 1.0000
vn 0.0004 -0.0017 1.0000
vn 0.0012 -0.0017 1.0000
vn 0.1232 -0.0020 0.9924
vn -0.2074 -0.0011 0.9783
vn 0.8456 -0.0031 0.5338
vt 0.000000 0.500000
vt 1.000000 0.500000
vt 0.500000 0.000000
vt 0.500000 1.000000
vt 0.500000 0.500000
vt 1.000000 0.750000
vt 0.000000 0.750000
vt 0.500000 0.750000
vt 0.750000 0.000000
vt 0.750000 1.000000
vt 0.750000 0.500000
vt 0.750000 0.750000
vt 0.250000 1.000000
vt 0.250000 0.500000
vt 0.250000 0.000000
vt 0.250000 0.750000
vt 0.000000 0.250000
vt 1.000000 0.250000
vt 0.500000 0.246686
vt 0.750000 0.246686
vt 0.250000 0.246686
vt 1.000000 0.375000
vt 0.500000 0.392519
vt 0.750000 0.392519
vt 0.250000 0.392519
vt 0.000000 0.375000
vt 0.000000 0.625000
vt 1.000000 0.625000
vt 0.500000 0.625000
vt 0.750000 0.625000
vt 0.250000 0.625000
vt 1.000000 0.875000
vt 0.500000 0.875000
vt 0.000000 0.875000
vt 0.750000 0.875000
vt 0.250000 0.875000
vt 0.000000 0.125000
vt 1.000000 0.125000
vt 0.500000 0.125000
vt 0.750000 0.125000
vt 0.250000 0.125000
vt 0.125000 1.000000
vt 0.125000 0.500000
vt 0.125000 0.750000
vt 0.125000 0.000000
vt 0.125000 0.246686
vt 0.125000 0.392519
vt 0.125000 0.625000
vt 0.121127 0.878873
vt 0.120983 0.120983
vt 0.375000 0.000000
vt 0.375000 1.000000
vt 0.375000 0.500000
vt 0.375000 0.750000
vt 0.375000 0.246686
vt 0.375000 0.392519
vt 0.375000 0.625000
vt 0.375000 0.875000
vt 0.375000 0.125000
vt 0.625000 1.000000
vt 0.625000 0.500000
vt 0.625000 0.750000
vt 0.625000 0.000000
vt 0.625000 0.246686
vt 0.625000 0.392519
vt 0.625000 0.625000
vt 0.625000 0.875000
vt 0.625000 0.125000
vt 0.875000 0.000000
vt 0.875000 1.000000
vt 0.875000 0.500000
vt 0.875000 0.750000
vt 0.875000 0.246686
vt 0.875000 0.392519
vt 0.875000 0.625000
vt 0.879017 0.879017
vt 0.879017 0.120983
vt 0.000000 0.355114
vt 1.000000 0.355114
vt 0.500000 0.340909
vt 0.750000 0.340909
vt 0.250000 0.340909
vt 0.125000 0.340909
vt 0.375000 0.340909
vt 0.625000 0.340909
vt 0.875000 0.340909
vt 0.000000 0.990226
vt 0.009775 1.000000
vt 0.000333 0.992755
vt 0.001310 0.995113
vt 0.002863 0.997137
vt 0.004887 0.998691
vt 0.007245 0.999667
vt 0.005000 0.000000
vt 0.000000 0.005000
vt 0.003706 0.000170
vt 0.002500 0.000670
vt 0.001464 0.001464
vt 0.000670 0.002500
vt 0.000170 0.003706
vt 1.000000 0.005000
vt 0.995000 0.000000
vt 0.999830 0.003706
vt 0.999330 0.002500
vt 0.998536 0.001464
vt 0.997500 0.000670
vt 0.996294 0.000170
vt 0.995000 1.000000
vt 1.000000 0.995000
vt 0.996294 0.999830
vt 0.997500 0.999330
vt 0.998536 0.998536
vt 0.999330 0.997500
vt 0.999830 0.996294
vt 0.000000 0.593750
vt 0.000000 0.562500
vt 0.000000 0.531250
vt 1.000000 0.406250
vt 1.000000 0.437500
vt 1.000000 0.468750
vt 0.093750 0.500000
vt 0.062500 0.500000
vt 0.031250 0.500000
vt 0.406250 0.000000
vt 0.437500 0.000000
vt 0.468750 0.000000
vt 0.593750 1.000000
vt 0.562500 1.000000
vt 0.531250 1.000000
vt 0.593750 0.500000
vt 0.562500 0.500000
vt 0.531250 0.500000
vt 0.500000 0.413641
vt 0.500000 0.439690
vt 0.500000 0.469024
vt 0.500000 0.906250
vt 0.500000 0.937500
vt 0.500000 0.968750
vt 1.000000 0.656250
vt 1.000000 0.687500
vt 1.000000 0.718750
vt 0.000000 0.843750
vt 0.000000 0.812500
vt 0.000000 0.781250
vt 0.500000 0.656250
vt 0.500000 0.687500
vt 0.500000 0.718750
vt 0.093750 0.750000
vt 0.062500 0.750000
vt 0.031250 0.750000
vt 0.593750 0.750000
vt 0.562500 0.750000
vt 0.531250 0.750000
vt 0.656250 0.000000
vt 0.687500 0.000000
vt 0.718750 0.000000
vt 0.843750 1.000000
vt 0.812500 1.000000
vt 0.781250 1.000000
vt 0.843750 0.500000
vt 0.812500 0.500000
vt 0.781250 0.500000
vt 0.843750 0.750000
vt 0.812500 0.750000
vt 0.781250 0.750000
vt 0.750000 0.656250
vt 0.750000 0.687500
vt 0.750000 0.718750
vt 0.750000 0.413641
vt 0.750000 0.439690
vt 0.750000 0.469024
vt 0.750000 0.906250
vt 0.750000 0.937500
vt 0.750000 0.968750
vt 0.343750 1.000000
vt 0.312500 1.000000
vt 0.281250 1.000000
vt 0.343750 0.500000
vt 0.312500 0.500000
vt 0.281250 0.500000
vt 0.156250 0.000000
vt 0.187500 0.000000
vt 0.218750 0.000000
vt 0.343750 0.750000
vt 0.312500 0.750000
vt 0.281250 0.750000
vt 0.250000 0.656250
vt 0.250000 0.687500
vt 0.250000 0.718750
vt 0.250000 0.906250
vt 0.250000 0.937500
vt 0.250000 0.968750
vt 0.250000 0.413641
vt 0.250000 0.439690
vt 0.250000 0.469024
vt 0.000000 0.328835
vt 0.000000 0.302557
vt 0.000000 0.276278
vt 1.000000 0.156250
vt 1.000000 0.187500
vt 1.000000 0.218750
vt 0.500000 0.156198
vt 0.500000 0.187086
vt 0.500000 0.217352
vt 0.750000 0.156198
vt 0.750000 0.187086
vt 0.750000 0.217352
vt 0.250000 0.156198
vt 0.250000 0.187086
vt 0.250000 0.217352
vt 0.093750 0.246720
vt 0.062500 0.246962
vt 0.031250 0.247687
vt 0.593750 0.246686
vt 0.562500 0.246686
vt 0.531250 0.246686
vt 0.343750 0.246686
vt 0.312500 0.246686
vt 0.281250 0.246686
vt 0.843750 0.246686
vt 0.812500 0.246686
vt 0.781250 0.246686
vt 1.000000 0.360085
vt 1.000000 0.365057
vt 1.000000 0.370028
vt 0.500000 0.354366
vt 0.500000 0.365471
vt 0.500000 0.377197
vt 0.750000 0.354366
vt 0.750000 0.365471
vt 0.750000 0.377197
vt 0.250000 0.354366
vt 0.250000 0.365471
vt 0.250000 0.377197
vt 0.000000 0.468750
vt 0.000000 0.437500
vt 0.000000 0.406250
vt 0.093750 0.392336
vt 0.062500 0.391059
vt 0.031250 0.387227
vt 0.593750 0.392519
vt 0.562500 0.392519
vt 0.531250 0.392519
vt 0.343750 0.392519
vt 0.312500 0.392519
vt 0.281250 0.392519
vt 0.843750 0.392519
vt 0.812500 0.392519
vt 0.781250 0.392519
vt 0.000000 0.718750
vt 0.000000 0.687500
vt 0.000000 0.656250
vt 1.000000 0.531250
vt 1.000000 0.562500
vt 1.000000 0.593750
vt 0.500000 0.531250
vt 0.500000 0.562500
vt 0.500000 0.593750
vt 0.750000 0.531250
vt 0.750000 0.562500
vt 0.750000 0.593750
vt 0.250000 0.531250
vt 0.250000 0.562500
vt 0.250000 0.593750
vt 0.093750 0.625000
vt 0.062500 0.625000
vt 0.031250 0.625000
vt 0.593750 0.625000
vt 0.562500 0.625000
vt 0.531250 0.625000
vt 0.843750 0.625000
vt 0.812500 0.625000
vt 0.781250 0.625000
vt 0.343750 0.625000
vt 0.312500 0.625000
vt 0.281250 0.625000
vt 1.000000 0.781250
vt 1.000000 0.812500
vt 1.000000 0.843750
vt 0.500000 0.781250
vt 0.500000 0.812500
vt 0.500000 0.843750
vt 0.750000 0.781250
vt 0.750000 0.812500
vt 0.750000 0.843750
vt 0.250000 0.781250
vt 0.250000 0.812500
vt 0.250000 0.843750
vt 0.086790 0.881943
vt 0.054269 0.883095
vt 0.025864 0.880030
vt 0.593750 0.875000
vt 0.562500 0.875000
vt 0.531250 0.875000
vt 0.343750 0.875000
vt 0.312500 0.875000
vt 0.281250 0.875000
vt 0.845445 0.876695
vt 0.813002 0.875502
vt 0.781313 0.875063
vt 0.000000 0.218750
vt 0.000000 0.187500
vt 0.000000 0.156250
vt 0.500000 0.031250
vt 0.500000 0.062500
vt 0.500000 0.093750
vt 0.750000 0.031250
vt 0.750000 0.062500
vt 0.750000 0.093750
vt 0.250000 0.031250
vt 0.250000 0.062500
vt 0.250000 0.093750
vt 0.845445 0.123306
vt 0.813002 0.124498
vt 0.781313 0.124937
vt 0.343750 0.125000
vt 0.312500 0.125000
vt 0.281250 0.125000
vt 0.593750 0.125000
vt 0.562500 0.125000
vt 0.531250 0.125000
vt 0.086533 0.117791
vt 0.053965 0.116534
vt 0.025664 0.119597
vt 0.218750 1.000000
vt 0.187500 1.000000
vt 0.156250 1.000000
vt 0.218750 0.500000
vt 0.187500 0.500000
vt 0.156250 0.500000
vt 0.218750 0.750000
vt 0.187500 0.750000
vt 0.156250 0.750000
vt 0.218750 0.246686
vt 0.187500 0.246686
vt 0.156250 0.246686
vt 0.218750 0.392519
vt 0.187500 0.392519
vt 0.156250 0.392519
vt 0.218750 0.625000
vt 0.187500 0.625000
vt 0.156250 0.625000
vt 0.218689 0.875061
vt 0.187016 0.875484
vt 0.154616 0.876634
vt 0.218687 0.124937
vt 0.186998 0.124498
vt 0.154556 0.123306
vt 0.119597 0.025664
vt 0.116534 0.053965
vt 0.117791 0.086533
vt 0.124940 0.781311
vt 0.124516 0.812984
vt 0.123366 0.845384
vt 0.125000 0.531250
vt 0.125000 0.562500
vt 0.125000 0.593750
vt 0.125000 0.354366
vt 0.125000 0.365471
vt 0.125000 0.377197
vt 0.123306 0.154504
vt 0.124498 0.186584
vt 0.124937 0.217289
vt 0.125000 0.413641
vt 0.125000 0.439690
vt 0.125000 0.469024
vt 0.118057 0.913210
vt 0.116905 0.945731
vt 0.119970 0.974136
vt 0.125000 0.656250
vt 0.125000 0.687500
vt 0.125000 0.718750
vt 0.281250 0.000000
vt 0.312500 0.000000
vt 0.343750 0.000000
vt 0.468750 1.000000
vt 0.437500 1.000000
vt 0.406250 1.000000
vt 0.468750 0.500000
vt 0.437500 0.500000
vt 0.406250 0.500000
vt 0.468750 0.750000
vt 0.437500 0.750000
vt 0.406250 0.750000
vt 0.468750 0.246686
vt 0.437500 0.246686
vt 0.406250 0.246686
vt 0.468750 0.392519
vt 0.437500 0.392519
vt 0.406250 0.392519
vt 0.468750 0.625000
vt 0.437500 0.625000
vt 0.406250 0.625000
vt 0.468750 0.875000
vt 0.437500 0.875000
vt 0.406250 0.875000
vt 0.468750 0.125000
vt 0.437500 0.125000
vt 0.406250 0.125000
vt 0.375000 0.031250
vt 0.375000 0.062500
vt 0.375000 0.093750
vt 0.375000 0.781250
vt 0.375000 0.812500
vt 0.375000 0.843750
vt 0.375000 0.531250
vt 0.375000 0.562500
vt 0.375000 0.593750
vt 0.375000 0.354366
vt 0.375000 0.365471
vt 0.375000 0.377197
vt 0.375000 0.156198
vt 0.375000 0.187086
vt 0.375000 0.217352
vt 0.375000 0.656250
vt 0.375000 0.687500
vt 0.375000 0.718750
vt 0.375000 0.906250
vt 0.375000 0.937500
vt 0.375000 0.968750
vt 0.375000 0.413641
vt 0.375000 0.439690
vt 0.375000 0.469024
vt 0.718750 1.000000
vt 0.687500 1.000000
vt 0.656250 1.000000
vt 0.718750 0.500000
vt 0.687500 0.500000
vt 0.656250 0.500000
vt 0.718750 0.750000
vt 0.687500 0.750000
vt 0.656250 0.750000
vt 0.531250 0.000000
vt 0.562500 0.000000
vt 0.593750 0.000000
vt 0.718750 0.246686
vt 0.687500 0.246686
vt 0.656250 0.246686
vt 0.718750 0.392519
vt 0.687500 0.392519
vt 0.656250 0.392519
vt 0.718750 0.625000
vt 0.687500 0.625000
vt 0.656250 0.625000
vt 0.718750 0.875000
vt 0.687500 0.875000
vt 0.656250 0.875000
vt 0.718750 0.125000
vt 0.687500 0.125000
vt 0.656250 0.125000
vt 0.625000 0.031250
vt 0.625000 0.062500
vt 0.625000 0.093750
vt 0.625000 0.781250
vt 0.625000 0.812500
vt 0.625000 0.843750
vt 0.625000 0.531250
vt 0.625000 0.562500
vt 0.625000 0.593750
vt 0.625000 0.354366
vt 0.625000 0.365471
vt 0.625000 0.377197
vt 0.625000 0.156198
vt 0.625000 0.187086
vt 0.625000 0.217352
vt 0.625000 0.906250
vt 0.625000 0.937500
vt 0.625000 0.968750
vt 0.625000 0.413641
vt 0.625000 0.439690
vt 0.625000 0.469024
vt 0.625000 0.656250
vt 0.625000 0.687500
vt 0.625000 0.718750
vt 0.781250 0.000000
vt 0.812500 0.000000
vt 0.843750 0.000000
vt 0.968750 0.500000
vt 0.937500 0.500000
vt 0.906250 0.500000
vt 0.968750 0.750000
vt 0.937500 0.750000
vt 0.906250 0.750000
vt 0.968750 0.247687
vt 0.937500 0.246962
vt 0.906250 0.246720
vt 0.968750 0.387227
vt 0.937500 0.391059
vt 0.906250 0.392336
vt 0.968750 0.625000
vt 0.937500 0.625000
vt 0.906250 0.625000
vt 0.974336 0.880403
vt 0.946035 0.883466
vt 0.913467 0.882209
vt 0.974335 0.119597
vt 0.946035 0.116534
vt 0.913467 0.117791
vt 0.880403 0.025664
vt 0.883466 0.053965
vt 0.882209 0.086533
vt 0.875063 0.781313
vt 0.875502 0.813002
vt 0.876695 0.845445
vt 0.875000 0.531250
vt 0.875000 0.562500
vt 0.875000 0.593750
vt 0.875000 0.354366
vt 0.875000 0.365471
vt 0.875000 0.377197
vt 0.876695 0.154504
vt 0.875502 0.186584
vt 0.875063 0.217289
vt 0.875000 0.656250
vt 0.875000 0.687500
vt 0.875000 0.718750
vt 0.875000 0.413641
vt 0.875000 0.439690
vt 0.875000 0.469024
vt 0.882209 0.913467
vt 0.883466 0.946035
vt 0.880403 0.974336
vt 0.000000 0.370028
vt 0.000000 0.365057
vt 0.000000 0.360085
vt 1.000000 0.276278
vt 1.000000 0.302557
vt 1.000000 0.328835
vt 0.500000 0.274658
vt 0.500000 0.300367
vt 0.500000 0.322791
vt 0.750000 0.274658
vt 0.750000 0.300367
vt 0.750000 0.322791
vt 0.250000 0.274658
vt 0.250000 0.300367
vt 0.250000 0.322791
vt 0.125000 0.274658
vt 0.125000 0.300367
vt 0.125000 0.322791
vt 0.375000 0.274658
vt 0.375000 0.300367
vt 0.375000 0.322791
vt 0.625000 0.274658
vt 0.625000 0.300367
vt 0.625000 0.322791
vt 0.875000 0.274658
vt 0.875000 0.300367
vt 0.875000 0.322791
vt 0.843750 0.340909
vt 0.812500 0.340909
vt 0.781250 0.340909
vt 0.593750 0.340909
vt 0.562500 0.340909
vt 0.531250 0.340909
vt 0.343750 0.340909
vt 0.312500 0.340909
vt 0.281250 0.340909
vt 0.093750 0.341057
vt 0.062500 0.342093
vt 0.031250 0.345200
vt 0.968750 0.345200
vt 0.937500 0.342093
vt 0.906250 0.341057
vt 0.468750 0.340909
vt 0.437500 0.340909
vt 0.406250 0.340909
vt 0.718750 0.340909
vt 0.687500 0.340909
vt 0.656250 0.340909
vt 0.218750 0.340909
vt 0.187500 0.340909
vt 0.156250 0.340909
vt 0.000000 0.961419
vt 0.000000 0.932613
vt 0.000000 0.903806
vt 0.096194 1.000000
vt 0.067387 1.000000
vt 0.038581 1.000000
vt 0.009142 0.999917
vt 0.008510 0.999834
vt 0.007877 0.999750
vt 0.006655 0.999423
vt 0.006066 0.999179
vt 0.005477 0.998935
vt 0.004381 0.998302
vt 0.003875 0.997914
vt 0.003369 0.997525
vt 0.002475 0.996631
vt 0.002086 0.996125
vt 0.001698 0.995619
vt 0.001065 0.994523
vt 0.000821 0.993934
vt 0.000577 0.993345
vt 0.000250 0.992123
vt 0.000167 0.991490
vt 0.000083 0.990858
vt 0.000000 0.095000
vt 0.000000 0.065000
vt 0.000000 0.035000
vt 0.000043 0.004676
vt 0.000085 0.004353
vt 0.000128 0.004029
vt 0.000295 0.003404
vt 0.000420 0.003103
vt 0.000545 0.002801
vt 0.000869 0.002241
vt 0.001067 0.001982
vt 0.001266 0.001723
vt 0.001723 0.001266
vt 0.001982 0.001067
vt 0.002241 0.000869
vt 0.002801 0.000545
vt 0.003103 0.000420
vt 0.003404 0.000295
vt 0.004029 0.000128
vt 0.004353 0.000085
vt 0.004676 0.000043
vt 0.035000 0.000000
vt 0.065000 0.000000
vt 0.095000 0.000000
vt 0.905000 0.000000
vt 0.935000 0.000000
vt 0.965000 0.000000
vt 0.995324 0.000043
vt 0.995647 0.000085
vt 0.995971 0.000128
vt 0.996596 0.000295
vt 0.996897 0.000420
vt 0.997199 0.000545
vt 0.997759 0.000869
vt 0.998018 0.001067
vt 0.998277 0.001266
vt 0.998734 0.001723
vt 0.998933 0.001982
vt 0.999132 0.002241
vt 0.999455 0.002801
vt 0.999580 0.003103
vt 0.999705 0.003404
vt 0.999872 0.004029
vt 0.999915 0.004353
vt 0.999958 0.004676
vt 1.000000 0.035000
vt 1.000000 0.065000
vt 1.000000 0.095000
vt 1.000000 0.905000
vt 1.000000 0.935000
vt 1.000000 0.965000
vt 0.999958 0.995324
vt 0.999915 0.995647
vt 0.999872 0.995971
vt 0.999705 0.996596
vt 0.999580 0.996897
vt 0.999455 0.997199
vt 0.999132 0.997759
vt 0.998933 0.998018
vt 0.998734 0.998277
vt 0.998277 0.998734
vt 0.998018 0.998933
vt 0.997759 0.999132
vt 0.997199 0.999455
vt 0.996897 0.999580
vt 0.996596 0.999705
vt 0.995971 0.999872
vt 0.995647 0.999915
vt 0.995324 0.999958
vt 0.965000 1.000000
vt 0.935000 1.000000
vt 0.905000 1.000000
vt 0.906250 0.413510
vt 0.937500 0.412591
vt 0.968750 0.410179
vt 0.906250 0.439644
vt 0.937500 0.439325
vt 0.968750 0.438549
vt 0.906250 0.469018
vt 0.937500 0.468978
vt 0.968750 0.468881
vt 0.406250 0.413641
vt 0.437500 0.413641
vt 0.468750 0.413641
vt 0.406250 0.439690
vt 0.437500 0.439690
vt 0.468750 0.439690
vt 0.406250 0.469024
vt 0.437500 0.469024
vt 0.468750 0.469024
vt 0.406250 0.906250
vt 0.437500 0.906250
vt 0.468750 0.906250
vt 0.406250 0.937500
vt 0.437500 0.937500
vt 0.468750 0.937500
vt 0.406250 0.968750
vt 0.437500 0.968750
vt 0.468750 0.968750
vt 0.406250 0.656250
vt 0.437500 0.656250
vt 0.468750 0.656250
vt 0.406250 0.687500
vt 0.437500 0.687500
vt 0.468750 0.687500
vt 0.406250 0.718750
vt 0.437500 0.718750
vt 0.468750 0.718750
vt 0.906250 0.656250
vt 0.937500 0.656250
vt 0.968750 0.656250
vt 0.906250 0.687500
vt 0.937500 0.687500
vt 0.968750 0.687500
vt 0.906250 0.718750
vt 0.937500 0.718750
vt 0.968750 0.718750
vt 0.656250 0.656250
vt 0.687500 0.656250
vt 0.718750 0.656250
vt 0.656250 0.687500
vt 0.687500 0.687500
vt 0.718750 0.687500
vt 0.656250 0.718750
vt 0.687500 0.718750
vt 0.718750 0.718750
vt 0.656250 0.413641
vt 0.687500 0.413641
vt 0.718750 0.413641
vt 0.656250 0.439690
vt 0.687500 0.439690
vt 0.718750 0.439690
vt 0.656250 0.469024
vt 0.687500 0.469024
vt 0.718750 0.469024
vt 0.656250 0.906250
vt 0.687500 0.906250
vt 0.718750 0.906250
vt 0.656250 0.937500
vt 0.687500 0.937500
vt 0.718750 0.937500
vt 0.656250 0.968750
vt 0.687500 0.968750
vt 0.718750 0.968750
vt 0.156250 0.656250
vt 0.187500 0.656250
vt 0.218750 0.656250
vt 0.156250 0.687500
vt 0.187500 0.687500
vt 0.218750 0.687500
vt 0.156250 0.718750
vt 0.187500 0.718750
vt 0.218750 0.718750
vt 0.153316 0.909186
vt 0.186630 0.907120
vt 0.218641 0.906359
vt 0.152795 0.940972
vt 0.186471 0.938529
vt 0.218621 0.937629
vt 0.154014 0.971022
vt 0.186827 0.969423
vt 0.218666 0.968834
vt 0.156250 0.413641
vt 0.187500 0.413641
vt 0.218750 0.413641
vt 0.156250 0.439690
vt 0.187500 0.439690
vt 0.218750 0.439690
vt 0.156250 0.469024
vt 0.187500 0.469024
vt 0.218750 0.469024
vt 0.155535 0.155483
vt 0.187288 0.155986
vt 0.218724 0.156172
vt 0.156038 0.186874
vt 0.187437 0.187023
vt 0.218742 0.187078
vt 0.156224 0.217325
vt 0.187492 0.217344
vt 0.218749 0.217351
vt 0.656250 0.156198
vt 0.687500 0.156198
vt 0.718750 0.156198
vt 0.656250 0.187086
vt 0.687500 0.187086
vt 0.718750 0.187086
vt 0.656250 0.217352
vt 0.687500 0.217352
vt 0.718750 0.217352
vt 0.406250 0.156198
vt 0.437500 0.156198
vt 0.468750 0.156198
vt 0.406250 0.187086
vt 0.437500 0.187086
vt 0.468750 0.187086
vt 0.406250 0.217352
vt 0.437500 0.217352
vt 0.468750 0.217352
vt 0.909295 0.153156
vt 0.941101 0.152615
vt 0.971106 0.153887
vt 0.907152 0.186192
vt 0.938567 0.186088
vt 0.969448 0.186603
vt 0.906363 0.217264
vt 0.937633 0.217417
vt 0.968837 0.217919
vt 0.156250 0.354366
vt 0.187500 0.354366
vt 0.218750 0.354366
vt 0.156250 0.365471
vt 0.187500 0.365471
vt 0.218750 0.365471
vt 0.156250 0.377197
vt 0.187500 0.377197
vt 0.218750 0.377197
vt 0.656250 0.354366
vt 0.687500 0.354366
vt 0.718750 0.354366
vt 0.656250 0.365471
vt 0.687500 0.365471
vt 0.718750 0.365471
vt 0.656250 0.377197
vt 0.687500 0.377197
vt 0.718750 0.377197
vt 0.406250 0.354366
vt 0.437500 0.354366
vt 0.468750 0.354366
vt 0.406250 0.365471
vt 0.437500 0.365471
vt 0.468750 0.365471
vt 0.406250 0.377197
vt 0.437500 0.377197
vt 0.468750 0.377197
vt 0.906250 0.354467
vt 0.937500 0.355172
vt 0.968750 0.357031
vt 0.906250 0.365463
vt 0.937500 0.365402
vt 0.968750 0.365255
vt 0.906250 0.377071
vt 0.937500 0.376185
vt 0.968750 0.373851
vt 0.156250 0.531250
vt 0.187500 0.531250
vt 0.218750 0.531250
vt 0.156250 0.562500
vt 0.187500 0.562500
vt 0.218750 0.562500
vt 0.156250 0.593750
vt 0.187500 0.593750
vt 0.218750 0.593750
vt 0.656250 0.531250
vt 0.687500 0.531250
vt 0.718750 0.531250
vt 0.656250 0.562500
vt 0.687500 0.562500
vt 0.718750 0.562500
vt 0.656250 0.593750
vt 0.687500 0.593750
vt 0.718750 0.593750
vt 0.906250 0.531250
vt 0.937500 0.531250
vt 0.968750 0.531250
vt 0.906250 0.562500
vt 0.937500 0.562500
vt 0.968750 0.562500
vt 0.906250 0.593750
vt 0.937500 0.593750
vt 0.968750 0.593750
vt 0.406250 0.531250
vt 0.437500 0.531250
vt 0.468750 0.531250
vt 0.406250 0.562500
vt 0.437500 0.562500
vt 0.468750 0.562500
vt 0.406250 0.593750
vt 0.437500 0.593750
vt 0.468750 0.593750
vt 0.156224 0.781276
vt 0.187492 0.781258
vt 0.218749 0.781251
vt 0.156046 0.812704
vt 0.187440 0.812561
vt 0.218742 0.812508
vt 0.155561 0.844439
vt 0.187296 0.843954
vt 0.218724 0.843776
vt 0.656250 0.781250
vt 0.687500 0.781250
vt 0.718750 0.781250
vt 0.656250 0.812500
vt 0.687500 0.812500
vt 0.718750 0.812500
vt 0.656250 0.843750
vt 0.687500 0.843750
vt 0.718750 0.843750
vt 0.406250 0.781250
vt 0.437500 0.781250
vt 0.468750 0.781250
vt 0.406250 0.812500
vt 0.437500 0.812500
vt 0.468750 0.812500
vt 0.406250 0.843750
vt 0.437500 0.843750
vt 0.468750 0.843750
vt 0.906363 0.781363
vt 0.937633 0.781383
vt 0.968837 0.781337
vt 0.907152 0.813402
vt 0.938567 0.813567
vt 0.969448 0.813198
vt 0.909295 0.846794
vt 0.941101 0.847342
vt 0.971106 0.846088
vt 0.974146 0.974146
vt 0.919599 0.919599
vt 0.954537 0.922993
vt 0.979619 0.915995
vt 0.986750 0.949492
vt 0.993756 0.974255
vt 0.990532 0.983572
vt 0.993972 0.990845
vt 0.990403 0.988581
vt 0.993588 0.992183
vt 0.989989 0.989402
vt 0.992978 0.992978
vt 0.989402 0.989989
vt 0.992183 0.993588
vt 0.988581 0.990403
vt 0.990845 0.993972
vt 0.983573 0.990531
vt 0.974255 0.993756
vt 0.949492 0.986750
vt 0.915994 0.979619
vt 0.922993 0.954536
vt 0.406250 0.031250
vt 0.437500 0.031250
vt 0.468750 0.031250
vt 0.406250 0.062500
vt 0.437500 0.062500
vt 0.468750 0.062500
vt 0.406250 0.093750
vt 0.437500 0.093750
vt 0.468750 0.093750
vt 0.656250 0.031250
vt 0.687500 0.031250
vt 0.718750 0.031250
vt 0.656250 0.062500
vt 0.687500 0.062500
vt 0.718750 0.062500
vt 0.656250 0.093750
vt 0.687500 0.093750
vt 0.718750 0.093750
vt 0.153912 0.028894
vt 0.186802 0.030552
vt 0.218663 0.031163
vt 0.152658 0.058899
vt 0.186433 0.061433
vt 0.218617 0.062367
vt 0.153206 0.090705
vt 0.186598 0.092848
vt 0.218637 0.093637
vt 0.974146 0.025854
vt 0.915995 0.020381
vt 0.949492 0.013250
vt 0.974255 0.006244
vt 0.983572 0.009469
vt 0.990845 0.006028
vt 0.988581 0.009597
vt 0.992183 0.006412
vt 0.989402 0.010012
vt 0.992978 0.007022
vt 0.989989 0.010598
vt 0.993588 0.007817
vt 0.990403 0.011419
vt 0.993972 0.009155
vt 0.990532 0.016428
vt 0.993756 0.025745
vt 0.986750 0.050509
vt 0.979619 0.084006
vt 0.954536 0.077007
vt 0.919599 0.080401
vt 0.922993 0.045464
vt 0.031166 0.781334
vt 0.062371 0.781379
vt 0.093641 0.781359
vt 0.030577 0.813173
vt 0.061471 0.813529
vt 0.092880 0.813370
vt 0.028978 0.845986
vt 0.059028 0.847205
vt 0.090814 0.846684
vt 0.031250 0.531250
vt 0.062500 0.531250
vt 0.093750 0.531250
vt 0.031250 0.562500
vt 0.062500 0.562500
vt 0.093750 0.562500
vt 0.031250 0.593750
vt 0.062500 0.593750
vt 0.093750 0.593750
vt 0.031250 0.357031
vt 0.062500 0.355172
vt 0.093750 0.354467
vt 0.031250 0.365255
vt 0.062500 0.365402
vt 0.093750 0.365463
vt 0.031250 0.373851
vt 0.062500 0.376185
vt 0.093750 0.377071
vt 0.028894 0.153887
vt 0.058899 0.152615
vt 0.090705 0.153156
vt 0.030552 0.186603
vt 0.061433 0.186088
vt 0.092848 0.186192
vt 0.031163 0.217919
vt 0.062367 0.217417
vt 0.093637 0.217264
vt 0.031250 0.410179
vt 0.062500 0.412592
vt 0.093750 0.413510
vt 0.031250 0.438549
vt 0.062500 0.439325
vt 0.093750 0.439644
vt 0.031250 0.468881
vt 0.062500 0.468978
vt 0.093750 0.469018
vt 0.031250 0.656250
vt 0.062500 0.656250
vt 0.093750 0.656250
vt 0.031250 0.687500
vt 0.062500 0.687500
vt 0.093750 0.687500
vt 0.031250 0.718750
vt 0.062500 0.718750
vt 0.093750 0.718750
vt 0.281250 0.031250
vt 0.312500 0.031250
vt 0.343750 0.031250
vt 0.281250 0.062500
vt 0.312500 0.062500
vt 0.343750 0.062500
vt 0.281250 0.093750
vt 0.312500 0.093750
vt 0.343750 0.093750
vt 0.281250 0.781250
vt 0.312500 0.781250
vt 0.343750 0.781250
vt 0.281250 0.812500
vt 0.312500 0.812500
vt 0.343750 0.812500
vt 0.281250 0.843750
vt 0.312500 0.843750
vt 0.343750 0.843750
vt 0.281250 0.531250
vt 0.312500 0.531250
vt 0.343750 0.531250
vt 0.281250 0.562500
vt 0.312500 0.562500
vt 0.343750 0.562500
vt 0.281250 0.593750
vt 0.312500 0.593750
vt 0.343750 0.593750
vt 0.281250 0.354366
vt 0.312500 0.354366
vt 0.343750 0.354366
vt 0.281250 0.365471
vt 0.312500 0.365471
vt 0.343750 0.365471
vt 0.281250 0.377197
vt 0.312500 0.377197
vt 0.343750 0.377197
vt 0.281250 0.156198
vt 0.312500 0.156198
vt 0.343750 0.156198
vt 0.281250 0.187086
vt 0.312500 0.187086
vt 0.343750 0.187086
vt 0.281250 0.217352
vt 0.312500 0.217352
vt 0.343750 0.217352
vt 0.281250 0.656250
vt 0.312500 0.656250
vt 0.343750 0.656250
vt 0.281250 0.687500
vt 0.312500 0.687500
vt 0.343750 0.687500
vt 0.281250 0.718750
vt 0.312500 0.718750
vt 0.343750 0.718750
vt 0.281250 0.906250
vt 0.312500 0.906250
vt 0.343750 0.906250
vt 0.281250 0.937500
vt 0.312500 0.937500
vt 0.343750 0.937500
vt 0.281250 0.968750
vt 0.312500 0.968750
vt 0.343750 0.968750
vt 0.281250 0.413641
vt 0.312500 0.413641
vt 0.343750 0.413641
vt 0.281250 0.439690
vt 0.312500 0.439690
vt 0.343750 0.439690
vt 0.281250 0.469024
vt 0.312500 0.469024
vt 0.343750 0.469024
vt 0.531250 0.031250
vt 0.562500 0.031250
vt 0.593750 0.031250
vt 0.531250 0.062500
vt 0.562500 0.062500
vt 0.593750 0.062500
vt 0.531250 0.093750
vt 0.562500 0.093750
vt 0.593750 0.093750
vt 0.531250 0.781250
vt 0.562500 0.781250
vt 0.593750 0.781250
vt 0.531250 0.812500
vt 0.562500 0.812500
vt 0.593750 0.812500
vt 0.531250 0.843750
vt 0.562500 0.843750
vt 0.593750 0.843750
vt 0.531250 0.531250
vt 0.562500 0.531250
vt 0.593750 0.531250
vt 0.531250 0.562500
vt 0.562500 0.562500
vt 0.593750 0.562500
vt 0.531250 0.593750
vt 0.562500 0.593750
vt 0.593750 0.593750
vt 0.531250 0.354366
vt 0.562500 0.354366
vt 0.593750 0.354366
vt 0.531250 0.365471
vt 0.562500 0.365471
vt 0.593750 0.365471
vt 0.531250 0.377197
vt 0.562500 0.377197
vt 0.593750 0.377197
vt 0.531250 0.156198
vt 0.562500 0.156198
vt 0.593750 0.156198
vt 0.531250 0.187086
vt 0.562500 0.187086
vt 0.593750 0.187086
vt 0.531250 0.217352
vt 0.562500 0.217352
vt 0.593750 0.217352
vt 0.531250 0.906250
vt 0.562500 0.906250
vt 0.593750 0.906250
vt 0.531250 0.937500
vt 0.562500 0.937500
vt 0.593750 0.937500
vt 0.531250 0.968750
vt 0.562500 0.968750
vt 0.593750 0.968750
vt 0.531250 0.413641
vt 0.562500 0.413641
vt 0.593750 0.413641
vt 0.531250 0.439690
vt 0.562500 0.439690
vt 0.593750 0.439690
vt 0.531250 0.469024
vt 0.562500 0.469024
vt 0.593750 0.469024
vt 0.531250 0.656250
vt 0.562500 0.656250
vt 0.593750 0.656250
vt 0.531250 0.687500
vt 0.562500 0.687500
vt 0.593750 0.687500
vt 0.531250 0.718750
vt 0.562500 0.718750
vt 0.593750 0.718750
vt 0.781337 0.031163
vt 0.813198 0.030552
vt 0.846088 0.028894
vt 0.781383 0.062367
vt 0.813567 0.061433
vt 0.847342 0.058899
vt 0.781363 0.093637
vt 0.813402 0.092848
vt 0.846794 0.090705
vt 0.781251 0.781251
vt 0.812508 0.781258
vt 0.843776 0.781276
vt 0.781258 0.812508
vt 0.812563 0.812563
vt 0.843962 0.812712
vt 0.781276 0.843776
vt 0.812712 0.843962
vt 0.844465 0.844465
vt 0.781250 0.531250
vt 0.812500 0.531250
vt 0.843750 0.531250
vt 0.781250 0.562500
vt 0.812500 0.562500
vt 0.843750 0.562500
vt 0.781250 0.593750
vt 0.812500 0.593750
vt 0.843750 0.593750
vt 0.781250 0.354366
vt 0.812500 0.354366
vt 0.843750 0.354366
vt 0.781250 0.365471
vt 0.812500 0.365471
vt 0.843750 0.365471
vt 0.781250 0.377197
vt 0.812500 0.377197
vt 0.843750 0.377197
vt 0.781276 0.156172
vt 0.812712 0.155986
vt 0.844465 0.155483
vt 0.781258 0.187078
vt 0.812563 0.187023
vt 0.843962 0.186874
vt 0.781251 0.217351
vt 0.812508 0.217344
vt 0.843777 0.217325
vt 0.781250 0.656250
vt 0.812500 0.656250
vt 0.843750 0.656250
vt 0.781250 0.687500
vt 0.812500 0.687500
vt 0.843750 0.687500
vt 0.781250 0.718750
vt 0.812500 0.718750
vt 0.843750 0.718750
vt 0.781250 0.413641
vt 0.812500 0.413641
vt 0.843750 0.413641
vt 0.781250 0.439690
vt 0.812500 0.439690
vt 0.843750 0.439690
vt 0.781250 0.469024
vt 0.812500 0.469024
vt 0.843750 0.469024
vt 0.781363 0.906363
vt 0.813402 0.907152
vt 0.846794 0.909295
vt 0.781383 0.937633
vt 0.813567 0.938567
vt 0.847342 0.941101
vt 0.781337 0.968837
vt 0.813198 0.969448
vt 0.846088 0.971106
vt 0.781250 0.274658
vt 0.812500 0.274658
vt 0.843750 0.274658
vt 0.781250 0.300367
vt 0.812500 0.300367
vt 0.843750 0.300367
vt 0.781250 0.322791
vt 0.812500 0.322791
vt 0.843750 0.322791
vt 0.531250 0.274658
vt 0.562500 0.274658
vt 0.593750 0.274658
vt 0.531250 0.300367
vt 0.562500 0.300367
vt 0.593750 0.300367
vt 0.531250 0.322791
vt 0.562500 0.322791
vt 0.593750 0.322791
vt 0.281250 0.274658
vt 0.312500 0.274658
vt 0.343750 0.274658
vt 0.281250 0.300367
vt 0.312500 0.300367
vt 0.343750 0.300367
vt 0.281250 0.322791
vt 0.312500 0.322791
vt 0.343750 0.322791
vt 0.031250 0.275429
vt 0.062500 0.274894
vt 0.093750 0.274688
vt 0.031250 0.301508
vt 0.062500 0.300732
vt 0.093750 0.300413
vt 0.031250 0.325625
vt 0.062500 0.323650
vt 0.093750 0.322898
vt 0.906250 0.274688
vt 0.937500 0.274894
vt 0.968750 0.275429
vt 0.906250 0.300413
vt 0.937500 0.300732
vt 0.968750 0.301508
vt 0.906250 0.322898
vt 0.937500 0.323650
vt 0.968750 0.325625
vt 0.406250 0.274658
vt 0.437500 0.274658
vt 0.468750 0.274658
vt 0.406250 0.300367
vt 0.437500 0.300367
vt 0.468750 0.300367
vt 0.406250 0.322791
vt 0.437500 0.322791
vt 0.468750 0.322791
vt 0.656250 0.274658
vt 0.687500 0.274658
vt 0.718750 0.274658
vt 0.656250 0.300367
vt 0.687500 0.300367
vt 0.718750 0.300367
vt 0.656250 0.322791
vt 0.687500 0.322791
vt 0.718750 0.322791
vt 0.156250 0.274658
vt 0.187500 0.274658
vt 0.218750 0.274658
vt 0.156250 0.300367
vt 0.187500 0.300367
vt 0.218750 0.300367
vt 0.156250 0.322791
vt 0.187500 0.322791
vt 0.218750 0.322791
vt 0.027162 0.972838
vt 0.020754 0.914962
vt 0.046072 0.922207
vt 0.080896 0.919104
vt 0.077793 0.953928
vt 0.085038 0.979246
vt 0.052484 0.986264
vt 0.028930 0.993443
vt 0.019354 0.990002
vt 0.012186 0.993513
vt 0.013795 0.989664
vt 0.009985 0.992762
vt 0.012293 0.988853
vt 0.008430 0.991570
vt 0.011147 0.987707
vt 0.007238 0.990015
vt 0.010337 0.986205
vt 0.006487 0.987814
vt 0.009998 0.980646
vt 0.006557 0.971070
vt 0.013736 0.947516
vt 0.025854 0.025854
vt 0.006244 0.025745
vt 0.009469 0.016428
vt 0.006028 0.009155
vt 0.009597 0.011419
vt 0.006412 0.007817
vt 0.010012 0.010598
vt 0.007022 0.007022
vt 0.010598 0.010012
vt 0.007817 0.006412
vt 0.011419 0.009597
vt 0.009155 0.006028
vt 0.016428 0.009469
vt 0.025745 0.006244
vt 0.050509 0.013250
vt 0.084006 0.020381
vt 0.077007 0.045464
vt 0.080401 0.080401
vt 0.045464 0.077007
vt 0.020381 0.084006
vt 0.013250 0.050509
vt 0.000000 0.515625
vt 1.000000 0.515625
vt 0.500000 0.515625
vt 0.750000 0.515625
vt 0.250000 0.515625
vt 0.125000 0.515625
vt 0.375000 0.515625
vt 0.625000 0.515625
vt 0.875000 0.515625
vt 0.156250 0.515625
vt 0.187500 0.515625
vt 0.218750 0.515625
vt 0.656250 0.515625
vt 0.687500 0.515625
vt 0.718750 0.515625
vt 0.906250 0.515625
vt 0.937500 0.515625
vt 0.968750 0.515625
vt 0.406250 0.515625
vt 0.437500 0.515625
vt 0.468750 0.515625
vt 0.031250 0.515625
vt 0.062500 0.515625
vt 0.093750 0.515625
vt 0.281250 0.515625
vt 0.312500 0.515625
vt 0.343750 0.515625
vt 0.531250 0.515625
vt 0.562500 0.515625
vt 0.593750 0.515625
vt 0.781250 0.515625
vt 0.812500 0.515625
vt 0.843750 0.515625
vt 0.000000 0.500000
vt 1.000000 0.500000
vt 0.500000 0.000000
vt 0.500000 1.000000
vt 0.500000 0.500000
vt 1.000000 0.750000
vt 0.000000 0.750000
vt 0.500000 0.750000
vt 0.750000 0.000000
vt 0.750000 1.000000
vt 0.750000 0.500000
vt 0.750000 0.750000
vt 0.250000 1.000000
vt 0.250000 0.500000
vt 0.250000 0.000000
vt 0.250000 0.750000
vt 0.000000 0.250000
vt 1.000000 0.250000
vt 0.500000 0.246686
vt 0.750000 0.246686
vt 0.250000 0.246686
vt 1.000000 0.375000
vt 0.500000 0.392519
vt 0.750000 0.392519
vt 0.250000 0.392519
vt 0.000000 0.375000
vt 0.000000 0.625000
vt 1.000000 0.625000
vt 0.500000 0.625000
vt 0.750000 0.625000
vt 0.250000 0.625000
vt 1.000000 0.875000
vt 0.500000 0.875000
vt 0.000000 0.875000
vt 0.750000 0.875000
vt 0.250000 0.875000
vt 0.000000 0.125000
vt 1.000000 0.125000
vt 0.500000 0.125000
vt 0.750000 0.125000
vt 0.250000 0.125000
vt 0.125000 1.000000
vt 0.125000 0.500000
vt 0.125000 0.750000
vt 0.125000 0.000000
vt 0.125000 0.246686
vt 0.125000 0.392519
vt 0.125000 0.625000
vt 0.121127 0.878873
vt 0.120983 0.120983
vt 0.375000 0.000000
vt 0.375000 1.000000
vt 0.375000 0.500000
vt 0.375000 0.750000
vt 0.375000 0.246686
vt 0.375000 0.392519
vt 0.375000 0.625000
vt 0.375000 0.875000
vt 0.375000 0.125000
vt 0.625000 1.000000
vt 0.625000 0.500000
vt 0.625000 0.750000
vt 0.625000 0.000000
vt 0.625000 0.246686
vt 0.625000 0.392519
vt 0.625000 0.625000
vt 0.625000 0.875000
vt 0.625000 0.125000
vt 0.875000 0.000000
vt 0.875000 1.000000
vt 0.875000 0.500000
vt 0.875000 0.750000
vt 0.875000 0.246686
vt 0.875000 0.392519
vt 0.875000 0.625000
vt 0.879017 0.879017
vt 0.879017 0.120983
vt 0.000000 0.355114
vt 1.000000 0.355114
vt 0.500000 0.340909
vt 0.750000 0.340909
vt 0.250000 0.340909
vt 0.125000 0.340909
vt 0.375000 0.340909
vt 0.625000 0.340909
vt 0.875000 0.340909
vt 0.000000 0.990226
vt 0.009775 1.000000
vt 0.000333 0.992755
vt 0.001310 0.995113
vt 0.002863 0.997137
vt 0.004887 0.998691
vt 0.007245 0.999667
vt 0.005000 0.000000
vt 0.000000 0.005000
vt 0.003706 0.000170
vt 0.002500 0.000670
vt 0.001464 0.001464
vt 0.000670 0.002500
vt 0.000170 0.003706
vt 1.000000 0.005000
vt 0.995000 0.000000
vt 0.999830 0.003706
vt 0.999330 0.002500
vt 0.998536 0.001464
vt 0.997500 0.000670
vt 0.996294 0.000170
vt 0.995000 1.000000
vt 1.000000 0.995000
vt 0.996294 0.999830
vt 0.997500 0.999330
vt 0.998536 0.998536
vt 0.999330 0.997500
vt 0.999830 0.996294
vt 0.000000 0.593750
vt 0.000000 0.562500
vt 0.000000 0.531250
vt 1.000000 0.406250
vt 1.000000 0.437500
vt 1.000000 0.468750
vt 0.093750 0.500000
vt 0.062500 0.500000
vt 0.031250 0.500000
vt 0.406250 0.000000
vt 0.437500 0.000000
vt 0.468750 0.000000
vt 0.593750 1.000000
vt 0.562500 1.000000
vt 0.531250 1.000000
vt 0.593750 0.500000
vt 0.562500 0.500000
vt 0.531250 0.500000
vt 0.500000 0.413641
vt 0.500000 0.439690
vt 0.500000 0.469024
vt 0.500000 0.906250
vt 0.500000 0.937500
vt 0.500000 0.968750
vt 1.000000 0.656250
vt 1.000000 0.687500
vt 1.000000 0.718750
vt 0.000000 0.843750
vt 0.000000 0.812500
vt 0.000000 0.781250
vt 0.500000 0.656250
vt 0.500000 0.687500
vt 0.500000 0.718750
vt 0.093750 0.750000
vt 0.062500 0.750000
vt 0.031250 0.750000
vt 0.593750 0.750000
vt 0.562500 0.750000
vt 0.531250 0.750000
vt 0.656250 0.000000
vt 0.687500 0.000000
vt 0.718750 0.000000
vt 0.843750 1.000000
vt 0.812500 1.000000
vt 0.781250 1.000000
vt 0.843750 0.500000
vt 0.812500 0.500000
vt 0.781250 0.500000
vt 0.843750 0.750000
vt 0.812500 0.750000
vt 0.781250 0.750000
vt 0.750000 0.656250
vt 0.750000 0.687500
vt 0.750000 0.718750
vt 0.750000 0.413641
vt 0.750000 0.439690
vt 0.750000 0.469024
vt 0.750000 0.906250
vt 0.750000 0.937500
vt 0.750000 0.968750
vt 0.343750 1.000000
vt 0.312500 1.000000
vt 0.281250 1.000000
vt 0.343750 0.500000
vt 0.312500 0.500000
vt 0.281250 0.500000
vt 0.156250 0.000000
vt 0.187500 0.000000
vt 0.218750 0.000000
vt 0.343750 0.750000
vt 0.312500 0.750000
vt 0.281250 0.750000
vt 0.250000 0.656250
vt 0.250000 0.687500
vt 0.250000 0.718750
vt 0.250000 0.906250
vt 0.250000 0.937500
vt 0.250000 0.968750
vt 0.250000 0.413641
vt 0.250000 0.439690
vt 0.250000 0.469024
vt 0.000000 0.328835
vt 0.000000 0.302557
vt 0.000000 0.276278
vt 1.000000 0.156250
vt 1.000000 0.187500
vt 1.000000 0.218750
vt 0.500000 0.156198
vt 0.500000 0.187086
vt 0.500000 0.217352
vt 0.750000 0.156198
vt 0.750000 0.187086
vt 0.750000 0.217352
vt 0.250000 0.156198
vt 0.250000 0.187086
vt 0.250000 0.217352
vt 0.093750 0.246720
vt 0.062500 0.246962
vt 0.031250 0.247687
vt 0.593750 0.246686
vt 0.562500 0.246686
vt 0.531250 0.246686
vt 0.343750 0.246686
vt 0.312500 0.246686
vt 0.281250 0.246686
vt 0.843750 0.246686
vt 0.812500 0.246686
vt 0.781250 0.246686
vt 1.000000 0.360085
vt 1.000000 0.365057
vt 1.000000 0.370028
vt 0.500000 0.354366
vt 0.500000 0.365471
vt 0.500000 0.377197
vt 0.750000 0.354366
vt 0.750000 0.365471
vt 0.750000 0.377197
vt 0.250000 0.354366
vt 0.250000 0.365471
vt 0.250000 0.377197
vt 0.000000 0.468750
vt 0.000000 0.437500
vt 0.000000 0.406250
vt 0.093750 0.392336
vt 0.062500 0.391059
vt 0.031250 0.387227
vt 0.593750 0.392519
vt 0.562500 0.392519
vt 0.531250 0.392519
vt 0.343750 0.392519
vt 0.312500 0.392519
vt 0.281250 0.392519
vt 0.843750 0.392519
vt 0.812500 0.392519
vt 0.781250 0.392519
vt 0.000000 0.718750
vt 0.000000 0.687500
vt 0.000000 0.656250
vt 1.000000 0.531250
vt 1.000000 0.562500
vt 1.000000 0.593750
vt 0.500000 0.531250
vt 0.500000 0.562500
vt 0.500000 0.593750
vt 0.750000 0.531250
vt 0.750000 0.562500
vt 0.750000 0.593750
vt 0.250000 0.531250
vt 0.250000 0.562500
vt 0.250000 0.593750
vt 0.093750 0.625000
vt 0.062500 0.625000
vt 0.031250 0.625000
vt 0.593750 0.625000
vt 0.562500 0.625000
vt 0.531250 0.625000
vt 0.843750 0.625000
vt 0.812500 0.625000
vt 0.781250 0.625000
vt 0.343750 0.625000
vt 0.312500 0.625000
vt 0.281250 0.625000
vt 1.000000 0.781250
vt 1.000000 0.812500
vt 1.000000 0.843750
vt 0.500000 0.781250
vt 0.500000 0.812500
vt 0.500000 0.843750
vt 0.750000 0.781250
vt 0.750000 0.812500
vt 0.750000 0.843750
vt 0.250000 0.781250
vt 0.250000 0.812500
vt 0.250000 0.843750
vt 0.086790 0.881943
vt 0.054269 0.883095
vt 0.025864 0.880030
vt 0.593750 0.875000
vt 0.562500 0.875000
vt 0.531250 0.875000
vt 0.343750 0.875000
vt 0.312500 0.875000
vt 0.281250 0.875000
vt 0.845445 0.876695
vt 0.813002 0.875502
vt 0.781313 0.875063
vt 0.000000 0.218750
vt 0.000000 0.187500
vt 0.000000 0.156250
vt 0.500000 0.031250
vt 0.500000 0.062500
vt 0.500000 0.093750
vt 0.750000 0.031250
vt 0.750000 0.062500
vt 0.750000 0.093750
vt 0.250000 0.031250
vt 0.250000 0.062500
vt 0.250000 0.093750
vt 0.845445 0.123306
vt 0.813002 0.124498
vt 0.781313 0.124937
vt 0.343750 0.125000
vt 0.312500 0.125000
vt 0.281250 0.125000
vt 0.593750 0.125000
vt 0.562500 0.125000
vt 0.531250 0.125000
vt 0.086533 0.117791
vt 0.053965 0.116534
vt 0.025664 0.119597
vt 0.218750 1.000000
vt 0.187500 1.000000
vt 0.156250 1.000000
vt 0.218750 0.500000
vt 0.187500 0.500000
vt 0.156250 0.500000
vt 0.218750 0.750000
vt 0.187500 0.750000
vt 0.156250 0.750000
vt 0.218750 0.246686
vt 0.187500 0.246686
vt 0.156250 0.246686
vt 0.218750 0.392519
vt 0.187500 0.392519
vt 0.156250 0.392519
vt 0.218750 0.625000
vt 0.187500 0.625000
vt 0.156250 0.625000
vt 0.218689 0.875061
vt 0.187016 0.875484
vt 0.154616 0.876634
vt 0.218687 0.124937
vt 0.186998 0.124498
vt 0.154556 0.123306
vt 0.119597 0.025664
vt 0.116534 0.053965
vt 0.117791 0.086533
vt 0.124940 0.781311
vt 0.124516 0.812984
vt 0.123366 0.845384
vt 0.125000 0.531250
vt 0.125000 0.562500
vt 0.125000 0.593750
vt 0.125000 0.354366
vt 0.125000 0.365471
vt 0.125000 0.377197
vt 0.123306 0.154504
vt 0.124498 0.186584
vt 0.124937 0.217289
vt 0.125000 0.413641
vt 0.125000 0.439690
vt 0.125000 0.469024
vt 0.118057 0.913210
vt 0.116905 0.945731
vt 0.119970 0.974136
vt 0.125000 0.656250
vt 0.125000 0.687500
vt 0.125000 0.718750
vt 0.281250 0.000000
vt 0.312500 0.000000
vt 0.343750 0.000000
vt 0.468750 1.000000
vt 0.437500 1.000000
vt 0.406250 1.000000
vt 0.468750 0.500000
vt 0.437500 0.500000
vt 0.406250 0.500000
vt 0.468750 0.750000
vt 0.437500 0.750000
vt 0.406250 0.750000
vt 0.468750 0.246686
vt 0.437500 0.246686
vt 0.406250 0.246686
vt 0.468750 0.392519
vt 0.437500 0.392519
vt 0.406250 0.392519
vt 0.468750 0.625000
vt 0.437500 0.625000
vt 0.406250 0.625000
vt 0.468750 0.875000
vt 0.437500 0.875000
vt 0.406250 0.875000
vt 0.468750 0.125000
vt 0.437500 0.125000
vt 0.406250 0.125000
vt 0.375000 0.031250
vt 0.375000 0.062500
vt 0.375000 0.093750
vt 0.375000 0.781250
vt 0.375000 0.812500
vt 0.375000 0.843750
vt 0.375000 0.531250
vt 0.375000 0.562500
vt 0.375000 0.593750
vt 0.375000 0.354366
vt 0.375000 0.365471
vt 0.375000 0.377197
vt 0.375000 0.156198
vt 0.375000 0.187086
vt 0.375000 0.217352
vt 0.375000 0.656250
vt 0.375000 0.687500
vt 0.375000 0.718750
vt 0.375000 0.906250
vt 0.375000 0.937500
vt 0.375000 0.968750
vt 0.375000 0.413641
vt 0.375000 0.439690
vt 0.375000 0.469024
vt 0.718750 1.000000
vt 0.687500 1.000000
vt 0.656250 1.000000
vt 0.718750 0.500000
vt 0.687500 0.500000
vt 0.656250 0.500000
vt 0.718750 0.750000
vt 0.687500 0.750000
vt 0.656250 0.750000
vt 0.531250 0.000000
vt 0.562500 0.000000
vt 0.593750 0.000000
vt 0.718750 0.246686
vt 0.687500 0.246686
vt 0.656250 0.246686
vt 0.718750 0.392519
vt 0.687500 0.392519
vt 0.656250 0.392519
vt 0.718750 0.625000
vt 0.687500 0.625000
vt 0.656250 0.625000
vt 0.718750 0.875000
vt 0.687500 0.875000
vt 0.656250 0.875000
vt 0.718750 0.125000
vt 0.687500 0.125000
vt 0.656250 0.125000
vt 0.625000 0.031250
vt 0.625000 0.062500
vt 0.625000 0.093750
vt 0.625000 0.781250
vt 0.625000 0.812500
vt 0.625000 0.843750
vt 0.625000 0.531250
vt 0.625000 0.562500
vt 0.625000 0.593750
vt 0.625000 0.354366
vt 0.625000 0.365471
vt 0.625000 0.377197
vt 0.625000 0.156198
vt 0.625000 0.187086
vt 0.625000 0.217352
vt 0.625000 0.906250
vt 0.625000 0.937500
vt 0.625000 0.968750
vt 0.625000 0.413641
vt 0.625000 0.439690
vt 0.625000 0.469024
vt 0.625000 0.656250
vt 0.625000 0.687500
vt 0.625000 0.718750
vt 0.781250 0.000000
vt 0.812500 0.000000
vt 0.843750 0.000000
vt 0.968750 0.500000
vt 0.937500 0.500000
vt 0.906250 0.500000
vt 0.968750 0.750000
vt 0.937500 0.750000
vt 0.906250 0.750000
vt 0.968750 0.247687
vt 0.937500 0.246962
vt 0.906250 0.246720
vt 0.968750 0.387227
vt 0.937500 0.391059
vt 0.906250 0.392336
vt 0.968750 0.625000
vt 0.937500 0.625000
vt 0.906250 0.625000
vt 0.974336 0.880403
vt 0.946035 0.883466
vt 0.913467 0.882209
vt 0.974335 0.119597
vt 0.946035 0.116534
vt 0.913467 0.117791
vt 0.880403 0.025664
vt 0.883466 0.053965
vt 0.882209 0.086533
vt 0.875063 0.781313
vt 0.875502 0.813002
vt 0.876695 0.845445
vt 0.875000 0.531250
vt 0.875000 0.562500
vt 0.875000 0.593750
vt 0.875000 0.354366
vt 0.875000 0.365471
vt 0.875000 0.377197
vt 0.876695 0.154504
vt 0.875502 0.186584
vt 0.875063 0.217289
vt 0.875000 0.656250
vt 0.875000 0.687500
vt 0.875000 0.718750
vt 0.875000 0.413641
vt 0.875000 0.439690
vt 0.875000 0.469024
vt 0.882209 0.913467
vt 0.883466 0.946035
vt 0.880403 0.974336
vt 0.000000 0.370028
vt 0.000000 0.365057
vt 0.000000 0.360085
vt 1.000000 0.276278
vt 1.000000 0.302557
vt 1.000000 0.328835
vt 0.500000 0.274658
vt 0.500000 0.300367
vt 0.500000 0.322791
vt 0.750000 0.274658
vt 0.750000 0.300367
vt 0.750000 0.322791
vt 0.250000 0.274658
vt 0.250000 0.300367
vt 0.250000 0.322791
vt 0.125000 0.274658
vt 0.125000 0.300367
vt 0.125000 0.322791
vt 0.375000 0.274658
vt 0.375000 0.300367
vt 0.375000 0.322791
vt 0.625000 0.274658
vt 0.625000 0.300367
vt 0.625000 0.322791
vt 0.875000 0.274658
vt 0.875000 0.300367
vt 0.875000 0.322791
vt 0.843750 0.340909
vt 0.812500 0.340909
vt 0.781250 0.340909
vt 0.593750 0.340909
vt 0.562500 0.340909
vt 0.531250 0.340909
vt 0.343750 0.340909
vt 0.312500 0.340909
vt 0.281250 0.340909
vt 0.093750 0.341057
vt 0.062500 0.342093
vt 0.031250 0.345200
vt 0.968750 0.345200
vt 0.937500 0.342093
vt 0.906250 0.341057
vt 0.468750 0.340909
vt 0.437500 0.340909
vt 0.406250 0.340909
vt 0.718750 0.340909
vt 0.687500 0.340909
vt 0.656250 0.340909
vt 0.218750 0.340909
vt 0.187500 0.340909
vt 0.156250 0.340909
vt 0.000000 0.961419
vt 0.000000 0.932613
vt 0.000000 0.903806
vt 0.096194 1.000000
vt 0.067387 1.000000
vt 0.038581 1.000000
vt 0.009142 0.999917
vt 0.008510 0.999834
vt 0.007877 0.999750
vt 0.006655 0.999423
vt 0.006066 0.999179
vt 0.005477 0.998935
vt 0.004381 0.998302
vt 0.003875 0.997914
vt 0.003369 0.997525
vt 0.002475 0.996631
vt 0.002086 0.996125
vt 0.001698 0.995619
vt 0.001065 0.994523
vt 0.000821 0.993934
vt 0.000577 0.993345
vt 0.000250 0.992123
vt 0.000167 0.991490
vt 0.000083 0.990858
vt 0.000000 0.095000
vt 0.000000 0.065000
vt 0.000000 0.035000
vt 0.000043 0.004676
vt 0.000085 0.004353
vt 0.000128 0.004029
vt 0.000295 0.003404
vt 0.000420 0.003103
vt 0.000545 0.002801
vt 0.000869 0.002241
vt 0.001067 0.001982
vt 0.001266 0.001723
vt 0.001723 0.001266
vt 0.001982 0.001067
vt 0.002241 0.000869
vt 0.002801 0.000545
vt 0.003103 0.000420
vt 0.003404 0.000295
vt 0.004029 0.000128
vt 0.004353 0.000085
vt 0.004676 0.000043
vt 0.035000 0.000000
vt 0.065000 0.000000
vt 0.095000 0.000000
vt 0.905000 0.000000
vt 0.935000 0.000000
vt 0.965000 0.000000
vt 0.995324 0.000043
vt 0.995647 0.000085
vt 0.995971 0.000128
vt 0.996596 0.000295
vt 0.996897 0.000420
vt 0.997199 0.000545
vt 0.997759 0.000869
vt 0.998018 0.001067
vt 0.998277 0.001266
vt 0.998734 0.001723
vt 0.998933 0.001982
vt 0.999132 0.002241
vt 0.999455 0.002801
vt 0.999580 0.003103
vt 0.999705 0.003404
vt 0.999872 0.004029
vt 0.999915 0.004353
vt 0.999958 0.004676
vt 1.000000 0.035000
vt 1.000000 0.065000
vt 1.000000 0.095000
vt 1.000000 0.905000
vt 1.000000 0.935000
vt 1.000000 0.965000
vt 0.999958 0.995324
vt 0.999915 0.995647
vt 0.999872 0.995971
vt 0.999705 0.996596
vt 0.999580 0.996897
vt 0.999455 0.997199
vt 0.999132 0.997759
vt 0.998933 0.998018
vt 0.998734 0.998277
vt 0.998277 0.998734
vt 0.998018 0.998933
vt 0.997759 0.999132
vt 0.997199 0.999455
vt 0.996897 0.999580
vt 0.996596 0.999705
vt 0.995971 0.999872
vt 0.995647 0.999915
vt 0.995324 0.999958
vt 0.965000 1.000000
vt 0.935000 1.000000
vt 0.905000 1.000000
vt 0.906250 0.413510
vt 0.937500 0.412591
vt 0.968750 0.410179
vt 0.906250 0.439644
vt 0.937500 0.439325
vt 0.968750 0.438549
vt 0.906250 0.469018
vt 0.937500 0.468978
vt 0.968750 0.468881
vt 0.406250 0.413641
vt 0.437500 0.413641
vt 0.468750 0.413641
vt 0.406250 0.439690
vt 0.437500 0.439690
vt 0.468750 0.439690
vt 0.406250 0.469024
vt 0.437500 0.469024
vt 0.468750 0.469024
vt 0.406250 0.906250
vt 0.437500 0.906250
vt 0.468750 0.906250
vt 0.406250 0.937500
vt 0.437500 0.937500
vt 0.468750 0.937500
vt 0.406250 0.968750
vt 0.437500 0.968750
vt 0.468750 0.968750
vt 0.406250 0.656250
vt 0.437500 0.656250
vt 0.468750 0.656250
vt 0.406250 0.687500
vt 0.437500 0.687500
vt 0.468750 0.687500
vt 0.406250 0.718750
vt 0.437500 0.718750
vt 0.468750 0.718750
vt 0.906250 0.656250
vt 0.937500 0.656250
vt 0.968750 0.656250
vt 0.906250 0.687500
vt 0.937500 0.687500
vt 0.968750 0.687500
vt 0.906250 0.718750
vt 0.937500 0.718750
vt 0.968750 0.718750
vt 0.656250 0.656250
vt 0.687500 0.656250
vt 0.718750 0.656250
vt 0.656250 0.687500
vt 0.687500 0.687500
vt 0.718750 0.687500
vt 0.656250 0.718750
vt 0.687500 0.718750
vt 0.718750 0.718750
vt 0.656250 0.413641
vt 0.687500 0.413641
vt 0.718750 0.413641
vt 0.656250 0.439690
vt 0.687500 0.439690
vt 0.718750 0.439690
vt 0.656250 0.469024
vt 0.687500 0.469024
vt 0.718750 0.469024
vt 0.656250 0.906250
vt 0.687500 0.906250
vt 0.718750 0.906250
vt 0.656250 0.937500
vt 0.687500 0.937500
vt 0.718750 0.937500
vt 0.656250 0.968750
vt 0.687500 0.968750
vt 0.718750 0.968750
vt 0.156250 0.656250
vt 0.187500 0.656250
vt 0.218750 0.656250
vt 0.156250 0.687500
vt 0.187500 0.687500
vt 0.218750 0.687500
vt 0.156250 0.718750
vt 0.187500 0.718750
vt 0.218750 0.718750
vt 0.153316 0.909186
vt 0.186630 0.907120
vt 0.218641 0.906359
vt 0.152795 0.940972
vt 0.186471 0.938529
vt 0.218621 0.937629
vt 0.154014 0.971022
vt 0.186827 0.969423
vt 0.218666 0.968834
vt 0.156250 0.413641
vt 0.187500 0.413641
vt 0.218750 0.413641
vt 0.156250 0.439690
vt 0.187500 0.439690
vt 0.218750 0.439690
vt 0.156250 0.469024
vt 0.187500 0.469024
vt 0.218750 0.469024
vt 0.155535 0.155483
vt 0.187288 0.155986
vt 0.218724 0.156172
vt 0.156038 0.186874
vt 0.187437 0.187023
vt 0.218742 0.187078
vt 0.156224 0.217325
vt 0.187492 0.217344
vt 0.218749 0.217351
vt 0.656250 0.156198
vt 0.687500 0.156198
vt 0.718750 0.156198
vt 0.656250 0.187086
vt 0.687500 0.187086
vt 0.718750 0.187086
vt 0.656250 0.217352
vt 0.687500 0.217352
vt 0.718750 0.217352
vt 0.406250 0.156198
vt 0.437500 0.156198
vt 0.468750 0.156198
vt 0.406250 0.187086
vt 0.437500 0.187086
vt 0.468750 0.187086
vt 0.406250 0.217352
vt 0.437500 0.217352
vt 0.468750 0.217352
vt 0.909295 0.153156
vt 0.941101 0.152615
vt 0.971106 0.153887
vt 0.907152 0.186192
vt 0.938567 0.186088
vt 0.969448 0.186603
vt 0.906363 0.217264
vt 0.937633 0.217417
vt 0.968837 0.217919
vt 0.156250 0.354366
vt 0.187500 0.354366
vt 0.218750 0.354366
vt 0.156250 0.365471
vt 0.187500 0.365471
vt 0.218750 0.365471
vt 0.156250 0.377197
vt 0.187500 0.377197
vt 0.218750 0.377197
vt 0.656250 0.354366
vt 0.687500 0.354366
vt 0.718750 0.354366
vt 0.656250 0.365471
vt 0.687500 0.365471
vt 0.718750 0.365471
vt 0.656250 0.377197
vt 0.687500 0.377197
vt 0.718750 0.377197
vt 0.406250 0.354366
vt 0.437500 0.354366
vt 0.468750 0.354366
vt 0.406250 0.365471
vt 0.437500 0.365471
vt 0.468750 0.365471
vt 0.406250 0.377197
vt 0.437500 0.377197
vt 0.468750 0.377197
vt 0.906250 0.354467
vt 0.937500 0.355172
vt 0.968750 0.357031
vt 0.906250 0.365463
vt 0.937500 0.365402
vt 0.968750 0.365255
vt 0.906250 0.377071
vt 0.937500 0.376185
vt 0.968750 0.373851
vt 0.156250 0.531250
vt 0.187500 0.531250
vt 0.218750 0.531250
vt 0.156250 0.562500
vt 0.187500 0.562500
vt 0.218750 0.562500
vt 0.156250 0.593750
vt 0.187500 0.593750
vt 0.218750 0.593750
vt 0.656250 0.531250
vt 0.687500 0.531250
vt 0.718750 0.531250
vt 0.656250 0.562500
vt 0.687500 0.562500
vt 0.718750 0.562500
vt 0.656250 0.593750
vt 0.687500 0.593750
vt 0.718750 0.593750
vt 0.906250 0.531250
vt 0.937500 0.531250
vt 0.968750 0.531250
vt 0.906250 0.562500
vt 0.937500 0.562500
vt 0.968750 0.562500
vt 0.906250 0.593750
vt 0.937500 0.593750
vt 0.968750 0.593750
vt 0.406250 0.531250
vt 0.437500 0.531250
vt 0.468750 0.531250
vt 0.406250 0.562500
vt 0.437500 0.562500
vt 0.468750 0.562500
vt 0.406250 0.593750
vt 0.437500 0.593750
vt 0.468750 0.593750
vt 0.156224 0.781276
vt 0.187492 0.781258
vt 0.218749 0.781251
vt 0.156046 0.812704
vt 0.187440 0.812561
vt 0.218742 0.812508
vt 0.155561 0.844439
vt 0.187296 0.843954
vt 0.218724 0.843776
vt 0.656250 0.781250
vt 0.687500 0.781250
vt 0.718750 0.781250
vt 0.656250 0.812500
vt 0.687500 0.812500
vt 0.718750 0.812500
vt 0.656250 0.843750
vt 0.687500 0.843750
vt 0.718750 0.843750
vt 0.406250 0.781250
vt 0.437500 0.781250
vt 0.468750 0.781250
vt 0.406250 0.812500
vt 0.437500 0.812500
vt 0.468750 0.812500
vt 0.406250 0.843750
vt 0.437500 0.843750
vt 0.468750 0.843750
vt 0.906363 0.781363
vt 0.937633 0.781383
vt 0.968837 0.781337
vt 0.907152 0.813402
vt 0.938567 0.813567
vt 0.969448 0.813198
vt 0.909295 0.846794
vt 0.941101 0.847342
vt 0.971106 0.846088
vt 0.974146 0.974146
vt 0.919599 0.919599
vt 0.954537 0.922993
vt 0.979619 0.915995
vt 0.986750 0.949492
vt 0.993756 0.974255
vt 0.990532 0.983572
vt 0.993972 0.990845
vt 0.990403 0.988581
vt 0.993588 0.992183
vt 0.989989 0.989402
vt 0.992978 0.992978
vt 0.989402 0.989989
vt 0.992183 0.993588
vt 0.988581 0.990403
vt 0.990845 0.993972
vt 0.983573 0.990531
vt 0.974255 0.993756
vt 0.949492 0.986750
vt 0.915994 0.979619
vt 0.922993 0.954536
vt 0.406250 0.031250
vt 0.437500 0.031250
vt 0.468750 0.031250
vt 0.406250 0.062500
vt 0.437500 0.062500
vt 0.468750 0.062500
vt 0.406250 0.093750
vt 0.437500 0.093750
vt 0.468750 0.093750
vt 0.656250 0.031250
vt 0.687500 0.031250
vt 0.718750 0.031250
vt 0.656250 0.062500
vt 0.687500 0.062500
vt 0.718750 0.062500
vt 0.656250 0.093750
vt 0.687500 0.093750
vt 0.718750 0.093750
vt 0.153912 0.028894
vt 0.186802 0.030552
vt 0.218663 0.031163
vt 0.152658 0.058899
vt 0.186433 0.061433
vt 0.218617 0.062367
vt 0.153206 0.090705
vt 0.186598 0.092848
vt 0.218637 0.093637
vt 0.974146 0.025854
vt 0.915995 0.020381
vt 0.949492 0.013250
vt 0.974255 0.006244
vt 0.983572 0.009469
vt 0.990845 0.006028
vt 0.988581 0.009597
vt 0.992183 0.006412
vt 0.989402 0.010012
vt 0.992978 0.007022
vt 0.989989 0.010598
vt 0.993588 0.007817
vt 0.990403 0.011419
vt 0.993972 0.009155
vt 0.990532 0.016428
vt 0.993756 0.025745
vt 0.986750 0.050509
vt 0.979619 0.084006
vt 0.954536 0.077007
vt 0.919599 0.080401
vt 0.922993 0.045464
vt 0.031166 0.781334
vt 0.062371 0.781379
vt 0.093641 0.781359
vt 0.030577 0.813173
vt 0.061471 0.813529
vt 0.092880 0.813370
vt 0.028978 0.845986
vt 0.059028 0.847205
vt 0.090814 0.846684
vt 0.031250 0.531250
vt 0.062500 0.531250
vt 0.093750 0.531250
vt 0.031250 0.562500
vt 0.062500 0.562500
vt 0.093750 0.562500
vt 0.031250 0.593750
vt 0.062500 0.593750
vt 0.093750 0.593750
vt 0.031250 0.357031
vt 0.062500 0.355172
vt 0.093750 0.354467
vt 0.031250 0.365255
vt 0.062500 0.365402
vt 0.093750 0.365463
vt 0.031250 0.373851
vt 0.062500 0.376185
vt 0.093750 0.377071
vt 0.028894 0.153887
vt 0.058899 0.152615
vt 0.090705 0.153156
vt 0.030552 0.186603
vt 0.061433 0.186088
vt 0.092848 0.186192
vt 0.031163 0.217919
vt 0.062367 0.217417
vt 0.093637 0.217264
vt 0.031250 0.410179
vt 0.062500 0.412592
vt 0.093750 0.413510
vt 0.031250 0.438549
vt 0.062500 0.439325
vt 0.093750 0.439644
vt 0.031250 0.468881
vt 0.062500 0.468978
vt 0.093750 0.469018
vt 0.031250 0.656250
vt 0.062500 0.656250
vt 0.093750 0.656250
vt 0.031250 0.687500
vt 0.062500 0.687500
vt 0.093750 0.687500
vt 0.031250 0.718750
vt 0.062500 0.718750
vt 0.093750 0.718750
vt 0.281250 0.031250
vt 0.312500 0.031250
vt 0.343750 0.031250
vt 0.281250 0.062500
vt 0.312500 0.062500
vt 0.343750 0.062500
vt 0.281250 0.093750
vt 0.312500 0.093750
vt 0.343750 0.093750
vt 0.281250 0.781250
vt 0.312500 0.781250
vt 0.343750 0.781250
vt 0.281250 0.812500
vt 0.312500 0.812500
vt 0.343750 0.812500
vt 0.281250 0.843750
vt 0.312500 0.843750
vt 0.343750 0.843750
vt 0.281250 0.531250
vt 0.312500 0.531250
vt 0.343750 0.531250
vt 0.281250 0.562500
vt 0.312500 0.562500
vt 0.343750 0.562500
vt 0.281250 0.593750
vt 0.312500 0.593750
vt 0.343750 0.593750
vt 0.281250 0.354366
vt 0.312500 0.354366
vt 0.343750 0.354366
vt 0.281250 0.365471
vt 0.312500 0.365471
vt 0.343750 0.365471
vt 0.281250 0.377197
vt 0.312500 0.377197
vt 0.343750 0.377197
vt 0.281250 0.156198
vt 0.312500 0.156198
vt 0.343750 0.156198
vt 0.281250 0.187086
vt 0.312500 0.187086
vt 0.343750 0.187086
vt 0.281250 0.217352
vt 0.312500 0.217352
vt 0.343750 0.217352
vt 0.281250 0.656250
vt 0.312500 0.656250
vt 0.343750 0.656250
vt 0.281250 0.687500
vt 0.312500 0.687500
vt 0.343750 0.687500
vt 0.281250 0.718750
vt 0.312500 0.718750
vt 0.343750 0.718750
vt 0.281250 0.906250
vt 0.312500 0.906250
vt 0.343750 0.906250
vt 0.281250 0.937500
vt 0.312500 0.937500
vt 0.343750 0.937500
vt 0.281250 0.968750
vt 0.312500 0.968750
vt 0.343750 0.968750
vt 0.281250 0.413641
vt 0.312500 0.413641
vt 0.343750 0.413641
vt 0.281250 0.439690
vt 0.312500 0.439690
vt 0.343750 0.439690
vt 0.281250 0.469024
vt 0.312500 0.469024
vt 0.343750 0.469024
vt 0.531250 0.031250
vt 0.562500 0.031250
vt 0.593750 0.031250
vt 0.531250 0.062500
vt 0.562500 0.062500
vt 0.593750 0.062500
vt 0.531250 0.093750
vt 0.562500 0.093750
vt 0.593750 0.093750
vt 0.531250 0.781250
vt 0.562500 0.781250
vt 0.593750 0.781250
vt 0.531250 0.812500
vt 0.562500 0.812500
vt 0.593750 0.812500
vt 0.531250 0.843750
vt 0.562500 0.843750
vt 0.593750 0.843750
vt 0.531250 0.531250
vt 0.562500 0.531250
vt 0.593750 0.531250
vt 0.531250 0.562500
vt 0.562500 0.562500
vt 0.593750 0.562500
vt 0.531250 0.593750
vt 0.562500 0.593750
vt 0.593750 0.593750
vt 0.531250 0.354366
vt 0.562500 0.354366
vt 0.593750 0.354366
vt 0.531250 0.365471
vt 0.562500 0.365471
vt 0.593750 0.365471
vt 0.531250 0.377197
vt 0.562500 0.377197
vt 0.593750 0.377197
vt 0.531250 0.156198
vt 0.562500 0.156198
vt 0.593750 0.156198
vt 0.531250 0.187086
vt 0.562500 0.187086
vt 0.593750 0.187086
vt 0.531250 0.217352
vt 0.562500 0.217352
vt 0.593750 0.217352
vt 0.531250 0.906250
vt 0.562500 0.906250
vt 0.593750 0.906250
vt 0.531250 0.937500
vt 0.562500 0.937500
vt 0.593750 0.937500
vt 0.531250 0.968750
vt 0.562500 0.968750
vt 0.593750 0.968750
vt 0.531250 0.413641
vt 0.562500 0.413641
vt 0.593750 0.413641
vt 0.531250 0.439690
vt 0.562500 0.439690
vt 0.593750 0.439690
vt 0.531250 0.469024
vt 0.562500 0.469024
vt 0.593750 0.469024
vt 0.531250 0.656250
vt 0.562500 0.656250
vt 0.593750 0.656250
vt 0.531250 0.687500
vt 0.562500 0.687500
vt 0.593750 0.687500
vt 0.531250 0.718750
vt 0.562500 0.718750
vt 0.593750 0.718750
vt 0.781337 0.031163
vt 0.813198 0.030552
vt 0.846088 0.028894
vt 0.781383 0.062367
vt 0.813567 0.061433
vt 0.847342 0.058899
vt 0.781363 0.093637
vt 0.813402 0.092848
vt 0.846794 0.090705
vt 0.781251 0.781251
vt 0.812508 0.781258
vt 0.843776 0.781276
vt 0.781258 0.812508
vt 0.812563 0.812563
vt 0.843962 0.812712
vt 0.781276 0.843776
vt 0.812712 0.843962
vt 0.844465 0.844465
vt 0.781250 0.531250
vt 0.812500 0.531250
vt 0.843750 0.531250
vt 0.781250 0.562500
vt 0.812500 0.562500
vt 0.843750 0.562500
vt 0.781250 0.593750
vt 0.812500 0.593750
vt 0.843750 0.593750
vt 0.781250 0.354366
vt 0.812500 0.354366
vt 0.843750 0.354366
vt 0.781250 0.365471
vt 0.812500 0.365471
vt 0.843750 0.365471
vt 0.781250 0.377197
vt 0.812500 0.377197
vt 0.843750 0.377197
vt 0.781276 0.156172
vt 0.812712 0.155986
vt 0.844465 0.155483
vt 0.781258 0.187078
vt 0.812563 0.187023
vt 0.843962 0.186874
vt 0.781251 0.217351
vt 0.812508 0.217344
vt 0.843777 0.217325
vt 0.781250 0.656250
vt 0.812500 0.656250
vt 0.843750 0.656250
vt 0.781250 0.687500
vt 0.812500 0.687500
vt 0.843750 0.687500
vt 0.781250 0.718750
vt 0.812500 0.718750
vt 0.843750 0.718750
vt 0.781250 0.413641
vt 0.812500 0.413641
vt 0.843750 0.413641
vt 0.781250 0.439690
vt 0.812500 0.439690
vt 0.843750 0.439690
vt 0.781250 0.469024
vt 0.812500 0.469024
vt 0.843750 0.469024
vt 0.781363 0.906363
vt 0.813402 0.907152
vt 0.846794 0.909295
vt 0.781383 0.937633
vt 0.813567 0.938567
vt 0.847342 0.941101
vt 0.781337 0.968837
vt 0.813198 0.969448
vt 0.846088 0.971106
vt 0.781250 0.274658
vt 0.812500 0.274658
vt 0.843750 0.274658
vt 0.781250 0.300367
vt 0.812500 0.300367
vt 0.843750 0.300367
vt 0.781250 0.322791
vt 0.812500 0.322791
vt 0.843750 0.322791
vt 0.531250 0.274658
vt 0.562500 0.274658
vt 0.593750 0.274658
vt 0.531250 0.300367
vt 0.562500 0.300367
vt 0.593750 0.300367
vt 0.531250 0.322791
vt 0.562500 0.322791
vt 0.593750 0.322791
vt 0.281250 0.274658
vt 0.312500 0.274658
vt 0.343750 0.274658
vt 0.281250 0.300367
vt 0.312500 0.300367
vt 0.343750 0.300367
vt 0.281250 0.322791
vt 0.312500 0.322791
vt 0.343750 0.322791
vt 0.031250 0.275429
vt 0.062500 0.274894
vt 0.093750 0.274688
vt 0.031250 0.301508
vt 0.062500 0.300732
vt 0.093750 0.300413
vt 0.031250 0.325625
vt 0.062500 0.323650
vt 0.093750 0.322898
vt 0.906250 0.274688
vt 0.937500 0.274894
vt 0.968750 0.275429
vt 0.906250 0.300413
vt 0.937500 0.300732
vt 0.968750 0.301508
vt 0.906250 0.322898
vt 0.937500 0.323650
vt 0.968750 0.325625
vt 0.406250 0.274658
vt 0.437500 0.274658
vt 0.468750 0.274658
vt 0.406250 0.300367
vt 0.437500 0.300367
vt 0.468750 0.300367
vt 0.406250 0.322791
vt 0.437500 0.322791
vt 0.468750 0.322791
vt 0.656250 0.274658
vt 0.687500 0.274658
vt 0.718750 0.274658
vt 0.656250 0.300367
vt 0.687500 0.300367
vt 0.718750 0.300367
vt 0.656250 0.322791
vt 0.687500 0.322791
vt 0.718750 0.322791
vt 0.156250 0.274658
vt 0.187500 0.274658
vt 0.218750 0.274658
vt 0.156250 0.300367
vt 0.187500 0.300367
vt 0.218750 0.300367
vt 0.156250 0.322791
vt 0.187500 0.322791
vt 0.218750 0.322791
vt 0.027162 0.972838
vt 0.020754 0.914962
vt 0.046072 0.922207
vt 0.080896 0.919104
vt 0.077793 0.953928
vt 0.085038 0.979246
vt 0.052484 0.986264
vt 0.028930 0.993443
vt 0.019354 0.990002
vt 0.012186 0.993513
vt 0.013795 0.989664
vt 0.009985 0.992762
vt 0.012293 0.988853
vt 0.008430 0.991570
vt 0.011147 0.987707
vt 0.007238 0.990015
vt 0.010337 0.986205
vt 0.006487 0.987814
vt 0.009998 0.980646
vt 0.006557 0.971070
vt 0.013736 0.947516
vt 0.025854 0.025854
vt 0.006244 0.025745
vt 0.009469 0.016428
vt 0.006028 0.009155
vt 0.009597 0.011419
vt 0.006412 0.007817
vt 0.010012 0.010598
vt 0.007022 0.007022
vt 0.010598 0.010012
vt 0.007817 0.006412
vt 0.011419 0.009597
vt 0.009155 0.006028
vt 0.016428 0.009469
vt 0.025745 0.006244
vt 0.050509 0.013250
vt 0.084006 0.020381
vt 0.077007 0.045464
vt 0.080401 0.080401
vt 0.045464 0.077007
vt 0.020381 0.084006
vt 0.013250 0.050509
vt 0.000000 0.515625
vt 1.000000 0.515625
vt 0.500000 0.515625
vt 0.750000 0.515625
vt 0.250000 0.515625
vt 0.125000 0.515625
vt 0.375000 0.515625
vt 0.625000 0.515625
vt 0.875000 0.515625
vt 0.156250 0.515625
vt 0.187500 0.515625
vt 0.218750 0.515625
vt 0.656250 0.515625
vt 0.687500 0.515625
vt 0.718750 0.515625
vt 0.906250 0.515625
vt 0.937500 0.515625
vt 0.968750 0.515625
vt 0.406250 0.515625
vt 0.437500 0.515625
vt 0.468750 0.515625
vt 0.031250 0.515625
vt 0.062500 0.515625
vt 0.093750 0.515625
vt 0.281250 0.515625
vt 0.312500 0.515625
vt 0.343750 0.515625
vt 0.531250 0.515625
vt 0.562500 0.515625
vt 0.593750 0.515625
vt 0.781250 0.515625
vt 0.812500 0.515625
vt 0.843750 0.515625
s 0
usemtl 材质.001
f 670/670/1 673/673/1 674/674/1 671/671/1
f 671/671/2 674/674/2 675/675/2 672/672/2
f 673/673/3 676/676/3 677/677/3 674/674/3
f 674/674/4 677/677/4 678/678/4 675/675/4
f 74/74/5 517/517/5 670/670/5 489/489/5
f 489/489/6 670/670/6 671/671/6 488/488/6
f 488/488/7 671/671/7 672/672/7 487/487/7
f 487/487/8 672/672/8 118/118/8 22/22/8
f 672/672/9 675/675/9 119/119/9 118/118/9
f 675/675/10 678/678/10 120/120/10 119/119/10
f 678/678/11 478/478/11 2/2/11 120/120/11
f 677/677/12 479/479/12 478/478/12 678/678/12
f 676/676/13 480/480/13 479/479/13 677/677/13
f 519/519/14 71/71/14 480/480/14 676/676/14
f 518/518/15 519/519/15 676/676/15 673/673/15
f 517/517/16 518/518/16 673/673/16 670/670/16
f 679/679/17 682/682/17 683/683/17 680/680/17
f 680/680/18 683/683/18 684/684/18 681/681/18
f 682/682/19 685/685/19 686/686/19 683/683/19
f 683/683/20 686/686/20 687/687/20 684/684/20
f 56/56/21 421/421/21 679/679/21 390/390/21
f 390/390/22 679/679/22 680/680/22 389/389/22
f 389/389/23 680/680/23 681/681/23 388/388/23
f 388/388/24 681/681/24 133/133/24 23/23/24
f 681/681/25 684/684/25 134/134/25 133/133/25
f 684/684/26 687/687/26 135/135/26 134/134/26
f 687/687/27 379/379/27 5/5/27 135/135/27
f 686/686/28 380/380/28 379/379/28 687/687/28
f 685/685/29 381/381/29 380/380/29 686/686/29
f 423/423/30 53/53/30 381/381/30 685/685/30
f 422/422/31 423/423/31 685/685/31 682/682/31
f 421/421/32 422/422/32 682/682/32 679/679/32
f 688/688/33 691/691/33 692/692/33 689/689/33
f 689/689/34 692/692/34 693/693/34 690/690/34
f 691/691/35 694/694/35 695/695/35 692/692/35
f 692/692/36 695/695/36 696/696/36 693/693/36
f 58/58/37 418/418/37 688/688/37 396/396/37
f 396/396/38 688/688/38 689/689/38 395/395/38
f 395/395/39 689/689/39 690/690/39 394/394/39
f 394/394/40 690/690/40 136/136/40 33/33/40
f 690/690/41 693/693/41 137/137/41 136/136/41
f 693/693/42 696/696/42 138/138/42 137/137/42
f 696/696/43 376/376/43 4/4/43 138/138/43
f 695/695/44 377/377/44 376/376/44 696/696/44
f 694/694/45 378/378/45 377/377/45 695/695/45
f 420/420/46 52/52/46 378/378/46 694/694/46
f 419/419/47 420/420/47 694/694/47 691/691/47
f 418/418/48 419/419/48 691/691/48 688/688/48
f 697/697/49 700/700/49 701/701/49 698/698/49
f 698/698/50 701/701/50 702/702/50 699/699/50
f 700/700/51 703/703/51 704/704/51 701/701/51
f 701/701/52 704/704/52 705/705/52 702/702/52
f 57/57/53 415/415/53 697/697/53 393/393/53
f 393/393/54 697/697/54 698/698/54 392/392/54
f 392/392/55 698/698/55 699/699/55 391/391/55
f 391/391/56 699/699/56 145/145/56 29/29/56
f 699/699/57 702/702/57 146/146/57 145/145/57
f 702/702/58 705/705/58 147/147/58 146/146/58
f 705/705/59 382/382/59 8/8/59 147/147/59
f 704/704/60 383/383/60 382/382/60 705/705/60
f 703/703/61 384/384/61 383/383/61 704/704/61
f 417/417/62 54/54/62 384/384/62 703/703/62
f 416/416/63 417/417/63 703/703/63 700/700/63
f 415/415/64 416/416/64 700/700/64 697/697/64
f 706/706/65 709/709/65 710/710/65 707/707/65
f 707/707/66 710/710/66 711/711/66 708/708/66
f 709/709/67 712/712/67 713/713/67 710/710/67
f 710/710/68 713/713/68 714/714/68 711/711/68
f 75/75/69 514/514/69 706/706/69 492/492/69
f 492/492/70 706/706/70 707/707/70 491/491/70
f 491/491/71 707/707/71 708/708/71 490/490/71
f 490/490/72 708/708/72 139/139/72 28/28/72
f 708/708/73 711/711/73 140/140/73 139/139/73
f 711/711/74 714/714/74 141/141/74 140/140/74
f 714/714/75 481/481/75 6/6/75 141/141/75
f 713/713/76 482/482/76 481/481/76 714/714/76
f 712/712/77 483/483/77 482/482/77 713/713/77
f 516/516/78 72/72/78 483/483/78 712/712/78
f 515/515/79 516/516/79 712/712/79 709/709/79
f 514/514/80 515/515/80 709/709/80 706/706/80
f 715/715/81 718/718/81 719/719/81 716/716/81
f 716/716/82 719/719/82 720/720/82 717/717/82
f 718/718/83 721/721/83 722/722/83 719/719/83
f 719/719/84 722/722/84 723/723/84 720/720/84
f 66/66/85 472/472/85 715/715/85 444/444/85
f 444/444/86 715/715/86 716/716/86 443/443/86
f 443/443/87 716/716/87 717/717/87 442/442/87
f 442/442/88 717/717/88 166/166/88 30/30/88
f 717/717/89 720/720/89 167/167/89 166/166/89
f 720/720/90 723/723/90 168/168/90 167/167/90
f 723/723/91 430/430/91 12/12/91 168/168/91
f 722/722/92 431/431/92 430/430/92 723/723/92
f 721/721/93 432/432/93 431/431/93 722/722/93
f 474/474/94 62/62/94 432/432/94 721/721/94
f 473/473/95 474/474/95 721/721/95 718/718/95
f 472/472/96 473/473/96 718/718/96 715/715/96
f 724/724/97 727/727/97 728/728/97 725/725/97
f 725/725/98 728/728/98 729/729/98 726/726/98
f 727/727/99 730/730/99 731/731/99 728/728/99
f 728/728/100 731/731/100 732/732/100 729/729/100
f 65/65/101 469/469/101 724/724/101 441/441/101
f 441/441/102 724/724/102 725/725/102 440/440/102
f 440/440/103 725/725/103 726/726/103 439/439/103
f 439/439/104 726/726/104 169/169/104 24/24/104
f 726/726/105 729/729/105 170/170/105 169/169/105
f 729/729/106 732/732/106 171/171/106 170/170/106
f 732/732/107 427/427/107 11/11/107 171/171/107
f 731/731/108 428/428/108 427/427/108 732/732/108
f 730/730/109 429/429/109 428/428/109 731/731/109
f 471/471/110 61/61/110 429/429/110 730/730/110
f 470/470/111 471/471/111 730/730/111 727/727/111
f 469/469/112 470/470/112 727/727/112 724/724/112
f 733/733/113 736/736/113 737/737/113 734/734/113
f 734/734/114 737/737/114 738/738/114 735/735/114
f 736/736/115 739/739/115 740/740/115 737/737/115
f 737/737/116 740/740/116 741/741/116 738/738/116
f 67/67/117 466/466/117 733/733/117 447/447/117
f 447/447/118 733/733/118 734/734/118 446/446/118
f 446/446/119 734/734/119 735/735/119 445/445/119
f 445/445/120 735/735/120 172/172/120 35/35/120
f 735/735/121 738/738/121 173/173/121 172/172/121
f 738/738/122 741/741/122 174/174/122 173/173/122
f 741/741/123 424/424/123 10/10/123 174/174/123
f 740/740/124 425/425/124 424/424/124 741/741/124
f 739/739/125 426/426/125 425/425/125 740/740/125
f 468/468/126 60/60/126 426/426/126 739/739/126
f 467/467/127 468/468/127 739/739/127 736/736/127
f 466/466/128 467/467/128 736/736/128 733/733/128
f 742/742/129 745/745/129 746/746/129 743/743/129
f 743/743/130 746/746/130 747/747/130 744/744/130
f 745/745/131 748/748/131 749/749/131 746/746/131
f 746/746/132 749/749/132 750/750/132 747/747/132
f 48/48/133 370/370/133 742/742/133 342/342/133
f 342/342/134 742/742/134 743/743/134 341/341/134
f 341/341/135 743/743/135 744/744/135 340/340/135
f 340/340/136 744/744/136 187/187/136 31/31/136
f 744/744/137 747/747/137 188/188/137 187/187/137
f 747/747/138 750/750/138 189/189/138 188/188/138
f 750/750/139 331/331/139 16/16/139 189/189/139
f 749/749/140 332/332/140 331/331/140 750/750/140
f 748/748/141 333/333/141 332/332/141 749/749/141
f 372/372/142 44/44/142 333/333/142 748/748/142
f 371/371/143 372/372/143 748/748/143 745/745/143
f 370/370/144 371/371/144 745/745/144 742/742/144
f 751/751/145 754/754/145 755/755/145 752/752/145
f 752/752/146 755/755/146 756/756/146 753/753/146
f 754/754/147 757/757/147 758/758/147 755/755/147
f 755/755/148 758/758/148 759/759/148 756/756/148
f 49/49/149 367/367/149 751/751/149 345/345/149
f 345/345/150 751/751/150 752/752/150 344/344/150
f 344/344/151 752/752/151 753/753/151 343/343/151
f 343/343/152 753/753/152 190/190/152 36/36/152
f 753/753/153 756/756/153 191/191/153 190/190/153
f 756/756/154 759/759/154 192/192/154 191/191/154
f 759/759/155 325/325/155 13/13/155 192/192/155
f 758/758/156 326/326/156 325/325/156 759/759/156
f 757/757/157 327/327/157 326/326/157 758/758/157
f 369/369/158 42/42/158 327/327/158 757/757/158
f 368/368/159 369/369/159 757/757/159 754/754/159
f 367/367/160 368/368/160 754/754/160 751/751/160
f 760/760/161 763/763/161 764/764/161 761/761/161
f 761/761/162 764/764/162 765/765/162 762/762/162
f 763/763/163 766/766/163 767/767/163 764/764/163
f 764/764/164 767/767/164 768/768/164 765/765/164
f 47/47/165 364/364/165 760/760/165 339/339/165
f 339/339/166 760/760/166 761/761/166 338/338/166
f 338/338/167 761/761/167 762/762/167 337/337/167
f 337/337/168 762/762/168 193/193/168 25/25/168
f 762/762/169 765/765/169 194/194/169 193/193/169
f 765/765/170 768/768/170 195/195/170 194/194/170
f 768/768/171 328/328/171 14/14/171 195/195/171
f 767/767/172 329/329/172 328/328/172 768/768/172
f 766/766/173 330/330/173 329/329/173 767/767/173
f 366/366/174 43/43/174 330/330/174 766/766/174
f 365/365/175 366/366/175 766/766/175 763/763/175
f 364/364/176 365/365/176 763/763/176 760/760/176
f 769/769/177 772/772/177 773/773/177 770/770/177
f 770/770/178 773/773/178 774/774/178 771/771/178
f 772/772/179 775/775/179 776/776/179 773/773/179
f 773/773/180 776/776/180 777/777/180 774/774/180
f 50/50/181 361/361/181 769/769/181 348/348/181
f 348/348/182 769/769/182 770/770/182 347/347/182
f 347/347/183 770/770/183 771/771/183 346/346/183
f 346/346/184 771/771/184 208/208/184 41/41/184
f 771/771/185 774/774/185 209/209/185 208/208/185
f 774/774/186 777/777/186 210/210/186 209/209/186
f 777/777/187 334/334/187 21/21/187 210/210/187
f 776/776/188 335/335/188 334/334/188 777/777/188
f 775/775/189 336/336/189 335/335/189 776/776/189
f 363/363/190 46/46/190 336/336/190 775/775/190
f 362/362/191 363/363/191 775/775/191 772/772/191
f 361/361/192 362/362/192 772/772/192 769/769/192
f 778/778/193 781/781/193 782/782/193 779/779/193
f 779/779/194 782/782/194 783/783/194 780/780/194
f 781/781/195 784/784/195 785/785/195 782/782/195
f 782/782/196 785/785/196 786/786/196 783/783/196
f 68/68/197 463/463/197 778/778/197 450/450/197
f 450/450/198 778/778/198 779/779/198 449/449/198
f 449/449/199 779/779/199 780/780/199 448/448/199
f 448/448/200 780/780/200 205/205/200 40/40/200
f 780/780/201 783/783/201 206/206/201 205/205/201
f 783/783/202 786/786/202 207/207/202 206/206/202
f 786/786/203 436/436/203 20/20/203 207/207/203
f 785/785/204 437/437/204 436/436/204 786/786/204
f 784/784/205 438/438/205 437/437/205 785/785/205
f 465/465/206 64/64/206 438/438/206 784/784/206
f 464/464/207 465/465/207 784/784/207 781/781/207
f 463/463/208 464/464/208 781/781/208 778/778/208
f 787/787/209 790/790/209 791/791/209 788/788/209
f 788/788/210 791/791/210 792/792/210 789/789/210
f 790/790/211 793/793/211 794/794/211 791/791/211
f 791/791/212 794/794/212 795/795/212 792/792/212
f 59/59/213 412/412/213 787/787/213 399/399/213
f 399/399/214 787/787/214 788/788/214 398/398/214
f 398/398/215 788/788/215 789/789/215 397/397/215
f 397/397/216 789/789/216 202/202/216 39/39/216
f 789/789/217 792/792/217 203/203/217 202/202/217
f 792/792/218 795/795/218 204/204/218 203/203/218
f 795/795/219 385/385/219 19/19/219 204/204/219
f 794/794/220 386/386/220 385/385/220 795/795/220
f 793/793/221 387/387/221 386/386/221 794/794/221
f 414/414/222 55/55/222 387/387/222 793/793/222
f 413/413/223 414/414/223 793/793/223 790/790/223
f 412/412/224 413/413/224 790/790/224 787/787/224
f 796/796/225 799/799/225 800/800/225 797/797/225
f 797/797/226 800/800/226 801/801/226 798/798/226
f 799/799/227 802/802/227 803/803/227 800/800/227
f 800/800/228 803/803/228 804/804/228 801/801/228
f 77/77/229 511/511/229 796/796/229 498/498/229
f 498/498/230 796/796/230 797/797/230 497/497/230
f 497/497/231 797/797/231 798/798/231 496/496/231
f 496/496/232 798/798/232 199/199/232 38/38/232
f 798/798/233 801/801/233 200/200/233 199/199/233
f 801/801/234 804/804/234 201/201/234 200/200/234
f 804/804/235 484/484/235 18/18/235 201/201/235
f 803/803/236 485/485/236 484/484/236 804/804/236
f 802/802/237 486/486/237 485/485/237 803/803/237
f 513/513/238 73/73/238 486/486/238 802/802/238
f 512/512/239 513/513/239 802/802/239 799/799/239
f 511/511/240 512/512/240 799/799/240 796/796/240
f 805/805/241 808/808/241 809/809/241 806/806/241
f 806/806/242 809/809/242 810/810/242 807/807/242
f 808/808/243 811/811/243 812/812/243 809/809/243
f 809/809/244 812/812/244 813/813/244 810/810/244
f 83/83/245 358/358/245 805/805/245 573/573/245
f 573/573/246 805/805/246 806/806/246 572/572/246
f 572/572/247 806/806/247 807/807/247 571/571/247
f 571/571/248 807/807/248 232/232/248 82/82/248
f 807/807/249 810/810/249 233/233/249 232/232/249
f 810/810/250 813/813/250 234/234/250 233/233/250
f 813/813/251 337/337/251 25/25/251 234/234/251
f 812/812/252 338/338/252 337/337/252 813/813/252
f 811/811/253 339/339/253 338/338/253 812/812/253
f 360/360/254 47/47/254 339/339/254 811/811/254
f 359/359/255 360/360/255 811/811/255 808/808/255
f 358/358/256 359/359/256 808/808/256 805/805/256
f 814/814/257 817/817/257 818/818/257 815/815/257
f 815/815/258 818/818/258 819/819/258 816/816/258
f 817/817/259 820/820/259 821/821/259 818/818/259
f 818/818/260 821/821/260 822/822/260 819/819/260
f 85/85/261 460/460/261 814/814/261 570/570/261
f 570/570/262 814/814/262 815/815/262 569/569/262
f 569/569/263 815/815/263 816/816/263 568/568/263
f 568/568/264 816/816/264 229/229/264 81/81/264
f 816/816/265 819/819/265 230/230/265 229/229/265
f 819/819/266 822/822/266 231/231/266 230/230/266
f 822/822/267 439/439/267 24/24/267 231/231/267
f 821/821/268 440/440/268 439/439/268 822/822/268
f 820/820/269 441/441/269 440/440/269 821/821/269
f 462/462/270 65/65/270 441/441/270 820/820/270
f 461/461/271 462/462/271 820/820/271 817/817/271
f 460/460/272 461/461/272 817/817/272 814/814/272
f 823/823/273 826/826/273 827/827/273 824/824/273
f 824/824/274 827/827/274 828/828/274 825/825/274
f 826/826/275 829/829/275 830/830/275 827/827/275
f 827/827/276 830/830/276 831/831/276 828/828/276
f 84/84/277 409/409/277 823/823/277 567/567/277
f 567/567/278 823/823/278 824/824/278 566/566/278
f 566/566/279 824/824/279 825/825/279 565/565/279
f 565/565/280 825/825/280 226/226/280 80/80/280
f 825/825/281 828/828/281 227/227/281 226/226/281
f 828/828/282 831/831/282 228/228/282 227/227/282
f 831/831/283 388/388/283 23/23/283 228/228/283
f 830/830/284 389/389/284 388/388/284 831/831/284
f 829/829/285 390/390/285 389/389/285 830/830/285
f 411/411/286 56/56/286 390/390/286 829/829/286
f 410/410/287 411/411/287 829/829/287 826/826/287
f 409/409/288 410/410/288 826/826/288 823/823/288
f 832/832/289 835/835/289 836/836/289 833/833/289
f 833/833/290 836/836/290 837/837/290 834/834/290
f 835/835/291 838/838/291 839/839/291 836/836/291
f 836/836/292 839/839/292 840/840/292 837/837/292
f 86/86/293 508/508/293 832/832/293 564/564/293
f 564/564/294 832/832/294 833/833/294 563/563/294
f 563/563/295 833/833/295 834/834/295 562/562/295
f 562/562/296 834/834/296 223/223/296 79/79/296
f 834/834/297 837/837/297 224/224/297 223/223/297
f 837/837/298 840/840/298 225/225/298 224/224/298
f 840/840/299 487/487/299 22/22/299 225/225/299
f 839/839/300 488/488/300 487/487/300 840/840/300
f 838/838/301 489/489/301 488/488/301 839/839/301
f 510/510/302 74/74/302 489/489/302 838/838/302
f 509/509/303 510/510/303 838/838/303 835/835/303
f 508/508/304 509/509/304 835/835/304 832/832/304
f 841/841/305 844/844/305 845/845/305 842/842/305
f 842/842/306 845/845/306 846/846/306 843/843/306
f 844/844/307 847/847/307 848/848/307 845/845/307
f 845/845/308 848/848/308 849/849/308 846/846/308
f 1371/1371/309 355/355/309 841/841/309 1375/1375/309
f 1375/1375/310 841/841/310 842/842/310 1376/1376/310
f 1376/1376/311 842/842/311 843/843/311 1377/1377/311
f 1377/1377/312 843/843/312 262/262/312 1370/1370/312
f 843/843/313 846/846/313 263/263/313 262/262/313
f 846/846/314 849/849/314 264/264/314 263/263/314
f 849/849/315 340/340/315 31/31/315 264/264/315
f 848/848/316 341/341/316 340/340/316 849/849/316
f 847/847/317 342/342/317 341/341/317 848/848/317
f 357/357/318 48/48/318 342/342/318 847/847/318
f 356/356/319 357/357/319 847/847/319 844/844/319
f 355/355/320 356/356/320 844/844/320 841/841/320
f 850/850/321 853/853/321 854/854/321 851/851/321
f 851/851/322 854/854/322 855/855/322 852/852/322
f 853/853/323 856/856/323 857/857/323 854/854/323
f 854/854/324 857/857/324 858/858/324 855/855/324
f 1373/1373/325 457/457/325 850/850/325 1378/1378/325
f 1378/1378/326 850/850/326 851/851/326 1379/1379/326
f 1379/1379/327 851/851/327 852/852/327 1380/1380/327
f 1380/1380/328 852/852/328 259/259/328 1369/1369/328
f 852/852/329 855/855/329 260/260/329 259/259/329
f 855/855/330 858/858/330 261/261/330 260/260/330
f 858/858/331 442/442/331 30/30/331 261/261/331
f 857/857/332 443/443/332 442/442/332 858/858/332
f 856/856/333 444/444/333 443/443/333 857/857/333
f 459/459/334 66/66/334 444/444/334 856/856/334
f 458/458/335 459/459/335 856/856/335 853/853/335
f 457/457/336 458/458/336 853/853/336 850/850/336
f 859/859/337 862/862/337 863/863/337 860/860/337
f 860/860/338 863/863/338 864/864/338 861/861/338
f 862/862/339 865/865/339 866/866/339 863/863/339
f 863/863/340 866/866/340 867/867/340 864/864/340
f 1374/1374/341 505/505/341 859/859/341 1381/1381/341
f 1381/1381/342 859/859/342 860/860/342 1382/1382/342
f 1382/1382/343 860/860/343 861/861/343 1383/1383/343
f 1383/1383/344 861/861/344 253/253/344 1367/1367/344
f 861/861/345 864/864/345 254/254/345 253/253/345
f 864/864/346 867/867/346 255/255/346 254/254/346
f 867/867/347 490/490/347 28/28/347 255/255/347
f 866/866/348 491/491/348 490/490/348 867/867/348
f 865/865/349 492/492/349 491/491/349 866/866/349
f 507/507/350 75/75/350 492/492/350 865/865/350
f 506/506/351 507/507/351 865/865/351 862/862/351
f 505/505/352 506/506/352 862/862/352 859/859/352
f 868/868/353 871/871/353 872/872/353 869/869/353
f 869/869/354 872/872/354 873/873/354 870/870/354
f 871/871/355 874/874/355 875/875/355 872/872/355
f 872/872/356 875/875/356 876/876/356 873/873/356
f 1372/1372/357 406/406/357 868/868/357 1384/1384/357
f 1384/1384/358 868/868/358 869/869/358 1385/1385/358
f 1385/1385/359 869/869/359 870/870/359 1386/1386/359
f 1386/1386/360 870/870/360 256/256/360 1368/1368/360
f 870/870/361 873/873/361 257/257/361 256/256/361
f 873/873/362 876/876/362 258/258/362 257/257/362
f 876/876/363 391/391/363 29/29/363 258/258/363
f 875/875/364 392/392/364 391/391/364 876/876/364
f 874/874/365 393/393/365 392/392/365 875/875/365
f 408/408/366 57/57/366 393/393/366 874/874/366
f 407/407/367 408/408/367 874/874/367 871/871/367
f 406/406/368 407/407/368 871/871/368 868/868/368
f 877/877/369 880/880/369 881/881/369 878/878/369
f 878/878/370 881/881/370 882/882/370 879/879/370
f 880/880/371 883/883/371 884/884/371 881/881/371
f 881/881/372 884/884/372 885/885/372 882/882/372
f 44/44/373 352/352/373 877/877/373 333/333/373
f 333/333/374 877/877/374 878/878/374 332/332/374
f 332/332/375 878/878/375 879/879/375 331/331/375
f 331/331/376 879/879/376 286/286/376 16/16/376
f 879/879/377 882/882/377 287/287/377 286/286/377
f 882/882/378 885/885/378 288/288/378 287/287/378
f 885/885/379 343/343/379 36/36/379 288/288/379
f 884/884/380 344/344/380 343/343/380 885/885/380
f 883/883/381 345/345/381 344/344/381 884/884/381
f 354/354/382 49/49/382 345/345/382 883/883/382
f 353/353/383 354/354/383 883/883/383 880/880/383
f 352/352/384 353/353/384 880/880/384 877/877/384
f 886/886/385 889/889/385 890/890/385 887/887/385
f 887/887/386 890/890/386 891/891/386 888/888/386
f 889/889/387 892/892/387 893/893/387 890/890/387
f 890/890/388 893/893/388 894/894/388 891/891/388
f 62/62/389 454/454/389 886/886/389 432/432/389
f 432/432/390 886/886/390 887/887/390 431/431/390
f 431/431/391 887/887/391 888/888/391 430/430/391
f 430/430/392 888/888/392 283/283/392 12/12/392
f 888/888/393 891/891/393 284/284/393 283/283/393
f 891/891/394 894/894/394 285/285/394 284/284/394
f 894/894/395 445/445/395 35/35/395 285/285/395
f 893/893/396 446/446/396 445/445/396 894/894/396
f 892/892/397 447/447/397 446/446/397 893/893/397
f 456/456/398 67/67/398 447/447/398 892/892/398
f 455/455/399 456/456/399 892/892/399 889/889/399
f 454/454/400 455/455/400 889/889/400 886/886/400
f 895/895/401 898/898/401 899/899/401 896/896/401
f 896/896/402 899/899/402 900/900/402 897/897/402
f 898/898/403 901/901/403 902/902/403 899/899/403
f 899/899/404 902/902/404 903/903/404 900/900/404
f 54/54/405 403/403/405 895/895/405 384/384/405
f 384/384/406 895/895/406 896/896/406 383/383/406
f 383/383/407 896/896/407 897/897/407 382/382/407
f 382/382/408 897/897/408 280/280/408 8/8/408
f 897/897/409 900/900/409 281/281/409 280/280/409
f 900/900/410 903/903/410 282/282/410 281/281/410
f 903/903/411 394/394/411 33/33/411 282/282/411
f 902/902/412 395/395/412 394/394/412 903/903/412
f 901/901/413 396/396/413 395/395/413 902/902/413
f 405/405/414 58/58/414 396/396/414 901/901/414
f 404/404/415 405/405/415 901/901/415 898/898/415
f 403/403/416 404/404/416 898/898/416 895/895/416
f 904/904/417 907/907/417 908/908/417 905/905/417
f 905/905/418 908/908/418 909/909/418 906/906/418
f 907/907/419 910/910/419 911/911/419 908/908/419
f 908/908/420 911/911/420 912/912/420 909/909/420
f 72/72/421 502/502/421 904/904/421 483/483/421
f 483/483/422 904/904/422 905/905/422 482/482/422
f 482/482/423 905/905/423 906/906/423 481/481/423
f 481/481/424 906/906/424 277/277/424 6/6/424
f 906/906/425 909/909/425 278/278/425 277/277/425
f 909/909/426 912/912/426 279/279/426 278/278/426
f 912/912/427 493/493/427 32/32/427 279/279/427
f 911/911/428 494/494/428 493/493/428 912/912/428
f 910/910/429 495/495/429 494/494/429 911/911/429
f 504/504/430 76/76/430 495/495/430 910/910/430
f 503/503/431 504/504/431 910/910/431 907/907/431
f 502/502/432 503/503/432 907/907/432 904/904/432
f 914/914/433 933/933/433 913/913/433 915/915/433
f 916/916/434 915/915/434 913/913/434 917/917/434
f 918/918/435 917/917/435 913/913/435 919/919/435
f 920/920/436 919/919/436 913/913/436 921/921/436
f 922/922/437 921/921/437 913/913/437 923/923/437
f 924/924/438 923/923/438 913/913/438 925/925/438
f 926/926/439 925/925/439 913/913/439 927/927/439
f 928/928/440 927/927/440 913/913/440 929/929/440
f 930/930/441 929/929/441 913/913/441 931/931/441
f 932/932/442 931/931/442 913/913/442 933/933/442
f 76/76/443 520/520/443 914/914/443 495/495/443
f 495/495/444 914/914/444 915/915/444 494/494/444
f 520/520/445 521/521/445 933/933/445 914/914/445
f 32/32/446 493/493/446 916/916/446 646/646/446
f 646/646/447 916/916/447 917/917/447 647/647/447
f 493/493/448 494/494/448 915/915/448 916/916/448
f 109/109/449 648/648/449 918/918/449 649/649/449
f 649/649/450 918/918/450 919/919/450 650/650/450
f 648/648/451 647/647/451 917/917/451 918/918/451
f 114/114/452 651/651/452 920/920/452 652/652/452
f 652/652/453 920/920/453 921/921/453 653/653/453
f 651/651/454 650/650/454 919/919/454 920/920/454
f 113/113/455 654/654/455 922/922/455 655/655/455
f 655/655/456 922/922/456 923/923/456 656/656/456
f 654/654/457 653/653/457 921/921/457 922/922/457
f 112/112/458 657/657/458 924/924/458 658/658/458
f 658/658/459 924/924/459 925/925/459 659/659/459
f 657/657/460 656/656/460 923/923/460 924/924/460
f 111/111/461 660/660/461 926/926/461 661/661/461
f 661/661/462 926/926/462 927/927/462 662/662/462
f 660/660/463 659/659/463 925/925/463 926/926/463
f 110/110/464 663/663/464 928/928/464 664/664/464
f 664/664/465 928/928/465 929/929/465 665/665/465
f 663/663/466 662/662/466 927/927/466 928/928/466
f 108/108/467 666/666/467 930/930/467 667/667/467
f 667/667/468 930/930/468 931/931/468 668/668/468
f 666/666/469 665/665/469 929/929/469 930/930/469
f 70/70/470 669/669/470 932/932/470 522/522/470
f 522/522/471 932/932/471 933/933/471 521/521/471
f 669/669/472 668/668/472 931/931/472 932/932/472
f 934/934/473 937/937/473 938/938/473 935/935/473
f 935/935/474 938/938/474 939/939/474 936/936/474
f 937/937/475 940/940/475 941/941/475 938/938/475
f 938/938/476 941/941/476 942/942/476 939/939/476
f 51/51/477 400/400/477 934/934/477 124/124/477
f 124/124/478 934/934/478 935/935/478 125/125/478
f 125/125/479 935/935/479 936/936/479 126/126/479
f 126/126/480 936/936/480 304/304/480 3/3/480
f 936/936/481 939/939/481 305/305/481 304/304/481
f 939/939/482 942/942/482 306/306/482 305/305/482
f 942/942/483 397/397/483 39/39/483 306/306/483
f 941/941/484 398/398/484 397/397/484 942/942/484
f 940/940/485 399/399/485 398/398/485 941/941/485
f 402/402/486 59/59/486 399/399/486 940/940/486
f 401/401/487 402/402/487 940/940/487 937/937/487
f 400/400/488 401/401/488 937/937/488 934/934/488
f 943/943/489 946/946/489 947/947/489 944/944/489
f 944/944/490 947/947/490 948/948/490 945/945/490
f 946/946/491 949/949/491 950/950/491 947/947/491
f 947/947/492 950/950/492 951/951/492 948/948/492
f 63/63/493 451/451/493 943/943/493 154/154/493
f 154/154/494 943/943/494 944/944/494 155/155/494
f 155/155/495 944/944/495 945/945/495 156/156/495
f 156/156/496 945/945/496 307/307/496 9/9/496
f 945/945/497 948/948/497 308/308/497 307/307/497
f 948/948/498 951/951/498 309/309/498 308/308/498
f 951/951/499 448/448/499 40/40/499 309/309/499
f 950/950/500 449/449/500 448/448/500 951/951/500
f 949/949/501 450/450/501 449/449/501 950/950/501
f 453/453/502 68/68/502 450/450/502 949/949/502
f 452/452/503 453/453/503 949/949/503 946/946/503
f 451/451/504 452/452/504 946/946/504 943/943/504
f 952/952/505 955/955/505 956/956/505 953/953/505
f 953/953/506 956/956/506 957/957/506 954/954/506
f 955/955/507 958/958/507 959/959/507 956/956/507
f 956/956/508 959/959/508 960/960/508 957/957/508
f 45/45/509 349/349/509 952/952/509 181/181/509
f 181/181/510 952/952/510 953/953/510 182/182/510
f 182/182/511 953/953/511 954/954/511 183/183/511
f 183/183/512 954/954/512 310/310/512 15/15/512
f 954/954/513 957/957/513 311/311/513 310/310/513
f 957/957/514 960/960/514 312/312/514 311/311/514
f 960/960/515 346/346/515 41/41/515 312/312/515
f 959/959/516 347/347/516 346/346/516 960/960/516
f 958/958/517 348/348/517 347/347/517 959/959/517
f 351/351/518 50/50/518 348/348/518 958/958/518
f 350/350/519 351/351/519 958/958/519 955/955/519
f 349/349/520 350/350/520 955/955/520 952/952/520
f 962/962/521 981/981/521 961/961/521 963/963/521
f 964/964/522 963/963/522 961/961/522 965/965/522
f 966/966/523 965/965/523 961/961/523 967/967/523
f 968/968/524 967/967/524 961/961/524 969/969/524
f 970/970/525 969/969/525 961/961/525 971/971/525
f 972/972/526 971/971/526 961/961/526 973/973/526
f 974/974/527 973/973/527 961/961/527 975/975/527
f 976/976/528 975/975/528 961/961/528 977/977/528
f 978/978/529 977/977/529 961/961/529 979/979/529
f 980/980/530 979/979/530 961/961/530 981/981/530
f 69/69/531 499/499/531 962/962/531 622/622/531
f 622/622/532 962/962/532 963/963/532 623/623/532
f 499/499/533 500/500/533 981/981/533 962/962/533
f 102/102/534 624/624/534 964/964/534 625/625/534
f 625/625/535 964/964/535 965/965/535 626/626/535
f 624/624/536 623/623/536 963/963/536 964/964/536
f 107/107/537 627/627/537 966/966/537 628/628/537
f 628/628/538 966/966/538 967/967/538 629/629/538
f 627/627/539 626/626/539 965/965/539 966/966/539
f 106/106/540 630/630/540 968/968/540 631/631/540
f 631/631/541 968/968/541 969/969/541 632/632/541
f 630/630/542 629/629/542 967/967/542 968/968/542
f 105/105/543 633/633/543 970/970/543 634/634/543
f 634/634/544 970/970/544 971/971/544 635/635/544
f 633/633/545 632/632/545 969/969/545 970/970/545
f 104/104/546 636/636/546 972/972/546 637/637/546
f 637/637/547 972/972/547 973/973/547 638/638/547
f 636/636/548 635/635/548 971/971/548 972/972/548
f 103/103/549 639/639/549 974/974/549 640/640/549
f 640/640/550 974/974/550 975/975/550 641/641/550
f 639/639/551 638/638/551 973/973/551 974/974/551
f 101/101/552 642/642/552 976/976/552 643/643/552
f 643/643/553 976/976/553 977/977/553 644/644/553
f 642/642/554 641/641/554 975/975/554 976/976/554
f 38/38/555 645/645/555 978/978/555 496/496/555
f 496/496/556 978/978/556 979/979/556 497/497/556
f 645/645/557 644/644/557 977/977/557 978/978/557
f 77/77/558 498/498/558 980/980/558 501/501/558
f 501/501/559 980/980/559 981/981/559 500/500/559
f 498/498/560 497/497/560 979/979/560 980/980/560
f 982/982/561 985/985/561 986/986/561 983/983/561
f 983/983/562 986/986/562 987/987/562 984/984/562
f 985/985/563 988/988/563 989/989/563 986/986/563
f 986/986/564 989/989/564 990/990/564 987/987/564
f 7/7/565 144/144/565 982/982/565 150/150/565
f 150/150/566 982/982/566 983/983/566 149/149/566
f 149/149/567 983/983/567 984/984/567 148/148/567
f 148/148/568 984/984/568 352/352/568 44/44/568
f 984/984/569 987/987/569 353/353/569 352/352/569
f 987/987/570 990/990/570 354/354/570 353/353/570
f 990/990/571 289/289/571 49/49/571 354/354/571
f 989/989/572 290/290/572 289/289/572 990/990/572
f 988/988/573 291/291/573 290/290/573 989/989/573
f 142/142/574 34/34/574 291/291/574 988/988/574
f 143/143/575 142/142/575 988/988/575 985/985/575
f 144/144/576 143/143/576 985/985/576 982/982/576
f 991/991/577 994/994/577 995/995/577 992/992/577
f 992/992/578 995/995/578 996/996/578 993/993/578
f 994/994/579 997/997/579 998/998/579 995/995/579
f 995/995/580 998/998/580 999/999/580 996/996/580
f 1366/1366/581 117/117/581 991/991/581 1387/1387/581
f 1387/1387/582 991/991/582 992/992/582 1388/1388/582
f 1388/1388/583 992/992/583 993/993/583 1389/1389/583
f 1389/1389/584 993/993/584 355/355/584 1371/1371/584
f 993/993/585 996/996/585 356/356/585 355/355/585
f 996/996/586 999/999/586 357/357/586 356/356/586
f 999/999/587 265/265/587 48/48/587 357/357/587
f 998/998/588 266/266/588 265/265/588 999/999/588
f 997/997/589 267/267/589 266/266/589 998/998/589
f 115/115/590 27/27/590 267/267/590 997/997/590
f 116/116/591 115/115/591 997/997/591 994/994/591
f 117/117/592 116/116/592 994/994/592 991/991/592
f 1000/1000/593 1003/1003/593 1004/1004/593 1001/1001/593
f 1001/1001/594 1004/1004/594 1005/1005/594 1002/1002/594
f 1003/1003/595 1006/1006/595 1007/1007/595 1004/1004/595
f 1004/1004/596 1007/1007/596 1008/1008/596 1005/1005/596
f 78/78/597 525/525/597 1000/1000/597 561/561/597
f 561/561/598 1000/1000/598 1001/1001/598 560/560/598
f 560/560/599 1001/1001/599 1002/1002/599 559/559/599
f 559/559/600 1002/1002/600 358/358/600 83/83/600
f 1002/1002/601 1005/1005/601 359/359/601 358/358/601
f 1005/1005/602 1008/1008/602 360/360/602 359/359/602
f 1008/1008/603 238/238/603 47/47/603 360/360/603
f 1007/1007/604 239/239/604 238/238/604 1008/1008/604
f 1006/1006/605 240/240/605 239/239/605 1007/1007/605
f 523/523/606 26/26/606 240/240/606 1006/1006/606
f 524/524/607 523/523/607 1006/1006/607 1003/1003/607
f 525/525/608 524/524/608 1003/1003/608 1000/1000/608
f 1009/1009/609 1012/1012/609 1013/1013/609 1010/1010/609
f 1010/1010/610 1013/1013/610 1014/1014/610 1011/1011/610
f 1012/1012/611 1015/1015/611 1016/1016/611 1013/1013/611
f 1013/1013/612 1016/1016/612 1017/1017/612 1014/1014/612
f 37/37/613 303/303/613 1009/1009/613 324/324/613
f 324/324/614 1009/1009/614 1010/1010/614 323/323/614
f 323/323/615 1010/1010/615 1011/1011/615 322/322/615
f 322/322/616 1011/1011/616 361/361/616 50/50/616
f 1011/1011/617 1014/1014/617 362/362/617 361/361/617
f 1014/1014/618 1017/1017/618 363/363/618 362/362/618
f 1017/1017/619 211/211/619 46/46/619 363/363/619
f 1016/1016/620 212/212/620 211/211/620 1017/1017/620
f 1015/1015/621 213/213/621 212/212/621 1016/1016/621
f 301/301/622 17/17/622 213/213/622 1015/1015/622
f 302/302/623 301/301/623 1015/1015/623 1012/1012/623
f 303/303/624 302/302/624 1012/1012/624 1009/1009/624
f 1018/1018/625 1021/1021/625 1022/1022/625 1019/1019/625
f 1019/1019/626 1022/1022/626 1023/1023/626 1020/1020/626
f 1021/1021/627 1024/1024/627 1025/1025/627 1022/1022/627
f 1022/1022/628 1025/1025/628 1026/1026/628 1023/1023/628
f 26/26/629 237/237/629 1018/1018/629 240/240/629
f 240/240/630 1018/1018/630 1019/1019/630 239/239/630
f 239/239/631 1019/1019/631 1020/1020/631 238/238/631
f 238/238/632 1020/1020/632 364/364/632 47/47/632
f 1020/1020/633 1023/1023/633 365/365/633 364/364/633
f 1023/1023/634 1026/1026/634 366/366/634 365/365/634
f 1026/1026/635 121/121/635 43/43/635 366/366/635
f 1025/1025/636 122/122/636 121/121/636 1026/1026/636
f 1024/1024/637 123/123/637 122/122/637 1025/1025/637
f 235/235/638 1/1/638 123/123/638 1024/1024/638
f 236/236/639 235/235/639 1024/1024/639 1021/1021/639
f 237/237/640 236/236/640 1021/1021/640 1018/1018/640
f 1027/1027/641 1030/1030/641 1031/1031/641 1028/1028/641
f 1028/1028/642 1031/1031/642 1032/1032/642 1029/1029/642
f 1030/1030/643 1033/1033/643 1034/1034/643 1031/1031/643
f 1031/1031/644 1034/1034/644 1035/1035/644 1032/1032/644
f 27/27/645 252/252/645 1027/1027/645 267/267/645
f 267/267/646 1027/1027/646 1028/1028/646 266/266/646
f 266/266/647 1028/1028/647 1029/1029/647 265/265/647
f 265/265/648 1029/1029/648 370/370/648 48/48/648
f 1029/1029/649 1032/1032/649 371/371/649 370/370/649
f 1032/1032/650 1035/1035/650 372/372/650 371/371/650
f 1035/1035/651 148/148/651 44/44/651 372/372/651
f 1034/1034/652 149/149/652 148/148/652 1035/1035/652
f 1033/1033/653 150/150/653 149/149/653 1034/1034/653
f 250/250/654 7/7/654 150/150/654 1033/1033/654
f 251/251/655 250/250/655 1033/1033/655 1030/1030/655
f 252/252/656 251/251/656 1030/1030/656 1027/1027/656
f 1036/1036/657 1039/1039/657 1040/1040/657 1037/1037/657
f 1037/1037/658 1040/1040/658 1041/1041/658 1038/1038/658
f 1039/1039/659 1042/1042/659 1043/1043/659 1040/1040/659
f 1040/1040/660 1043/1043/660 1044/1044/660 1041/1041/660
f 15/15/661 310/310/661 1036/1036/661 373/373/661
f 373/373/662 1036/1036/662 1037/1037/662 374/374/662
f 374/374/663 1037/1037/663 1038/1038/663 375/375/663
f 375/375/664 1038/1038/664 400/400/664 51/51/664
f 1038/1038/665 1041/1041/665 401/401/665 400/400/665
f 1041/1041/666 1044/1044/666 402/402/666 401/401/666
f 1044/1044/667 316/316/667 59/59/667 402/402/667
f 1043/1043/668 317/317/668 316/316/668 1044/1044/668
f 1042/1042/669 318/318/669 317/317/669 1043/1043/669
f 312/312/670 41/41/670 318/318/670 1042/1042/670
f 311/311/671 312/312/671 1042/1042/671 1039/1039/671
f 310/310/672 311/311/672 1039/1039/672 1036/1036/672
f 1045/1045/673 1048/1048/673 1049/1049/673 1046/1046/673
f 1046/1046/674 1049/1049/674 1050/1050/674 1047/1047/674
f 1048/1048/675 1051/1051/675 1052/1052/675 1049/1049/675
f 1049/1049/676 1052/1052/676 1053/1053/676 1050/1050/676
f 16/16/677 286/286/677 1045/1045/677 186/186/677
f 186/186/678 1045/1045/678 1046/1046/678 185/185/678
f 185/185/679 1046/1046/679 1047/1047/679 184/184/679
f 184/184/680 1047/1047/680 403/403/680 54/54/680
f 1047/1047/681 1050/1050/681 404/404/681 403/403/681
f 1050/1050/682 1053/1053/682 405/405/682 404/404/682
f 1053/1053/683 295/295/683 58/58/683 405/405/683
f 1052/1052/684 296/296/684 295/295/684 1053/1053/684
f 1051/1051/685 297/297/685 296/296/685 1052/1052/685
f 288/288/686 36/36/686 297/297/686 1051/1051/686
f 287/287/687 288/288/687 1051/1051/687 1048/1048/687
f 286/286/688 287/287/688 1048/1048/688 1045/1045/688
f 1054/1054/689 1057/1057/689 1058/1058/689 1055/1055/689
f 1055/1055/690 1058/1058/690 1059/1059/690 1056/1056/690
f 1057/1057/691 1060/1060/691 1061/1061/691 1058/1058/691
f 1058/1058/692 1061/1061/692 1062/1062/692 1059/1059/692
f 1370/1370/693 262/262/693 1054/1054/693 1390/1390/693
f 1390/1390/694 1054/1054/694 1055/1055/694 1391/1391/694
f 1391/1391/695 1055/1055/695 1056/1056/695 1392/1392/695
f 1392/1392/696 1056/1056/696 406/406/696 1372/1372/696
f 1056/1056/697 1059/1059/697 407/407/697 406/406/697
f 1059/1059/698 1062/1062/698 408/408/698 407/407/698
f 1062/1062/699 274/274/699 57/57/699 408/408/699
f 1061/1061/700 275/275/700 274/274/700 1062/1062/700
f 1060/1060/701 276/276/701 275/275/701 1061/1061/701
f 264/264/702 31/31/702 276/276/702 1060/1060/702
f 263/263/703 264/264/703 1060/1060/703 1057/1057/703
f 262/262/704 263/263/704 1057/1057/704 1054/1054/704
f 1063/1063/705 1066/1066/705 1067/1067/705 1064/1064/705
f 1064/1064/706 1067/1067/706 1068/1068/706 1065/1065/706
f 1066/1066/707 1069/1069/707 1070/1070/707 1067/1067/707
f 1067/1067/708 1070/1070/708 1071/1071/708 1068/1068/708
f 82/82/709 232/232/709 1063/1063/709 558/558/709
f 558/558/710 1063/1063/710 1064/1064/710 557/557/710
f 557/557/711 1064/1064/711 1065/1065/711 556/556/711
f 556/556/712 1065/1065/712 409/409/712 84/84/712
f 1065/1065/713 1068/1068/713 410/410/713 409/409/713
f 1068/1068/714 1071/1071/714 411/411/714 410/410/714
f 1071/1071/715 244/244/715 56/56/715 411/411/715
f 1070/1070/716 245/245/716 244/244/716 1071/1071/716
f 1069/1069/717 246/246/717 245/245/717 1070/1070/717
f 234/234/718 25/25/718 246/246/718 1069/1069/718
f 233/233/719 234/234/719 1069/1069/719 1066/1066/719
f 232/232/720 233/233/720 1066/1066/720 1063/1063/720
f 1072/1072/721 1075/1075/721 1076/1076/721 1073/1073/721
f 1073/1073/722 1076/1076/722 1077/1077/722 1074/1074/722
f 1075/1075/723 1078/1078/723 1079/1079/723 1076/1076/723
f 1076/1076/724 1079/1079/724 1080/1080/724 1077/1077/724
f 41/41/725 208/208/725 1072/1072/725 318/318/725
f 318/318/726 1072/1072/726 1073/1073/726 317/317/726
f 317/317/727 1073/1073/727 1074/1074/727 316/316/727
f 316/316/728 1074/1074/728 412/412/728 59/59/728
f 1074/1074/729 1077/1077/729 413/413/729 412/412/729
f 1077/1077/730 1080/1080/730 414/414/730 413/413/730
f 1080/1080/731 217/217/731 55/55/731 414/414/731
f 1079/1079/732 218/218/732 217/217/732 1080/1080/732
f 1078/1078/733 219/219/733 218/218/733 1079/1079/733
f 210/210/734 21/21/734 219/219/734 1078/1078/734
f 209/209/735 210/210/735 1078/1078/735 1075/1075/735
f 208/208/736 209/209/736 1075/1075/736 1072/1072/736
f 1081/1081/737 1084/1084/737 1085/1085/737 1082/1082/737
f 1082/1082/738 1085/1085/738 1086/1086/738 1083/1083/738
f 1084/1084/739 1087/1087/739 1088/1088/739 1085/1085/739
f 1085/1085/740 1088/1088/740 1089/1089/740 1086/1086/740
f 31/31/741 187/187/741 1081/1081/741 276/276/741
f 276/276/742 1081/1081/742 1082/1082/742 275/275/742
f 275/275/743 1082/1082/743 1083/1083/743 274/274/743
f 274/274/744 1083/1083/744 415/415/744 57/57/744
f 1083/1083/745 1086/1086/745 416/416/745 415/415/745
f 1086/1086/746 1089/1089/746 417/417/746 416/416/746
f 1089/1089/747 184/184/747 54/54/747 417/417/747
f 1088/1088/748 185/185/748 184/184/748 1089/1089/748
f 1087/1087/749 186/186/749 185/185/749 1088/1088/749
f 189/189/750 16/16/750 186/186/750 1087/1087/750
f 188/188/751 189/189/751 1087/1087/751 1084/1084/751
f 187/187/752 188/188/752 1084/1084/752 1081/1081/752
f 1090/1090/753 1093/1093/753 1094/1094/753 1091/1091/753
f 1091/1091/754 1094/1094/754 1095/1095/754 1092/1092/754
f 1093/1093/755 1096/1096/755 1097/1097/755 1094/1094/755
f 1094/1094/756 1097/1097/756 1098/1098/756 1095/1095/756
f 36/36/757 190/190/757 1090/1090/757 297/297/757
f 297/297/758 1090/1090/758 1091/1091/758 296/296/758
f 296/296/759 1091/1091/759 1092/1092/759 295/295/759
f 295/295/760 1092/1092/760 418/418/760 58/58/760
f 1092/1092/761 1095/1095/761 419/419/761 418/418/761
f 1095/1095/762 1098/1098/762 420/420/762 419/419/762
f 1098/1098/763 175/175/763 52/52/763 420/420/763
f 1097/1097/764 176/176/764 175/175/764 1098/1098/764
f 1096/1096/765 177/177/765 176/176/765 1097/1097/765
f 192/192/766 13/13/766 177/177/766 1096/1096/766
f 191/191/767 192/192/767 1096/1096/767 1093/1093/767
f 190/190/768 191/191/768 1093/1093/768 1090/1090/768
f 1099/1099/769 1102/1102/769 1103/1103/769 1100/1100/769
f 1100/1100/770 1103/1103/770 1104/1104/770 1101/1101/770
f 1102/1102/771 1105/1105/771 1106/1106/771 1103/1103/771
f 1103/1103/772 1106/1106/772 1107/1107/772 1104/1104/772
f 25/25/773 193/193/773 1099/1099/773 246/246/773
f 246/246/774 1099/1099/774 1100/1100/774 245/245/774
f 245/245/775 1100/1100/775 1101/1101/775 244/244/775
f 244/244/776 1101/1101/776 421/421/776 56/56/776
f 1101/1101/777 1104/1104/777 422/422/777 421/421/777
f 1104/1104/778 1107/1107/778 423/423/778 422/422/778
f 1107/1107/779 178/178/779 53/53/779 423/423/779
f 1106/1106/780 179/179/780 178/178/780 1107/1107/780
f 1105/1105/781 180/180/781 179/179/781 1106/1106/781
f 195/195/782 14/14/782 180/180/782 1105/1105/782
f 194/194/783 195/195/783 1105/1105/783 1102/1102/783
f 193/193/784 194/194/784 1102/1102/784 1099/1099/784
f 1108/1108/785 1111/1111/785 1112/1112/785 1109/1109/785
f 1109/1109/786 1112/1112/786 1113/1113/786 1110/1110/786
f 1111/1111/787 1114/1114/787 1115/1115/787 1112/1112/787
f 1112/1112/788 1115/1115/788 1116/1116/788 1113/1113/788
f 3/3/789 304/304/789 1108/1108/789 433/433/789
f 433/433/790 1108/1108/790 1109/1109/790 434/434/790
f 434/434/791 1109/1109/791 1110/1110/791 435/435/791
f 435/435/792 1110/1110/792 451/451/792 63/63/792
f 1110/1110/793 1113/1113/793 452/452/793 451/451/793
f 1113/1113/794 1116/1116/794 453/453/794 452/452/794
f 1116/1116/795 319/319/795 68/68/795 453/453/795
f 1115/1115/796 320/320/796 319/319/796 1116/1116/796
f 1114/1114/797 321/321/797 320/320/797 1115/1115/797
f 306/306/798 39/39/798 321/321/798 1114/1114/798
f 305/305/799 306/306/799 1114/1114/799 1111/1111/799
f 304/304/800 305/305/800 1111/1111/800 1108/1108/800
f 1117/1117/801 1120/1120/801 1121/1121/801 1118/1118/801
f 1118/1118/802 1121/1121/802 1122/1122/802 1119/1119/802
f 1120/1120/803 1123/1123/803 1124/1124/803 1121/1121/803
f 1121/1121/804 1124/1124/804 1125/1125/804 1122/1122/804
f 8/8/805 280/280/805 1117/1117/805 153/153/805
f 153/153/806 1117/1117/806 1118/1118/806 152/152/806
f 152/152/807 1118/1118/807 1119/1119/807 151/151/807
f 151/151/808 1119/1119/808 454/454/808 62/62/808
f 1119/1119/809 1122/1122/809 455/455/809 454/454/809
f 1122/1122/810 1125/1125/810 456/456/810 455/455/810
f 1125/1125/811 292/292/811 67/67/811 456/456/811
f 1124/1124/812 293/293/812 292/292/812 1125/1125/812
f 1123/1123/813 294/294/813 293/293/813 1124/1124/813
f 282/282/814 33/33/814 294/294/814 1123/1123/814
f 281/281/815 282/282/815 1123/1123/815 1120/1120/815
f 280/280/816 281/281/816 1120/1120/816 1117/1117/816
f 1126/1126/817 1129/1129/817 1130/1130/817 1127/1127/817
f 1127/1127/818 1130/1130/818 1131/1131/818 1128/1128/818
f 1129/1129/819 1132/1132/819 1133/1133/819 1130/1130/819
f 1130/1130/820 1133/1133/820 1134/1134/820 1131/1131/820
f 1368/1368/821 256/256/821 1126/1126/821 1393/1393/821
f 1393/1393/822 1126/1126/822 1127/1127/822 1394/1394/822
f 1394/1394/823 1127/1127/823 1128/1128/823 1395/1395/823
f 1395/1395/824 1128/1128/824 457/457/824 1373/1373/824
f 1128/1128/825 1131/1131/825 458/458/825 457/457/825
f 1131/1131/826 1134/1134/826 459/459/826 458/458/826
f 1134/1134/827 268/268/827 66/66/827 459/459/827
f 1133/1133/828 269/269/828 268/268/828 1134/1134/828
f 1132/1132/829 270/270/829 269/269/829 1133/1133/829
f 258/258/830 29/29/830 270/270/830 1132/1132/830
f 257/257/831 258/258/831 1132/1132/831 1129/1129/831
f 256/256/832 257/257/832 1129/1129/832 1126/1126/832
f 1135/1135/833 1138/1138/833 1139/1139/833 1136/1136/833
f 1136/1136/834 1139/1139/834 1140/1140/834 1137/1137/834
f 1138/1138/835 1141/1141/835 1142/1142/835 1139/1139/835
f 1139/1139/836 1142/1142/836 1143/1143/836 1140/1140/836
f 80/80/837 226/226/837 1135/1135/837 555/555/837
f 555/555/838 1135/1135/838 1136/1136/838 554/554/838
f 554/554/839 1136/1136/839 1137/1137/839 553/553/839
f 553/553/840 1137/1137/840 460/460/840 85/85/840
f 1137/1137/841 1140/1140/841 461/461/841 460/460/841
f 1140/1140/842 1143/1143/842 462/462/842 461/461/842
f 1143/1143/843 241/241/843 65/65/843 462/462/843
f 1142/1142/844 242/242/844 241/241/844 1143/1143/844
f 1141/1141/845 243/243/845 242/242/845 1142/1142/845
f 228/228/846 23/23/846 243/243/846 1141/1141/846
f 227/227/847 228/228/847 1141/1141/847 1138/1138/847
f 226/226/848 227/227/848 1138/1138/848 1135/1135/848
f 1144/1144/849 1147/1147/849 1148/1148/849 1145/1145/849
f 1145/1145/850 1148/1148/850 1149/1149/850 1146/1146/850
f 1147/1147/851 1150/1150/851 1151/1151/851 1148/1148/851
f 1148/1148/852 1151/1151/852 1152/1152/852 1149/1149/852
f 39/39/853 202/202/853 1144/1144/853 321/321/853
f 321/321/854 1144/1144/854 1145/1145/854 320/320/854
f 320/320/855 1145/1145/855 1146/1146/855 319/319/855
f 319/319/856 1146/1146/856 463/463/856 68/68/856
f 1146/1146/857 1149/1149/857 464/464/857 463/463/857
f 1149/1149/858 1152/1152/858 465/465/858 464/464/858
f 1152/1152/859 214/214/859 64/64/859 465/465/859
f 1151/1151/860 215/215/860 214/214/860 1152/1152/860
f 1150/1150/861 216/216/861 215/215/861 1151/1151/861
f 204/204/862 19/19/862 216/216/862 1150/1150/862
f 203/203/863 204/204/863 1150/1150/863 1147/1147/863
f 202/202/864 203/203/864 1147/1147/864 1144/1144/864
f 1153/1153/865 1156/1156/865 1157/1157/865 1154/1154/865
f 1154/1154/866 1157/1157/866 1158/1158/866 1155/1155/866
f 1156/1156/867 1159/1159/867 1160/1160/867 1157/1157/867
f 1157/1157/868 1160/1160/868 1161/1161/868 1158/1158/868
f 33/33/869 136/136/869 1153/1153/869 294/294/869
f 294/294/870 1153/1153/870 1154/1154/870 293/293/870
f 293/293/871 1154/1154/871 1155/1155/871 292/292/871
f 292/292/872 1155/1155/872 466/466/872 67/67/872
f 1155/1155/873 1158/1158/873 467/467/873 466/466/873
f 1158/1158/874 1161/1161/874 468/468/874 467/467/874
f 1161/1161/875 127/127/875 60/60/875 468/468/875
f 1160/1160/876 128/128/876 127/127/876 1161/1161/876
f 1159/1159/877 129/129/877 128/128/877 1160/1160/877
f 138/138/878 4/4/878 129/129/878 1159/1159/878
f 137/137/879 138/138/879 1159/1159/879 1156/1156/879
f 136/136/880 137/137/880 1156/1156/880 1153/1153/880
f 1162/1162/881 1165/1165/881 1166/1166/881 1163/1163/881
f 1163/1163/882 1166/1166/882 1167/1167/882 1164/1164/882
f 1165/1165/883 1168/1168/883 1169/1169/883 1166/1166/883
f 1166/1166/884 1169/1169/884 1170/1170/884 1167/1167/884
f 23/23/885 133/133/885 1162/1162/885 243/243/885
f 243/243/886 1162/1162/886 1163/1163/886 242/242/886
f 242/242/887 1163/1163/887 1164/1164/887 241/241/887
f 241/241/888 1164/1164/888 469/469/888 65/65/888
f 1164/1164/889 1167/1167/889 470/470/889 469/469/889
f 1167/1167/890 1170/1170/890 471/471/890 470/470/890
f 1170/1170/891 130/130/891 61/61/891 471/471/891
f 1169/1169/892 131/131/892 130/130/892 1170/1170/892
f 1168/1168/893 132/132/893 131/131/893 1169/1169/893
f 135/135/894 5/5/894 132/132/894 1168/1168/894
f 134/134/895 135/135/895 1168/1168/895 1165/1165/895
f 133/133/896 134/134/896 1165/1165/896 1162/1162/896
f 1171/1171/897 1174/1174/897 1175/1175/897 1172/1172/897
f 1172/1172/898 1175/1175/898 1176/1176/898 1173/1173/898
f 1174/1174/899 1177/1177/899 1178/1178/899 1175/1175/899
f 1175/1175/900 1178/1178/900 1179/1179/900 1176/1176/900
f 29/29/901 145/145/901 1171/1171/901 270/270/901
f 270/270/902 1171/1171/902 1172/1172/902 269/269/902
f 269/269/903 1172/1172/903 1173/1173/903 268/268/903
f 268/268/904 1173/1173/904 472/472/904 66/66/904
f 1173/1173/905 1176/1176/905 473/473/905 472/472/905
f 1176/1176/906 1179/1179/906 474/474/906 473/473/906
f 1179/1179/907 151/151/907 62/62/907 474/474/907
f 1178/1178/908 152/152/908 151/151/908 1179/1179/908
f 1177/1177/909 153/153/909 152/152/909 1178/1178/909
f 147/147/910 8/8/910 153/153/910 1177/1177/910
f 146/146/911 147/147/911 1177/1177/911 1174/1174/911
f 145/145/912 146/146/912 1174/1174/912 1171/1171/912
f 1180/1180/913 1183/1183/913 1184/1184/913 1181/1181/913
f 1181/1181/914 1184/1184/914 1185/1185/914 1182/1182/914
f 1183/1183/915 1186/1186/915 1187/1187/915 1184/1184/915
f 1184/1184/916 1187/1187/916 1188/1188/916 1185/1185/916
f 9/9/917 307/307/917 1180/1180/917 475/475/917
f 475/475/918 1180/1180/918 1181/1181/918 476/476/918
f 476/476/919 1181/1181/919 1182/1182/919 477/477/919
f 477/477/920 1182/1182/920 499/499/920 69/69/920
f 1182/1182/921 1185/1185/921 500/500/921 499/499/921
f 1185/1185/922 1188/1188/922 501/501/922 500/500/922
f 1188/1188/923 313/313/923 77/77/923 501/501/923
f 1187/1187/924 314/314/924 313/313/924 1188/1188/924
f 1186/1186/925 315/315/925 314/314/925 1187/1187/925
f 309/309/926 40/40/926 315/315/926 1186/1186/926
f 308/308/927 309/309/927 1186/1186/927 1183/1183/927
f 307/307/928 308/308/928 1183/1183/928 1180/1180/928
f 1189/1189/929 1192/1192/929 1193/1193/929 1190/1190/929
f 1190/1190/930 1193/1193/930 1194/1194/930 1191/1191/930
f 1192/1192/931 1195/1195/931 1196/1196/931 1193/1193/931
f 1193/1193/932 1196/1196/932 1197/1197/932 1194/1194/932
f 12/12/933 283/283/933 1189/1189/933 165/165/933
f 165/165/934 1189/1189/934 1190/1190/934 164/164/934
f 164/164/935 1190/1190/935 1191/1191/935 163/163/935
f 163/163/936 1191/1191/936 502/502/936 72/72/936
f 1191/1191/937 1194/1194/937 503/503/937 502/502/937
f 1194/1194/938 1197/1197/938 504/504/938 503/503/938
f 1197/1197/939 298/298/939 76/76/939 504/504/939
f 1196/1196/940 299/299/940 298/298/940 1197/1197/940
f 1195/1195/941 300/300/941 299/299/941 1196/1196/941
f 285/285/942 35/35/942 300/300/942 1195/1195/942
f 284/284/943 285/285/943 1195/1195/943 1192/1192/943
f 283/283/944 284/284/944 1192/1192/944 1189/1189/944
f 1198/1198/945 1201/1201/945 1202/1202/945 1199/1199/945
f 1199/1199/946 1202/1202/946 1203/1203/946 1200/1200/946
f 1201/1201/947 1204/1204/947 1205/1205/947 1202/1202/947
f 1202/1202/948 1205/1205/948 1206/1206/948 1203/1203/948
f 1369/1369/949 259/259/949 1198/1198/949 1396/1396/949
f 1396/1396/950 1198/1198/950 1199/1199/950 1397/1397/950
f 1397/1397/951 1199/1199/951 1200/1200/951 1398/1398/951
f 1398/1398/952 1200/1200/952 505/505/952 1374/1374/952
f 1200/1200/953 1203/1203/953 506/506/953 505/505/953
f 1203/1203/954 1206/1206/954 507/507/954 506/506/954
f 1206/1206/955 271/271/955 75/75/955 507/507/955
f 1205/1205/956 272/272/956 271/271/956 1206/1206/956
f 1204/1204/957 273/273/957 272/272/957 1205/1205/957
f 261/261/958 30/30/958 273/273/958 1204/1204/958
f 260/260/959 261/261/959 1204/1204/959 1201/1201/959
f 259/259/960 260/260/960 1201/1201/960 1198/1198/960
f 1207/1207/961 1210/1210/961 1211/1211/961 1208/1208/961
f 1208/1208/962 1211/1211/962 1212/1212/962 1209/1209/962
f 1210/1210/963 1213/1213/963 1214/1214/963 1211/1211/963
f 1211/1211/964 1214/1214/964 1215/1215/964 1212/1212/964
f 81/81/965 229/229/965 1207/1207/965 552/552/965
f 552/552/966 1207/1207/966 1208/1208/966 551/551/966
f 551/551/967 1208/1208/967 1209/1209/967 550/550/967
f 550/550/968 1209/1209/968 508/508/968 86/86/968
f 1209/1209/969 1212/1212/969 509/509/969 508/508/969
f 1212/1212/970 1215/1215/970 510/510/970 509/509/970
f 1215/1215/971 247/247/971 74/74/971 510/510/971
f 1214/1214/972 248/248/972 247/247/972 1215/1215/972
f 1213/1213/973 249/249/973 248/248/973 1214/1214/973
f 231/231/974 24/24/974 249/249/974 1213/1213/974
f 230/230/975 231/231/975 1213/1213/975 1210/1210/975
f 229/229/976 230/230/976 1210/1210/976 1207/1207/976
f 1216/1216/977 1219/1219/977 1220/1220/977 1217/1217/977
f 1217/1217/978 1220/1220/978 1221/1221/978 1218/1218/978
f 1219/1219/979 1222/1222/979 1223/1223/979 1220/1220/979
f 1220/1220/980 1223/1223/980 1224/1224/980 1221/1221/980
f 40/40/981 205/205/981 1216/1216/981 315/315/981
f 315/315/982 1216/1216/982 1217/1217/982 314/314/982
f 314/314/983 1217/1217/983 1218/1218/983 313/313/983
f 313/313/984 1218/1218/984 511/511/984 77/77/984
f 1218/1218/985 1221/1221/985 512/512/985 511/511/985
f 1221/1221/986 1224/1224/986 513/513/986 512/512/986
f 1224/1224/987 220/220/987 73/73/987 513/513/987
f 1223/1223/988 221/221/988 220/220/988 1224/1224/988
f 1222/1222/989 222/222/989 221/221/989 1223/1223/989
f 207/207/990 20/20/990 222/222/990 1222/1222/990
f 206/206/991 207/207/991 1222/1222/991 1219/1219/991
f 205/205/992 206/206/992 1219/1219/992 1216/1216/992
f 1225/1225/993 1228/1228/993 1229/1229/993 1226/1226/993
f 1226/1226/994 1229/1229/994 1230/1230/994 1227/1227/994
f 1228/1228/995 1231/1231/995 1232/1232/995 1229/1229/995
f 1229/1229/996 1232/1232/996 1233/1233/996 1230/1230/996
f 30/30/997 166/166/997 1225/1225/997 273/273/997
f 273/273/998 1225/1225/998 1226/1226/998 272/272/998
f 272/272/999 1226/1226/999 1227/1227/999 271/271/999
f 271/271/1000 1227/1227/1000 514/514/1000 75/75/1000
f 1227/1227/1001 1230/1230/1001 515/515/1001 514/514/1001
f 1230/1230/1002 1233/1233/1002 516/516/1002 515/515/1002
f 1233/1233/1003 163/163/1003 72/72/1003 516/516/1003
f 1232/1232/1004 164/164/1004 163/163/1004 1233/1233/1004
f 1231/1231/1005 165/165/1005 164/164/1005 1232/1232/1005
f 168/168/1006 12/12/1006 165/165/1006 1231/1231/1006
f 167/167/1007 168/168/1007 1231/1231/1007 1228/1228/1007
f 166/166/1008 167/167/1008 1228/1228/1008 1225/1225/1008
f 1234/1234/1009 1237/1237/1009 1238/1238/1009 1235/1235/1009
f 1235/1235/1010 1238/1238/1010 1239/1239/1010 1236/1236/1010
f 1237/1237/1011 1240/1240/1011 1241/1241/1011 1238/1238/1011
f 1238/1238/1012 1241/1241/1012 1242/1242/1012 1239/1239/1012
f 24/24/1013 169/169/1013 1234/1234/1013 249/249/1013
f 249/249/1014 1234/1234/1014 1235/1235/1014 248/248/1014
f 248/248/1015 1235/1235/1015 1236/1236/1015 247/247/1015
f 247/247/1016 1236/1236/1016 517/517/1016 74/74/1016
f 1236/1236/1017 1239/1239/1017 518/518/1017 517/517/1017
f 1239/1239/1018 1242/1242/1018 519/519/1018 518/518/1018
f 1242/1242/1019 160/160/1019 71/71/1019 519/519/1019
f 1241/1241/1020 161/161/1020 160/160/1020 1242/1242/1020
f 1240/1240/1021 162/162/1021 161/161/1021 1241/1241/1021
f 171/171/1022 11/11/1022 162/162/1022 1240/1240/1022
f 170/170/1023 171/171/1023 1240/1240/1023 1237/1237/1023
f 169/169/1024 170/170/1024 1237/1237/1024 1234/1234/1024
f 1243/1243/1025 1246/1246/1025 1247/1247/1025 1244/1244/1025
f 1244/1244/1026 1247/1247/1026 1248/1248/1026 1245/1245/1026
f 1246/1246/1027 1249/1249/1027 1250/1250/1027 1247/1247/1027
f 1247/1247/1028 1250/1250/1028 1251/1251/1028 1248/1248/1028
f 35/35/1029 172/172/1029 1243/1243/1029 300/300/1029
f 300/300/1030 1243/1243/1030 1244/1244/1030 299/299/1030
f 299/299/1031 1244/1244/1031 1245/1245/1031 298/298/1031
f 298/298/1032 1245/1245/1032 520/520/1032 76/76/1032
f 1245/1245/1033 1248/1248/1033 521/521/1033 520/520/1033
f 1248/1248/1034 1251/1251/1034 522/522/1034 521/521/1034
f 1251/1251/1035 157/157/1035 70/70/1035 522/522/1035
f 1250/1250/1036 158/158/1036 157/157/1036 1251/1251/1036
f 1249/1249/1037 159/159/1037 158/158/1037 1250/1250/1037
f 174/174/1038 10/10/1038 159/159/1038 1249/1249/1038
f 173/173/1039 174/174/1039 1249/1249/1039 1246/1246/1039
f 172/172/1040 173/173/1040 1246/1246/1040 1243/1243/1040
f 1252/1252/1041 1255/1255/1041 1256/1256/1041 1253/1253/1041
f 1253/1253/1042 1256/1256/1042 1257/1257/1042 1254/1254/1042
f 1255/1255/1043 1258/1258/1043 1259/1259/1043 1256/1256/1043
f 1256/1256/1044 1259/1259/1044 1260/1260/1044 1257/1257/1044
f 20/20/1045 532/532/1045 1252/1252/1045 222/222/1045
f 222/222/1046 1252/1252/1046 1253/1253/1046 221/221/1046
f 221/221/1047 1253/1253/1047 1254/1254/1047 220/220/1047
f 220/220/1048 1254/1254/1048 547/547/1048 73/73/1048
f 1254/1254/1049 1257/1257/1049 548/548/1049 547/547/1049
f 1257/1257/1050 1260/1260/1050 549/549/1050 548/548/1050
f 1260/1260/1051 550/550/1051 86/86/1051 549/549/1051
f 1259/1259/1052 551/551/1052 550/550/1052 1260/1260/1052
f 1258/1258/1053 552/552/1053 551/551/1053 1259/1259/1053
f 534/534/1054 81/81/1054 552/552/1054 1258/1258/1054
f 533/533/1055 534/534/1055 1258/1258/1055 1255/1255/1055
f 532/532/1056 533/533/1056 1255/1255/1056 1252/1252/1056
f 1261/1261/1057 1264/1264/1057 1265/1265/1057 1262/1262/1057
f 1262/1262/1058 1265/1265/1058 1266/1266/1058 1263/1263/1058
f 1264/1264/1059 1267/1267/1059 1268/1268/1059 1265/1265/1059
f 1265/1265/1060 1268/1268/1060 1269/1269/1060 1266/1266/1060
f 19/19/1061 529/529/1061 1261/1261/1061 216/216/1061
f 216/216/1062 1261/1261/1062 1262/1262/1062 215/215/1062
f 215/215/1063 1262/1262/1063 1263/1263/1063 214/214/1063
f 214/214/1064 1263/1263/1064 544/544/1064 64/64/1064
f 1263/1263/1065 1266/1266/1065 545/545/1065 544/544/1065
f 1266/1266/1066 1269/1269/1066 546/546/1066 545/545/1066
f 1269/1269/1067 553/553/1067 85/85/1067 546/546/1067
f 1268/1268/1068 554/554/1068 553/553/1068 1269/1269/1068
f 1267/1267/1069 555/555/1069 554/554/1069 1268/1268/1069
f 531/531/1070 80/80/1070 555/555/1070 1267/1267/1070
f 530/530/1071 531/531/1071 1267/1267/1071 1264/1264/1071
f 529/529/1072 530/530/1072 1264/1264/1072 1261/1261/1072
f 1270/1270/1073 1273/1273/1073 1274/1274/1073 1271/1271/1073
f 1271/1271/1074 1274/1274/1074 1275/1275/1074 1272/1272/1074
f 1273/1273/1075 1276/1276/1075 1277/1277/1075 1274/1274/1075
f 1274/1274/1076 1277/1277/1076 1278/1278/1076 1275/1275/1076
f 21/21/1077 535/535/1077 1270/1270/1077 219/219/1077
f 219/219/1078 1270/1270/1078 1271/1271/1078 218/218/1078
f 218/218/1079 1271/1271/1079 1272/1272/1079 217/217/1079
f 217/217/1080 1272/1272/1080 541/541/1080 55/55/1080
f 1272/1272/1081 1275/1275/1081 542/542/1081 541/541/1081
f 1275/1275/1082 1278/1278/1082 543/543/1082 542/542/1082
f 1278/1278/1083 556/556/1083 84/84/1083 543/543/1083
f 1277/1277/1084 557/557/1084 556/556/1084 1278/1278/1084
f 1276/1276/1085 558/558/1085 557/557/1085 1277/1277/1085
f 537/537/1086 82/82/1086 558/558/1086 1276/1276/1086
f 536/536/1087 537/537/1087 1276/1276/1087 1273/1273/1087
f 535/535/1088 536/536/1088 1273/1273/1088 1270/1270/1088
f 1279/1279/1089 1282/1282/1089 1283/1283/1089 1280/1280/1089
f 1280/1280/1090 1283/1283/1090 1284/1284/1090 1281/1281/1090
f 1282/1282/1091 1285/1285/1091 1286/1286/1091 1283/1283/1091
f 1283/1283/1092 1286/1286/1092 1287/1287/1092 1284/1284/1092
f 17/17/1093 198/198/1093 1279/1279/1093 213/213/1093
f 213/213/1094 1279/1279/1094 1280/1280/1094 212/212/1094
f 212/212/1095 1280/1280/1095 1281/1281/1095 211/211/1095
f 211/211/1096 1281/1281/1096 538/538/1096 46/46/1096
f 1281/1281/1097 1284/1284/1097 539/539/1097 538/538/1097
f 1284/1284/1098 1287/1287/1098 540/540/1098 539/539/1098
f 1287/1287/1099 559/559/1099 83/83/1099 540/540/1099
f 1286/1286/1100 560/560/1100 559/559/1100 1287/1287/1100
f 1285/1285/1101 561/561/1101 560/560/1101 1286/1286/1101
f 196/196/1102 78/78/1102 561/561/1102 1285/1285/1102
f 197/197/1103 196/196/1103 1285/1285/1103 1282/1282/1103
f 198/198/1104 197/197/1104 1282/1282/1104 1279/1279/1104
f 1288/1288/1105 1291/1291/1105 1292/1292/1105 1289/1289/1105
f 1289/1289/1106 1292/1292/1106 1293/1293/1106 1290/1290/1106
f 1291/1291/1107 1294/1294/1107 1295/1295/1107 1292/1292/1107
f 1292/1292/1108 1295/1295/1108 1296/1296/1108 1293/1293/1108
f 73/73/1109 547/547/1109 1288/1288/1109 486/486/1109
f 486/486/1110 1288/1288/1110 1289/1289/1110 485/485/1110
f 485/485/1111 1289/1289/1111 1290/1290/1111 484/484/1111
f 484/484/1112 1290/1290/1112 526/526/1112 18/18/1112
f 1290/1290/1113 1293/1293/1113 527/527/1113 526/526/1113
f 1293/1293/1114 1296/1296/1114 528/528/1114 527/527/1114
f 1296/1296/1115 562/562/1115 79/79/1115 528/528/1115
f 1295/1295/1116 563/563/1116 562/562/1116 1296/1296/1116
f 1294/1294/1117 564/564/1117 563/563/1117 1295/1295/1117
f 549/549/1118 86/86/1118 564/564/1118 1294/1294/1118
f 548/548/1119 549/549/1119 1294/1294/1119 1291/1291/1119
f 547/547/1120 548/548/1120 1291/1291/1120 1288/1288/1120
f 1297/1297/1121 1300/1300/1121 1301/1301/1121 1298/1298/1121
f 1298/1298/1122 1301/1301/1122 1302/1302/1122 1299/1299/1122
f 1300/1300/1123 1303/1303/1123 1304/1304/1123 1301/1301/1123
f 1301/1301/1124 1304/1304/1124 1305/1305/1124 1302/1302/1124
f 55/55/1125 541/541/1125 1297/1297/1125 387/387/1125
f 387/387/1126 1297/1297/1126 1298/1298/1126 386/386/1126
f 386/386/1127 1298/1298/1127 1299/1299/1127 385/385/1127
f 385/385/1128 1299/1299/1128 529/529/1128 19/19/1128
f 1299/1299/1129 1302/1302/1129 530/530/1129 529/529/1129
f 1302/1302/1130 1305/1305/1130 531/531/1130 530/530/1130
f 1305/1305/1131 565/565/1131 80/80/1131 531/531/1131
f 1304/1304/1132 566/566/1132 565/565/1132 1305/1305/1132
f 1303/1303/1133 567/567/1133 566/566/1133 1304/1304/1133
f 543/543/1134 84/84/1134 567/567/1134 1303/1303/1134
f 542/542/1135 543/543/1135 1303/1303/1135 1300/1300/1135
f 541/541/1136 542/542/1136 1300/1300/1136 1297/1297/1136
f 1306/1306/1137 1309/1309/1137 1310/1310/1137 1307/1307/1137
f 1307/1307/1138 1310/1310/1138 1311/1311/1138 1308/1308/1138
f 1309/1309/1139 1312/1312/1139 1313/1313/1139 1310/1310/1139
f 1310/1310/1140 1313/1313/1140 1314/1314/1140 1311/1311/1140
f 64/64/1141 544/544/1141 1306/1306/1141 438/438/1141
f 438/438/1142 1306/1306/1142 1307/1307/1142 437/437/1142
f 437/437/1143 1307/1307/1143 1308/1308/1143 436/436/1143
f 436/436/1144 1308/1308/1144 532/532/1144 20/20/1144
f 1308/1308/1145 1311/1311/1145 533/533/1145 532/532/1145
f 1311/1311/1146 1314/1314/1146 534/534/1146 533/533/1146
f 1314/1314/1147 568/568/1147 81/81/1147 534/534/1147
f 1313/1313/1148 569/569/1148 568/568/1148 1314/1314/1148
f 1312/1312/1149 570/570/1149 569/569/1149 1313/1313/1149
f 546/546/1150 85/85/1150 570/570/1150 1312/1312/1150
f 545/545/1151 546/546/1151 1312/1312/1151 1309/1309/1151
f 544/544/1152 545/545/1152 1309/1309/1152 1306/1306/1152
f 1315/1315/1153 1318/1318/1153 1319/1319/1153 1316/1316/1153
f 1316/1316/1154 1319/1319/1154 1320/1320/1154 1317/1317/1154
f 1318/1318/1155 1321/1321/1155 1322/1322/1155 1319/1319/1155
f 1319/1319/1156 1322/1322/1156 1323/1323/1156 1320/1320/1156
f 46/46/1157 538/538/1157 1315/1315/1157 336/336/1157
f 336/336/1158 1315/1315/1158 1316/1316/1158 335/335/1158
f 335/335/1159 1316/1316/1159 1317/1317/1159 334/334/1159
f 334/334/1160 1317/1317/1160 535/535/1160 21/21/1160
f 1317/1317/1161 1320/1320/1161 536/536/1161 535/535/1161
f 1320/1320/1162 1323/1323/1162 537/537/1162 536/536/1162
f 1323/1323/1163 571/571/1163 82/82/1163 537/537/1163
f 1322/1322/1164 572/572/1164 571/571/1164 1323/1323/1164
f 1321/1321/1165 573/573/1165 572/572/1165 1322/1322/1165
f 540/540/1166 83/83/1166 573/573/1166 1321/1321/1166
f 539/539/1167 540/540/1167 1321/1321/1167 1318/1318/1167
f 538/538/1168 539/539/1168 1318/1318/1168 1315/1315/1168
f 1325/1325/1169 1344/1344/1169 1324/1324/1169 1326/1326/1169
f 1327/1327/1170 1326/1326/1170 1324/1324/1170 1328/1328/1170
f 1329/1329/1171 1328/1328/1171 1324/1324/1171 1330/1330/1171
f 1331/1331/1172 1330/1330/1172 1324/1324/1172 1332/1332/1172
f 1333/1333/1173 1332/1332/1173 1324/1324/1173 1334/1334/1173
f 1335/1335/1174 1334/1334/1174 1324/1324/1174 1336/1336/1174
f 1337/1337/1175 1336/1336/1175 1324/1324/1175 1338/1338/1175
f 1339/1339/1176 1338/1338/1176 1324/1324/1176 1340/1340/1176
f 1341/1341/1177 1340/1340/1177 1324/1324/1177 1342/1342/1177
f 1343/1343/1178 1342/1342/1178 1324/1324/1178 1344/1344/1178
f 34/34/1179 576/576/1179 1325/1325/1179 291/291/1179
f 291/291/1180 1325/1325/1180 1326/1326/1180 290/290/1180
f 576/576/1181 575/575/1181 1344/1344/1181 1325/1325/1181
f 49/49/1182 289/289/1182 1327/1327/1182 367/367/1182
f 367/367/1183 1327/1327/1183 1328/1328/1183 368/368/1183
f 289/289/1184 290/290/1184 1326/1326/1184 1327/1327/1184
f 42/42/1185 369/369/1185 1329/1329/1185 577/577/1185
f 577/577/1186 1329/1329/1186 1330/1330/1186 578/578/1186
f 369/369/1187 368/368/1187 1328/1328/1187 1329/1329/1187
f 88/88/1188 579/579/1188 1331/1331/1188 580/580/1188
f 580/580/1189 1331/1331/1189 1332/1332/1189 581/581/1189
f 579/579/1190 578/578/1190 1330/1330/1190 1331/1331/1190
f 93/93/1191 582/582/1191 1333/1333/1191 583/583/1191
f 583/583/1192 1333/1333/1192 1334/1334/1192 584/584/1192
f 582/582/1193 581/581/1193 1332/1332/1193 1333/1333/1193
f 92/92/1194 585/585/1194 1335/1335/1194 586/586/1194
f 586/586/1195 1335/1335/1195 1336/1336/1195 587/587/1195
f 585/585/1196 584/584/1196 1334/1334/1196 1335/1335/1196
f 91/91/1197 588/588/1197 1337/1337/1197 589/589/1197
f 589/589/1198 1337/1337/1198 1338/1338/1198 590/590/1198
f 588/588/1199 587/587/1199 1336/1336/1199 1337/1337/1199
f 90/90/1200 591/591/1200 1339/1339/1200 592/592/1200
f 592/592/1201 1339/1339/1201 1340/1340/1201 593/593/1201
f 591/591/1202 590/590/1202 1338/1338/1202 1339/1339/1202
f 89/89/1203 594/594/1203 1341/1341/1203 595/595/1203
f 595/595/1204 1341/1341/1204 1342/1342/1204 596/596/1204
f 594/594/1205 593/593/1205 1340/1340/1205 1341/1341/1205
f 87/87/1206 597/597/1206 1343/1343/1206 574/574/1206
f 574/574/1207 1343/1343/1207 1344/1344/1207 575/575/1207
f 597/597/1208 596/596/1208 1342/1342/1208 1343/1343/1208
f 1346/1346/1209 1365/1365/1209 1345/1345/1209 1347/1347/1209
f 1348/1348/1210 1347/1347/1210 1345/1345/1210 1349/1349/1210
f 1350/1350/1211 1349/1349/1211 1345/1345/1211 1351/1351/1211
f 1352/1352/1212 1351/1351/1212 1345/1345/1212 1353/1353/1212
f 1354/1354/1213 1353/1353/1213 1345/1345/1213 1355/1355/1213
f 1356/1356/1214 1355/1355/1214 1345/1345/1214 1357/1357/1214
f 1358/1358/1215 1357/1357/1215 1345/1345/1215 1359/1359/1215
f 1360/1360/1216 1359/1359/1216 1345/1345/1216 1361/1361/1216
f 1362/1362/1217 1361/1361/1217 1345/1345/1217 1363/1363/1217
f 1364/1364/1218 1363/1363/1218 1345/1345/1218 1365/1365/1218
f 95/95/1219 600/600/1219 1346/1346/1219 601/601/1219
f 601/601/1220 1346/1346/1220 1347/1347/1220 602/602/1220
f 600/600/1221 599/599/1221 1365/1365/1221 1346/1346/1221
f 100/100/1222 603/603/1222 1348/1348/1222 604/604/1222
f 604/604/1223 1348/1348/1223 1349/1349/1223 605/605/1223
f 603/603/1224 602/602/1224 1347/1347/1224 1348/1348/1224
f 99/99/1225 606/606/1225 1350/1350/1225 607/607/1225
f 607/607/1226 1350/1350/1226 1351/1351/1226 608/608/1226
f 606/606/1227 605/605/1227 1349/1349/1227 1350/1350/1227
f 98/98/1228 609/609/1228 1352/1352/1228 610/610/1228
f 610/610/1229 1352/1352/1229 1353/1353/1229 611/611/1229
f 609/609/1230 608/608/1230 1351/1351/1230 1352/1352/1230
f 97/97/1231 612/612/1231 1354/1354/1231 613/613/1231
f 613/613/1232 1354/1354/1232 1355/1355/1232 614/614/1232
f 612/612/1233 611/611/1233 1353/1353/1233 1354/1354/1233
f 96/96/1234 615/615/1234 1356/1356/1234 616/616/1234
f 616/616/1235 1356/1356/1235 1357/1357/1235 617/617/1235
f 615/615/1236 614/614/1236 1355/1355/1236 1356/1356/1236
f 94/94/1237 618/618/1237 1358/1358/1237 619/619/1237
f 619/619/1238 1358/1358/1238 1359/1359/1238 620/620/1238
f 618/618/1239 617/617/1239 1357/1357/1239 1358/1358/1239
f 45/45/1240 621/621/1240 1360/1360/1240 349/349/1240
f 349/349/1241 1360/1360/1241 1361/1361/1241 350/350/1241
f 621/621/1242 620/620/1242 1359/1359/1242 1360/1360/1242
f 50/50/1243 351/351/1243 1362/1362/1243 322/322/1243
f 322/322/1244 1362/1362/1244 1363/1363/1244 323/323/1244
f 351/351/1245 350/350/1245 1361/1361/1245 1362/1362/1245
f 37/37/1246 324/324/1246 1364/1364/1246 598/598/1246
f 598/598/1247 1364/1364/1247 1365/1365/1247 599/599/1247
f 324/324/1248 323/323/1248 1363/1363/1248 1364/1364/1248
f 160/160/1249 1398/1398/1249 1374/1374/1249 71/71/1249
f 161/161/1250 1397/1397/1250 1398/1398/1250 160/160/1250
f 162/162/1251 1396/1396/1251 1397/1397/1251 161/161/1251
f 11/11/1252 1369/1369/1252 1396/1396/1252 162/162/1252
f 130/130/1253 1395/1395/1253 1373/1373/1253 61/61/1253
f 131/131/1254 1394/1394/1254 1395/1395/1254 130/130/1254
f 132/132/1255 1393/1393/1255 1394/1394/1255 131/131/1255
f 5/5/1256 1368/1368/1256 1393/1393/1256 132/132/1256
f 178/178/1257 1392/1392/1257 1372/1372/1257 53/53/1257
f 179/179/1258 1391/1391/1258 1392/1392/1258 178/178/1258
f 180/180/1259 1390/1390/1259 1391/1391/1259 179/179/1259
f 14/14/1260 1370/1370/1260 1390/1390/1260 180/180/1260
f 121/121/1261 1389/1389/1261 1371/1371/1261 43/43/1261
f 122/122/1262 1388/1388/1262 1389/1389/1262 121/121/1262
f 123/123/1263 1387/1387/1263 1388/1388/1263 122/122/1263
f 1/1/1264 1366/1366/1264 1387/1387/1264 123/123/1264
f 379/379/1265 1386/1386/1265 1368/1368/1265 5/5/1265
f 380/380/1266 1385/1385/1266 1386/1386/1266 379/379/1266
f 381/381/1267 1384/1384/1267 1385/1385/1267 380/380/1267
f 53/53/1268 1372/1372/1268 1384/1384/1268 381/381/1268
f 478/478/1269 1383/1383/1269 1367/1367/1269 2/2/1269
f 479/479/1270 1382/1382/1270 1383/1383/1270 478/478/1270
f 480/480/1271 1381/1381/1271 1382/1382/1271 479/479/1271
f 71/71/1272 1374/1374/1272 1381/1381/1272 480/480/1272
f 427/427/1273 1380/1380/1273 1369/1369/1273 11/11/1273
f 428/428/1274 1379/1379/1274 1380/1380/1274 427/427/1274
f 429/429/1275 1378/1378/1275 1379/1379/1275 428/428/1275
f 61/61/1276 1373/1373/1276 1378/1378/1276 429/429/1276
f 328/328/1277 1377/1377/1277 1370/1370/1277 14/14/1277
f 329/329/1278 1376/1376/1278 1377/1377/1278 328/328/1278
f 330/330/1279 1375/1375/1279 1376/1376/1279 329/329/1279
f 43/43/1280 1371/1371/1280 1375/1375/1280 330/330/1280
f 2068/2068/1281 2069/2069/1281 2072/2072/1281 2071/2071/1281
f 2069/2069/1282 2070/2070/1282 2073/2073/1282 2072/2072/1282
f 2071/2071/1283 2072/2072/1283 2075/2075/1283 2074/2074/1283
f 2072/2072/1284 2073/2073/1284 2076/2076/1284 2075/2075/1284
f 1472/1472/1285 1887/1887/1285 2068/2068/1285 1915/1915/1285
f 1887/1887/1286 1886/1886/1286 2069/2069/1286 2068/2068/1286
f 1886/1886/1287 1885/1885/1287 2070/2070/1287 2069/2069/1287
f 1885/1885/1288 1420/1420/1288 1516/1516/1288 2070/2070/1288
f 2070/2070/1289 1516/1516/1289 1517/1517/1289 2073/2073/1289
f 2073/2073/1290 1517/1517/1290 1518/1518/1290 2076/2076/1290
f 2076/2076/1291 1518/1518/1291 1400/1400/1291 1876/1876/1291
f 2075/2075/1292 2076/2076/1292 1876/1876/1292 1877/1877/1292
f 2074/2074/1293 2075/2075/1293 1877/1877/1293 1878/1878/1293
f 1917/1917/1294 2074/2074/1294 1878/1878/1294 1469/1469/1294
f 1916/1916/1295 2071/2071/1295 2074/2074/1295 1917/1917/1295
f 1915/1915/1296 2068/2068/1296 2071/2071/1296 1916/1916/1296
f 2077/2077/1297 2078/2078/1297 2081/2081/1297 2080/2080/1297
f 2078/2078/1298 2079/2079/1298 2082/2082/1298 2081/2081/1298
f 2080/2080/1299 2081/2081/1299 2084/2084/1299 2083/2083/1299
f 2081/2081/1300 2082/2082/1300 2085/2085/1300 2084/2084/1300
f 1454/1454/1301 1788/1788/1301 2077/2077/1301 1819/1819/1301
f 1788/1788/1302 1787/1787/1302 2078/2078/1302 2077/2077/1302
f 1787/1787/1303 1786/1786/1303 2079/2079/1303 2078/2078/1303
f 1786/1786/1304 1421/1421/1304 1531/1531/1304 2079/2079/1304
f 2079/2079/1305 1531/1531/1305 1532/1532/1305 2082/2082/1305
f 2082/2082/1306 1532/1532/1306 1533/1533/1306 2085/2085/1306
f 2085/2085/1307 1533/1533/1307 1403/1403/1307 1777/1777/1307
f 2084/2084/1308 2085/2085/1308 1777/1777/1308 1778/1778/1308
f 2083/2083/1309 2084/2084/1309 1778/1778/1309 1779/1779/1309
f 1821/1821/1310 2083/2083/1310 1779/1779/1310 1451/1451/1310
f 1820/1820/1311 2080/2080/1311 2083/2083/1311 1821/1821/1311
f 1819/1819/1312 2077/2077/1312 2080/2080/1312 1820/1820/1312
f 2086/2086/1313 2087/2087/1313 2090/2090/1313 2089/2089/1313
f 2087/2087/1314 2088/2088/1314 2091/2091/1314 2090/2090/1314
f 2089/2089/1315 2090/2090/1315 2093/2093/1315 2092/2092/1315
f 2090/2090/1316 2091/2091/1316 2094/2094/1316 2093/2093/1316
f 1456/1456/1317 1794/1794/1317 2086/2086/1317 1816/1816/1317
f 1794/1794/1318 1793/1793/1318 2087/2087/1318 2086/2086/1318
f 1793/1793/1319 1792/1792/1319 2088/2088/1319 2087/2087/1319
f 1792/1792/1320 1431/1431/1320 1534/1534/1320 2088/2088/1320
f 2088/2088/1321 1534/1534/1321 1535/1535/1321 2091/2091/1321
f 2091/2091/1322 1535/1535/1322 1536/1536/1322 2094/2094/1322
f 2094/2094/1323 1536/1536/1323 1402/1402/1323 1774/1774/1323
f 2093/2093/1324 2094/2094/1324 1774/1774/1324 1775/1775/1324
f 2092/2092/1325 2093/2093/1325 1775/1775/1325 1776/1776/1325
f 1818/1818/1326 2092/2092/1326 1776/1776/1326 1450/1450/1326
f 1817/1817/1327 2089/2089/1327 2092/2092/1327 1818/1818/1327
f 1816/1816/1328 2086/2086/1328 2089/2089/1328 1817/1817/1328
f 2095/2095/1329 2096/2096/1329 2099/2099/1329 2098/2098/1329
f 2096/2096/1330 2097/2097/1330 2100/2100/1330 2099/2099/1330
f 2098/2098/1331 2099/2099/1331 2102/2102/1331 2101/2101/1331
f 2099/2099/1332 2100/2100/1332 2103/2103/1332 2102/2102/1332
f 1455/1455/1333 1791/1791/1333 2095/2095/1333 1813/1813/1333
f 1791/1791/1334 1790/1790/1334 2096/2096/1334 2095/2095/1334
f 1790/1790/1335 1789/1789/1335 2097/2097/1335 2096/2096/1335
f 1789/1789/1336 1427/1427/1336 1543/1543/1336 2097/2097/1336
f 2097/2097/1337 1543/1543/1337 1544/1544/1337 2100/2100/1337
f 2100/2100/1338 1544/1544/1338 1545/1545/1338 2103/2103/1338
f 2103/2103/1339 1545/1545/1339 1406/1406/1339 1780/1780/1339
f 2102/2102/1340 2103/2103/1340 1780/1780/1340 1781/1781/1340
f 2101/2101/1341 2102/2102/1341 1781/1781/1341 1782/1782/1341
f 1815/1815/1342 2101/2101/1342 1782/1782/1342 1452/1452/1342
f 1814/1814/1343 2098/2098/1343 2101/2101/1343 1815/1815/1343
f 1813/1813/1344 2095/2095/1344 2098/2098/1344 1814/1814/1344
f 2104/2104/1345 2105/2105/1345 2108/2108/1345 2107/2107/1345
f 2105/2105/1346 2106/2106/1346 2109/2109/1346 2108/2108/1346
f 2107/2107/1347 2108/2108/1347 2111/2111/1347 2110/2110/1347
f 2108/2108/1348 2109/2109/1348 2112/2112/1348 2111/2111/1348
f 1473/1473/1349 1890/1890/1349 2104/2104/1349 1912/1912/1349
f 1890/1890/1350 1889/1889/1350 2105/2105/1350 2104/2104/1350
f 1889/1889/1351 1888/1888/1351 2106/2106/1351 2105/2105/1351
f 1888/1888/1352 1426/1426/1352 1537/1537/1352 2106/2106/1352
f 2106/2106/1353 1537/1537/1353 1538/1538/1353 2109/2109/1353
f 2109/2109/1354 1538/1538/1354 1539/1539/1354 2112/2112/1354
f 2112/2112/1355 1539/1539/1355 1404/1404/1355 1879/1879/1355
f 2111/2111/1356 2112/2112/1356 1879/1879/1356 1880/1880/1356
f 2110/2110/1357 2111/2111/1357 1880/1880/1357 1881/1881/1357
f 1914/1914/1358 2110/2110/1358 1881/1881/1358 1470/1470/1358
f 1913/1913/1359 2107/2107/1359 2110/2110/1359 1914/1914/1359
f 1912/1912/1360 2104/2104/1360 2107/2107/1360 1913/1913/1360
f 2113/2113/1361 2114/2114/1361 2117/2117/1361 2116/2116/1361
f 2114/2114/1362 2115/2115/1362 2118/2118/1362 2117/2117/1362
f 2116/2116/1363 2117/2117/1363 2120/2120/1363 2119/2119/1363
f 2117/2117/1364 2118/2118/1364 2121/2121/1364 2120/2120/1364
f 1464/1464/1365 1842/1842/1365 2113/2113/1365 1870/1870/1365
f 1842/1842/1366 1841/1841/1366 2114/2114/1366 2113/2113/1366
f 1841/1841/1367 1840/1840/1367 2115/2115/1367 2114/2114/1367
f 1840/1840/1368 1428/1428/1368 1564/1564/1368 2115/2115/1368
f 2115/2115/1369 1564/1564/1369 1565/1565/1369 2118/2118/1369
f 2118/2118/1370 1565/1565/1370 1566/1566/1370 2121/2121/1370
f 2121/2121/1371 1566/1566/1371 1410/1410/1371 1828/1828/1371
f 2120/2120/1372 2121/2121/1372 1828/1828/1372 1829/1829/1372
f 2119/2119/1373 2120/2120/1373 1829/1829/1373 1830/1830/1373
f 1872/1872/1374 2119/2119/1374 1830/1830/1374 1460/1460/1374
f 1871/1871/1375 2116/2116/1375 2119/2119/1375 1872/1872/1375
f 1870/1870/1376 2113/2113/1376 2116/2116/1376 1871/1871/1376
f 2122/2122/1377 2123/2123/1377 2126/2126/1377 2125/2125/1377
f 2123/2123/1378 2124/2124/1378 2127/2127/1378 2126/2126/1378
f 2125/2125/1379 2126/2126/1379 2129/2129/1379 2128/2128/1379
f 2126/2126/1380 2127/2127/1380 2130/2130/1380 2129/2129/1380
f 1463/1463/1381 1839/1839/1381 2122/2122/1381 1867/1867/1381
f 1839/1839/1382 1838/1838/1382 2123/2123/1382 2122/2122/1382
f 1838/1838/1383 1837/1837/1383 2124/2124/1383 2123/2123/1383
f 1837/1837/1384 1422/1422/1384 1567/1567/1384 2124/2124/1384
f 2124/2124/1385 1567/1567/1385 1568/1568/1385 2127/2127/1385
f 2127/2127/1386 1568/1568/1386 1569/1569/1386 2130/2130/1386
f 2130/2130/1387 1569/1569/1387 1409/1409/1387 1825/1825/1387
f 2129/2129/1388 2130/2130/1388 1825/1825/1388 1826/1826/1388
f 2128/2128/1389 2129/2129/1389 1826/1826/1389 1827/1827/1389
f 1869/1869/1390 2128/2128/1390 1827/1827/1390 1459/1459/1390
f 1868/1868/1391 2125/2125/1391 2128/2128/1391 1869/1869/1391
f 1867/1867/1392 2122/2122/1392 2125/2125/1392 1868/1868/1392
f 2131/2131/1393 2132/2132/1393 2135/2135/1393 2134/2134/1393
f 2132/2132/1394 2133/2133/1394 2136/2136/1394 2135/2135/1394
f 2134/2134/1395 2135/2135/1395 2138/2138/1395 2137/2137/1395
f 2135/2135/1396 2136/2136/1396 2139/2139/1396 2138/2138/1396
f 1465/1465/1397 1845/1845/1397 2131/2131/1397 1864/1864/1397
f 1845/1845/1398 1844/1844/1398 2132/2132/1398 2131/2131/1398
f 1844/1844/1399 1843/1843/1399 2133/2133/1399 2132/2132/1399
f 1843/1843/1400 1433/1433/1400 1570/1570/1400 2133/2133/1400
f 2133/2133/1401 1570/1570/1401 1571/1571/1401 2136/2136/1401
f 2136/2136/1402 1571/1571/1402 1572/1572/1402 2139/2139/1402
f 2139/2139/1403 1572/1572/1403 1408/1408/1403 1822/1822/1403
f 2138/2138/1404 2139/2139/1404 1822/1822/1404 1823/1823/1404
f 2137/2137/1405 2138/2138/1405 1823/1823/1405 1824/1824/1405
f 1866/1866/1406 2137/2137/1406 1824/1824/1406 1458/1458/1406
f 1865/1865/1407 2134/2134/1407 2137/2137/1407 1866/1866/1407
f 1864/1864/1408 2131/2131/1408 2134/2134/1408 1865/1865/1408
f 2140/2140/1409 2141/2141/1409 2144/2144/1409 2143/2143/1409
f 2141/2141/1410 2142/2142/1410 2145/2145/1410 2144/2144/1410
f 2143/2143/1411 2144/2144/1411 2147/2147/1411 2146/2146/1411
f 2144/2144/1412 2145/2145/1412 2148/2148/1412 2147/2147/1412
f 1446/1446/1413 1740/1740/1413 2140/2140/1413 1768/1768/1413
f 1740/1740/1414 1739/1739/1414 2141/2141/1414 2140/2140/1414
f 1739/1739/1415 1738/1738/1415 2142/2142/1415 2141/2141/1415
f 1738/1738/1416 1429/1429/1416 1585/1585/1416 2142/2142/1416
f 2142/2142/1417 1585/1585/1417 1586/1586/1417 2145/2145/1417
f 2145/2145/1418 1586/1586/1418 1587/1587/1418 2148/2148/1418
f 2148/2148/1419 1587/1587/1419 1414/1414/1419 1729/1729/1419
f 2147/2147/1420 2148/2148/1420 1729/1729/1420 1730/1730/1420
f 2146/2146/1421 2147/2147/1421 1730/1730/1421 1731/1731/1421
f 1770/1770/1422 2146/2146/1422 1731/1731/1422 1442/1442/1422
f 1769/1769/1423 2143/2143/1423 2146/2146/1423 1770/1770/1423
f 1768/1768/1424 2140/2140/1424 2143/2143/1424 1769/1769/1424
f 2149/2149/1425 2150/2150/1425 2153/2153/1425 2152/2152/1425
f 2150/2150/1426 2151/2151/1426 2154/2154/1426 2153/2153/1426
f 2152/2152/1427 2153/2153/1427 2156/2156/1427 2155/2155/1427
f 2153/2153/1428 2154/2154/1428 2157/2157/1428 2156/2156/1428
f 1447/1447/1429 1743/1743/1429 2149/2149/1429 1765/1765/1429
f 1743/1743/1430 1742/1742/1430 2150/2150/1430 2149/2149/1430
f 1742/1742/1431 1741/1741/1431 2151/2151/1431 2150/2150/1431
f 1741/1741/1432 1434/1434/1432 1588/1588/1432 2151/2151/1432
f 2151/2151/1433 1588/1588/1433 1589/1589/1433 2154/2154/1433
f 2154/2154/1434 1589/1589/1434 1590/1590/1434 2157/2157/1434
f 2157/2157/1435 1590/1590/1435 1411/1411/1435 1723/1723/1435
f 2156/2156/1436 2157/2157/1436 1723/1723/1436 1724/1724/1436
f 2155/2155/1437 2156/2156/1437 1724/1724/1437 1725/1725/1437
f 1767/1767/1438 2155/2155/1438 1725/1725/1438 1440/1440/1438
f 1766/1766/1439 2152/2152/1439 2155/2155/1439 1767/1767/1439
f 1765/1765/1440 2149/2149/1440 2152/2152/1440 1766/1766/1440
f 2158/2158/1441 2159/2159/1441 2162/2162/1441 2161/2161/1441
f 2159/2159/1442 2160/2160/1442 2163/2163/1442 2162/2162/1442
f 2161/2161/1443 2162/2162/1443 2165/2165/1443 2164/2164/1443
f 2162/2162/1444 2163/2163/1444 2166/2166/1444 2165/2165/1444
f 1445/1445/1445 1737/1737/1445 2158/2158/1445 1762/1762/1445
f 1737/1737/1446 1736/1736/1446 2159/2159/1446 2158/2158/1446
f 1736/1736/1447 1735/1735/1447 2160/2160/1447 2159/2159/1447
f 1735/1735/1448 1423/1423/1448 1591/1591/1448 2160/2160/1448
f 2160/2160/1449 1591/1591/1449 1592/1592/1449 2163/2163/1449
f 2163/2163/1450 1592/1592/1450 1593/1593/1450 2166/2166/1450
f 2166/2166/1451 1593/1593/1451 1412/1412/1451 1726/1726/1451
f 2165/2165/1452 2166/2166/1452 1726/1726/1452 1727/1727/1452
f 2164/2164/1453 2165/2165/1453 1727/1727/1453 1728/1728/1453
f 1764/1764/1454 2164/2164/1454 1728/1728/1454 1441/1441/1454
f 1763/1763/1455 2161/2161/1455 2164/2164/1455 1764/1764/1455
f 1762/1762/1456 2158/2158/1456 2161/2161/1456 1763/1763/1456
f 2167/2167/1457 2168/2168/1457 2171/2171/1457 2170/2170/1457
f 2168/2168/1458 2169/2169/1458 2172/2172/1458 2171/2171/1458
f 2170/2170/1459 2171/2171/1459 2174/2174/1459 2173/2173/1459
f 2171/2171/1460 2172/2172/1460 2175/2175/1460 2174/2174/1460
f 1448/1448/1461 1746/1746/1461 2167/2167/1461 1759/1759/1461
f 1746/1746/1462 1745/1745/1462 2168/2168/1462 2167/2167/1462
f 1745/1745/1463 1744/1744/1463 2169/2169/1463 2168/2168/1463
f 1744/1744/1464 1439/1439/1464 1606/1606/1464 2169/2169/1464
f 2169/2169/1465 1606/1606/1465 1607/1607/1465 2172/2172/1465
f 2172/2172/1466 1607/1607/1466 1608/1608/1466 2175/2175/1466
f 2175/2175/1467 1608/1608/1467 1419/1419/1467 1732/1732/1467
f 2174/2174/1468 2175/2175/1468 1732/1732/1468 1733/1733/1468
f 2173/2173/1469 2174/2174/1469 1733/1733/1469 1734/1734/1469
f 1761/1761/1470 2173/2173/1470 1734/1734/1470 1444/1444/1470
f 1760/1760/1471 2170/2170/1471 2173/2173/1471 1761/1761/1471
f 1759/1759/1472 2167/2167/1472 2170/2170/1472 1760/1760/1472
f 2176/2176/1473 2177/2177/1473 2180/2180/1473 2179/2179/1473
f 2177/2177/1474 2178/2178/1474 2181/2181/1474 2180/2180/1474
f 2179/2179/1475 2180/2180/1475 2183/2183/1475 2182/2182/1475
f 2180/2180/1476 2181/2181/1476 2184/2184/1476 2183/2183/1476
f 1466/1466/1477 1848/1848/1477 2176/2176/1477 1861/1861/1477
f 1848/1848/1478 1847/1847/1478 2177/2177/1478 2176/2176/1478
f 1847/1847/1479 1846/1846/1479 2178/2178/1479 2177/2177/1479
f 1846/1846/1480 1438/1438/1480 1603/1603/1480 2178/2178/1480
f 2178/2178/1481 1603/1603/1481 1604/1604/1481 2181/2181/1481
f 2181/2181/1482 1604/1604/1482 1605/1605/1482 2184/2184/1482
f 2184/2184/1483 1605/1605/1483 1418/1418/1483 1834/1834/1483
f 2183/2183/1484 2184/2184/1484 1834/1834/1484 1835/1835/1484
f 2182/2182/1485 2183/2183/1485 1835/1835/1485 1836/1836/1485
f 1863/1863/1486 2182/2182/1486 1836/1836/1486 1462/1462/1486
f 1862/1862/1487 2179/2179/1487 2182/2182/1487 1863/1863/1487
f 1861/1861/1488 2176/2176/1488 2179/2179/1488 1862/1862/1488
f 2185/2185/1489 2186/2186/1489 2189/2189/1489 2188/2188/1489
f 2186/2186/1490 2187/2187/1490 2190/2190/1490 2189/2189/1490
f 2188/2188/1491 2189/2189/1491 2192/2192/1491 2191/2191/1491
f 2189/2189/1492 2190/2190/1492 2193/2193/1492 2192/2192/1492
f 1457/1457/1493 1797/1797/1493 2185/2185/1493 1810/1810/1493
f 1797/1797/1494 1796/1796/1494 2186/2186/1494 2185/2185/1494
f 1796/1796/1495 1795/1795/1495 2187/2187/1495 2186/2186/1495
f 1795/1795/1496 1437/1437/1496 1600/1600/1496 2187/2187/1496
f 2187/2187/1497 1600/1600/1497 1601/1601/1497 2190/2190/1497
f 2190/2190/1498 1601/1601/1498 1602/1602/1498 2193/2193/1498
f 2193/2193/1499 1602/1602/1499 1417/1417/1499 1783/1783/1499
f 2192/2192/1500 2193/2193/1500 1783/1783/1500 1784/1784/1500
f 2191/2191/1501 2192/2192/1501 1784/1784/1501 1785/1785/1501
f 1812/1812/1502 2191/2191/1502 1785/1785/1502 1453/1453/1502
f 1811/1811/1503 2188/2188/1503 2191/2191/1503 1812/1812/1503
f 1810/1810/1504 2185/2185/1504 2188/2188/1504 1811/1811/1504
f 2194/2194/1505 2195/2195/1505 2198/2198/1505 2197/2197/1505
f 2195/2195/1506 2196/2196/1506 2199/2199/1506 2198/2198/1506
f 2197/2197/1507 2198/2198/1507 2201/2201/1507 2200/2200/1507
f 2198/2198/1508 2199/2199/1508 2202/2202/1508 2201/2201/1508
f 1475/1475/1509 1896/1896/1509 2194/2194/1509 1909/1909/1509
f 1896/1896/1510 1895/1895/1510 2195/2195/1510 2194/2194/1510
f 1895/1895/1511 1894/1894/1511 2196/2196/1511 2195/2195/1511
f 1894/1894/1512 1436/1436/1512 1597/1597/1512 2196/2196/1512
f 2196/2196/1513 1597/1597/1513 1598/1598/1513 2199/2199/1513
f 2199/2199/1514 1598/1598/1514 1599/1599/1514 2202/2202/1514
f 2202/2202/1515 1599/1599/1515 1416/1416/1515 1882/1882/1515
f 2201/2201/1516 2202/2202/1516 1882/1882/1516 1883/1883/1516
f 2200/2200/1517 2201/2201/1517 1883/1883/1517 1884/1884/1517
f 1911/1911/1518 2200/2200/1518 1884/1884/1518 1471/1471/1518
f 1910/1910/1519 2197/2197/1519 2200/2200/1519 1911/1911/1519
f 1909/1909/1520 2194/2194/1520 2197/2197/1520 1910/1910/1520
f 2203/2203/1521 2204/2204/1521 2207/2207/1521 2206/2206/1521
f 2204/2204/1522 2205/2205/1522 2208/2208/1522 2207/2207/1522
f 2206/2206/1523 2207/2207/1523 2210/2210/1523 2209/2209/1523
f 2207/2207/1524 2208/2208/1524 2211/2211/1524 2210/2210/1524
f 1481/1481/1525 1971/1971/1525 2203/2203/1525 1756/1756/1525
f 1971/1971/1526 1970/1970/1526 2204/2204/1526 2203/2203/1526
f 1970/1970/1527 1969/1969/1527 2205/2205/1527 2204/2204/1527
f 1969/1969/1528 1480/1480/1528 1630/1630/1528 2205/2205/1528
f 2205/2205/1529 1630/1630/1529 1631/1631/1529 2208/2208/1529
f 2208/2208/1530 1631/1631/1530 1632/1632/1530 2211/2211/1530
f 2211/2211/1531 1632/1632/1531 1423/1423/1531 1735/1735/1531
f 2210/2210/1532 2211/2211/1532 1735/1735/1532 1736/1736/1532
f 2209/2209/1533 2210/2210/1533 1736/1736/1533 1737/1737/1533
f 1758/1758/1534 2209/2209/1534 1737/1737/1534 1445/1445/1534
f 1757/1757/1535 2206/2206/1535 2209/2209/1535 1758/1758/1535
f 1756/1756/1536 2203/2203/1536 2206/2206/1536 1757/1757/1536
f 2212/2212/1537 2213/2213/1537 2216/2216/1537 2215/2215/1537
f 2213/2213/1538 2214/2214/1538 2217/2217/1538 2216/2216/1538
f 2215/2215/1539 2216/2216/1539 2219/2219/1539 2218/2218/1539
f 2216/2216/1540 2217/2217/1540 2220/2220/1540 2219/2219/1540
f 1483/1483/1541 1968/1968/1541 2212/2212/1541 1858/1858/1541
f 1968/1968/1542 1967/1967/1542 2213/2213/1542 2212/2212/1542
f 1967/1967/1543 1966/1966/1543 2214/2214/1543 2213/2213/1543
f 1966/1966/1544 1479/1479/1544 1627/1627/1544 2214/2214/1544
f 2214/2214/1545 1627/1627/1545 1628/1628/1545 2217/2217/1545
f 2217/2217/1546 1628/1628/1546 1629/1629/1546 2220/2220/1546
f 2220/2220/1547 1629/1629/1547 1422/1422/1547 1837/1837/1547
f 2219/2219/1548 2220/2220/1548 1837/1837/1548 1838/1838/1548
f 2218/2218/1549 2219/2219/1549 1838/1838/1549 1839/1839/1549
f 1860/1860/1550 2218/2218/1550 1839/1839/1550 1463/1463/1550
f 1859/1859/1551 2215/2215/1551 2218/2218/1551 1860/1860/1551
f 1858/1858/1552 2212/2212/1552 2215/2215/1552 1859/1859/1552
f 2221/2221/1553 2222/2222/1553 2225/2225/1553 2224/2224/1553
f 2222/2222/1554 2223/2223/1554 2226/2226/1554 2225/2225/1554
f 2224/2224/1555 2225/2225/1555 2228/2228/1555 2227/2227/1555
f 2225/2225/1556 2226/2226/1556 2229/2229/1556 2228/2228/1556
f 1482/1482/1557 1965/1965/1557 2221/2221/1557 1807/1807/1557
f 1965/1965/1558 1964/1964/1558 2222/2222/1558 2221/2221/1558
f 1964/1964/1559 1963/1963/1559 2223/2223/1559 2222/2222/1559
f 1963/1963/1560 1478/1478/1560 1624/1624/1560 2223/2223/1560
f 2223/2223/1561 1624/1624/1561 1625/1625/1561 2226/2226/1561
f 2226/2226/1562 1625/1625/1562 1626/1626/1562 2229/2229/1562
f 2229/2229/1563 1626/1626/1563 1421/1421/1563 1786/1786/1563
f 2228/2228/1564 2229/2229/1564 1786/1786/1564 1787/1787/1564
f 2227/2227/1565 2228/2228/1565 1787/1787/1565 1788/1788/1565
f 1809/1809/1566 2227/2227/1566 1788/1788/1566 1454/1454/1566
f 1808/1808/1567 2224/2224/1567 2227/2227/1567 1809/1809/1567
f 1807/1807/1568 2221/2221/1568 2224/2224/1568 1808/1808/1568
f 2230/2230/1569 2231/2231/1569 2234/2234/1569 2233/2233/1569
f 2231/2231/1570 2232/2232/1570 2235/2235/1570 2234/2234/1570
f 2233/2233/1571 2234/2234/1571 2237/2237/1571 2236/2236/1571
f 2234/2234/1572 2235/2235/1572 2238/2238/1572 2237/2237/1572
f 1484/1484/1573 1962/1962/1573 2230/2230/1573 1906/1906/1573
f 1962/1962/1574 1961/1961/1574 2231/2231/1574 2230/2230/1574
f 1961/1961/1575 1960/1960/1575 2232/2232/1575 2231/2231/1575
f 1960/1960/1576 1477/1477/1576 1621/1621/1576 2232/2232/1576
f 2232/2232/1577 1621/1621/1577 1622/1622/1577 2235/2235/1577
f 2235/2235/1578 1622/1622/1578 1623/1623/1578 2238/2238/1578
f 2238/2238/1579 1623/1623/1579 1420/1420/1579 1885/1885/1579
f 2237/2237/1580 2238/2238/1580 1885/1885/1580 1886/1886/1580
f 2236/2236/1581 2237/2237/1581 1886/1886/1581 1887/1887/1581
f 1908/1908/1582 2236/2236/1582 1887/1887/1582 1472/1472/1582
f 1907/1907/1583 2233/2233/1583 2236/2236/1583 1908/1908/1583
f 1906/1906/1584 2230/2230/1584 2233/2233/1584 1907/1907/1584
f 2239/2239/1585 2240/2240/1585 2243/2243/1585 2242/2242/1585
f 2240/2240/1586 2241/2241/1586 2244/2244/1586 2243/2243/1586
f 2242/2242/1587 2243/2243/1587 2246/2246/1587 2245/2245/1587
f 2243/2243/1588 2244/2244/1588 2247/2247/1588 2246/2246/1588
f 2769/2769/1589 2773/2773/1589 2239/2239/1589 1753/1753/1589
f 2773/2773/1590 2774/2774/1590 2240/2240/1590 2239/2239/1590
f 2774/2774/1591 2775/2775/1591 2241/2241/1591 2240/2240/1591
f 2775/2775/1592 2768/2768/1592 1660/1660/1592 2241/2241/1592
f 2241/2241/1593 1660/1660/1593 1661/1661/1593 2244/2244/1593
f 2244/2244/1594 1661/1661/1594 1662/1662/1594 2247/2247/1594
f 2247/2247/1595 1662/1662/1595 1429/1429/1595 1738/1738/1595
f 2246/2246/1596 2247/2247/1596 1738/1738/1596 1739/1739/1596
f 2245/2245/1597 2246/2246/1597 1739/1739/1597 1740/1740/1597
f 1755/1755/1598 2245/2245/1598 1740/1740/1598 1446/1446/1598
f 1754/1754/1599 2242/2242/1599 2245/2245/1599 1755/1755/1599
f 1753/1753/1600 2239/2239/1600 2242/2242/1600 1754/1754/1600
f 2248/2248/1601 2249/2249/1601 2252/2252/1601 2251/2251/1601
f 2249/2249/1602 2250/2250/1602 2253/2253/1602 2252/2252/1602
f 2251/2251/1603 2252/2252/1603 2255/2255/1603 2254/2254/1603
f 2252/2252/1604 2253/2253/1604 2256/2256/1604 2255/2255/1604
f 2771/2771/1605 2776/2776/1605 2248/2248/1605 1855/1855/1605
f 2776/2776/1606 2777/2777/1606 2249/2249/1606 2248/2248/1606
f 2777/2777/1607 2778/2778/1607 2250/2250/1607 2249/2249/1607
f 2778/2778/1608 2767/2767/1608 1657/1657/1608 2250/2250/1608
f 2250/2250/1609 1657/1657/1609 1658/1658/1609 2253/2253/1609
f 2253/2253/1610 1658/1658/1610 1659/1659/1610 2256/2256/1610
f 2256/2256/1611 1659/1659/1611 1428/1428/1611 1840/1840/1611
f 2255/2255/1612 2256/2256/1612 1840/1840/1612 1841/1841/1612
f 2254/2254/1613 2255/2255/1613 1841/1841/1613 1842/1842/1613
f 1857/1857/1614 2254/2254/1614 1842/1842/1614 1464/1464/1614
f 1856/1856/1615 2251/2251/1615 2254/2254/1615 1857/1857/1615
f 1855/1855/1616 2248/2248/1616 2251/2251/1616 1856/1856/1616
f 2257/2257/1617 2258/2258/1617 2261/2261/1617 2260/2260/1617
f 2258/2258/1618 2259/2259/1618 2262/2262/1618 2261/2261/1618
f 2260/2260/1619 2261/2261/1619 2264/2264/1619 2263/2263/1619
f 2261/2261/1620 2262/2262/1620 2265/2265/1620 2264/2264/1620
f 2772/2772/1621 2779/2779/1621 2257/2257/1621 1903/1903/1621
f 2779/2779/1622 2780/2780/1622 2258/2258/1622 2257/2257/1622
f 2780/2780/1623 2781/2781/1623 2259/2259/1623 2258/2258/1623
f 2781/2781/1624 2765/2765/1624 1651/1651/1624 2259/2259/1624
f 2259/2259/1625 1651/1651/1625 1652/1652/1625 2262/2262/1625
f 2262/2262/1626 1652/1652/1626 1653/1653/1626 2265/2265/1626
f 2265/2265/1627 1653/1653/1627 1426/1426/1627 1888/1888/1627
f 2264/2264/1628 2265/2265/1628 1888/1888/1628 1889/1889/1628
f 2263/2263/1629 2264/2264/1629 1889/1889/1629 1890/1890/1629
f 1905/1905/1630 2263/2263/1630 1890/1890/1630 1473/1473/1630
f 1904/1904/1631 2260/2260/1631 2263/2263/1631 1905/1905/1631
f 1903/1903/1632 2257/2257/1632 2260/2260/1632 1904/1904/1632
f 2266/2266/1633 2267/2267/1633 2270/2270/1633 2269/2269/1633
f 2267/2267/1634 2268/2268/1634 2271/2271/1634 2270/2270/1634
f 2269/2269/1635 2270/2270/1635 2273/2273/1635 2272/2272/1635
f 2270/2270/1636 2271/2271/1636 2274/2274/1636 2273/2273/1636
f 2770/2770/1637 2782/2782/1637 2266/2266/1637 1804/1804/1637
f 2782/2782/1638 2783/2783/1638 2267/2267/1638 2266/2266/1638
f 2783/2783/1639 2784/2784/1639 2268/2268/1639 2267/2267/1639
f 2784/2784/1640 2766/2766/1640 1654/1654/1640 2268/2268/1640
f 2268/2268/1641 1654/1654/1641 1655/1655/1641 2271/2271/1641
f 2271/2271/1642 1655/1655/1642 1656/1656/1642 2274/2274/1642
f 2274/2274/1643 1656/1656/1643 1427/1427/1643 1789/1789/1643
f 2273/2273/1644 2274/2274/1644 1789/1789/1644 1790/1790/1644
f 2272/2272/1645 2273/2273/1645 1790/1790/1645 1791/1791/1645
f 1806/1806/1646 2272/2272/1646 1791/1791/1646 1455/1455/1646
f 1805/1805/1647 2269/2269/1647 2272/2272/1647 1806/1806/1647
f 1804/1804/1648 2266/2266/1648 2269/2269/1648 1805/1805/1648
f 2275/2275/1649 2276/2276/1649 2279/2279/1649 2278/2278/1649
f 2276/2276/1650 2277/2277/1650 2280/2280/1650 2279/2279/1650
f 2278/2278/1651 2279/2279/1651 2282/2282/1651 2281/2281/1651
f 2279/2279/1652 2280/2280/1652 2283/2283/1652 2282/2282/1652
f 1442/1442/1653 1731/1731/1653 2275/2275/1653 1750/1750/1653
f 1731/1731/1654 1730/1730/1654 2276/2276/1654 2275/2275/1654
f 1730/1730/1655 1729/1729/1655 2277/2277/1655 2276/2276/1655
f 1729/1729/1656 1414/1414/1656 1684/1684/1656 2277/2277/1656
f 2277/2277/1657 1684/1684/1657 1685/1685/1657 2280/2280/1657
f 2280/2280/1658 1685/1685/1658 1686/1686/1658 2283/2283/1658
f 2283/2283/1659 1686/1686/1659 1434/1434/1659 1741/1741/1659
f 2282/2282/1660 2283/2283/1660 1741/1741/1660 1742/1742/1660
f 2281/2281/1661 2282/2282/1661 1742/1742/1661 1743/1743/1661
f 1752/1752/1662 2281/2281/1662 1743/1743/1662 1447/1447/1662
f 1751/1751/1663 2278/2278/1663 2281/2281/1663 1752/1752/1663
f 1750/1750/1664 2275/2275/1664 2278/2278/1664 1751/1751/1664
f 2284/2284/1665 2285/2285/1665 2288/2288/1665 2287/2287/1665
f 2285/2285/1666 2286/2286/1666 2289/2289/1666 2288/2288/1666
f 2287/2287/1667 2288/2288/1667 2291/2291/1667 2290/2290/1667
f 2288/2288/1668 2289/2289/1668 2292/2292/1668 2291/2291/1668
f 1460/1460/1669 1830/1830/1669 2284/2284/1669 1852/1852/1669
f 1830/1830/1670 1829/1829/1670 2285/2285/1670 2284/2284/1670
f 1829/1829/1671 1828/1828/1671 2286/2286/1671 2285/2285/1671
f 1828/1828/1672 1410/1410/1672 1681/1681/1672 2286/2286/1672
f 2286/2286/1673 1681/1681/1673 1682/1682/1673 2289/2289/1673
f 2289/2289/1674 1682/1682/1674 1683/1683/1674 2292/2292/1674
f 2292/2292/1675 1683/1683/1675 1433/1433/1675 1843/1843/1675
f 2291/2291/1676 2292/2292/1676 1843/1843/1676 1844/1844/1676
f 2290/2290/1677 2291/2291/1677 1844/1844/1677 1845/1845/1677
f 1854/1854/1678 2290/2290/1678 1845/1845/1678 1465/1465/1678
f 1853/1853/1679 2287/2287/1679 2290/2290/1679 1854/1854/1679
f 1852/1852/1680 2284/2284/1680 2287/2287/1680 1853/1853/1680
f 2293/2293/1681 2294/2294/1681 2297/2297/1681 2296/2296/1681
f 2294/2294/1682 2295/2295/1682 2298/2298/1682 2297/2297/1682
f 2296/2296/1683 2297/2297/1683 2300/2300/1683 2299/2299/1683
f 2297/2297/1684 2298/2298/1684 2301/2301/1684 2300/2300/1684
f 1452/1452/1685 1782/1782/1685 2293/2293/1685 1801/1801/1685
f 1782/1782/1686 1781/1781/1686 2294/2294/1686 2293/2293/1686
f 1781/1781/1687 1780/1780/1687 2295/2295/1687 2294/2294/1687
f 1780/1780/1688 1406/1406/1688 1678/1678/1688 2295/2295/1688
f 2295/2295/1689 1678/1678/1689 1679/1679/1689 2298/2298/1689
f 2298/2298/1690 1679/1679/1690 1680/1680/1690 2301/2301/1690
f 2301/2301/1691 1680/1680/1691 1431/1431/1691 1792/1792/1691
f 2300/2300/1692 2301/2301/1692 1792/1792/1692 1793/1793/1692
f 2299/2299/1693 2300/2300/1693 1793/1793/1693 1794/1794/1693
f 1803/1803/1694 2299/2299/1694 1794/1794/1694 1456/1456/1694
f 1802/1802/1695 2296/2296/1695 2299/2299/1695 1803/1803/1695
f 1801/1801/1696 2293/2293/1696 2296/2296/1696 1802/1802/1696
f 2302/2302/1697 2303/2303/1697 2306/2306/1697 2305/2305/1697
f 2303/2303/1698 2304/2304/1698 2307/2307/1698 2306/2306/1698
f 2305/2305/1699 2306/2306/1699 2309/2309/1699 2308/2308/1699
f 2306/2306/1700 2307/2307/1700 2310/2310/1700 2309/2309/1700
f 1470/1470/1701 1881/1881/1701 2302/2302/1701 1900/1900/1701
f 1881/1881/1702 1880/1880/1702 2303/2303/1702 2302/2302/1702
f 1880/1880/1703 1879/1879/1703 2304/2304/1703 2303/2303/1703
f 1879/1879/1704 1404/1404/1704 1675/1675/1704 2304/2304/1704
f 2304/2304/1705 1675/1675/1705 1676/1676/1705 2307/2307/1705
f 2307/2307/1706 1676/1676/1706 1677/1677/1706 2310/2310/1706
f 2310/2310/1707 1677/1677/1707 1430/1430/1707 1891/1891/1707
f 2309/2309/1708 2310/2310/1708 1891/1891/1708 1892/1892/1708
f 2308/2308/1709 2309/2309/1709 1892/1892/1709 1893/1893/1709
f 1902/1902/1710 2308/2308/1710 1893/1893/1710 1474/1474/1710
f 1901/1901/1711 2305/2305/1711 2308/2308/1711 1902/1902/1711
f 1900/1900/1712 2302/2302/1712 2305/2305/1712 1901/1901/1712
f 2312/2312/1713 2313/2313/1713 2311/2311/1713 2331/2331/1713
f 2314/2314/1714 2315/2315/1714 2311/2311/1714 2313/2313/1714
f 2316/2316/1715 2317/2317/1715 2311/2311/1715 2315/2315/1715
f 2318/2318/1716 2319/2319/1716 2311/2311/1716 2317/2317/1716
f 2320/2320/1717 2321/2321/1717 2311/2311/1717 2319/2319/1717
f 2322/2322/1718 2323/2323/1718 2311/2311/1718 2321/2321/1718
f 2324/2324/1719 2325/2325/1719 2311/2311/1719 2323/2323/1719
f 2326/2326/1720 2327/2327/1720 2311/2311/1720 2325/2325/1720
f 2328/2328/1721 2329/2329/1721 2311/2311/1721 2327/2327/1721
f 2330/2330/1722 2331/2331/1722 2311/2311/1722 2329/2329/1722
f 1474/1474/1723 1893/1893/1723 2312/2312/1723 1918/1918/1723
f 1893/1893/1724 1892/1892/1724 2313/2313/1724 2312/2312/1724
f 1918/1918/1725 2312/2312/1725 2331/2331/1725 1919/1919/1725
f 1430/1430/1726 2044/2044/1726 2314/2314/1726 1891/1891/1726
f 2044/2044/1727 2045/2045/1727 2315/2315/1727 2314/2314/1727
f 1891/1891/1728 2314/2314/1728 2313/2313/1728 1892/1892/1728
f 1507/1507/1729 2047/2047/1729 2316/2316/1729 2046/2046/1729
f 2047/2047/1730 2048/2048/1730 2317/2317/1730 2316/2316/1730
f 2046/2046/1731 2316/2316/1731 2315/2315/1731 2045/2045/1731
f 1512/1512/1732 2050/2050/1732 2318/2318/1732 2049/2049/1732
f 2050/2050/1733 2051/2051/1733 2319/2319/1733 2318/2318/1733
f 2049/2049/1734 2318/2318/1734 2317/2317/1734 2048/2048/1734
f 1511/1511/1735 2053/2053/1735 2320/2320/1735 2052/2052/1735
f 2053/2053/1736 2054/2054/1736 2321/2321/1736 2320/2320/1736
f 2052/2052/1737 2320/2320/1737 2319/2319/1737 2051/2051/1737
f 1510/1510/1738 2056/2056/1738 2322/2322/1738 2055/2055/1738
f 2056/2056/1739 2057/2057/1739 2323/2323/1739 2322/2322/1739
f 2055/2055/1740 2322/2322/1740 2321/2321/1740 2054/2054/1740
f 1509/1509/1741 2059/2059/1741 2324/2324/1741 2058/2058/1741
f 2059/2059/1742 2060/2060/1742 2325/2325/1742 2324/2324/1742
f 2058/2058/1743 2324/2324/1743 2323/2323/1743 2057/2057/1743
f 1508/1508/1744 2062/2062/1744 2326/2326/1744 2061/2061/1744
f 2062/2062/1745 2063/2063/1745 2327/2327/1745 2326/2326/1745
f 2061/2061/1746 2326/2326/1746 2325/2325/1746 2060/2060/1746
f 1506/1506/1747 2065/2065/1747 2328/2328/1747 2064/2064/1747
f 2065/2065/1748 2066/2066/1748 2329/2329/1748 2328/2328/1748
f 2064/2064/1749 2328/2328/1749 2327/2327/1749 2063/2063/1749
f 1468/1468/1750 1920/1920/1750 2330/2330/1750 2067/2067/1750
f 1920/1920/1751 1919/1919/1751 2331/2331/1751 2330/2330/1751
f 2067/2067/1752 2330/2330/1752 2329/2329/1752 2066/2066/1752
f 2332/2332/1753 2333/2333/1753 2336/2336/1753 2335/2335/1753
f 2333/2333/1754 2334/2334/1754 2337/2337/1754 2336/2336/1754
f 2335/2335/1755 2336/2336/1755 2339/2339/1755 2338/2338/1755
f 2336/2336/1756 2337/2337/1756 2340/2340/1756 2339/2339/1756
f 1449/1449/1757 1522/1522/1757 2332/2332/1757 1798/1798/1757
f 1522/1522/1758 1523/1523/1758 2333/2333/1758 2332/2332/1758
f 1523/1523/1759 1524/1524/1759 2334/2334/1759 2333/2333/1759
f 1524/1524/1760 1401/1401/1760 1702/1702/1760 2334/2334/1760
f 2334/2334/1761 1702/1702/1761 1703/1703/1761 2337/2337/1761
f 2337/2337/1762 1703/1703/1762 1704/1704/1762 2340/2340/1762
f 2340/2340/1763 1704/1704/1763 1437/1437/1763 1795/1795/1763
f 2339/2339/1764 2340/2340/1764 1795/1795/1764 1796/1796/1764
f 2338/2338/1765 2339/2339/1765 1796/1796/1765 1797/1797/1765
f 1800/1800/1766 2338/2338/1766 1797/1797/1766 1457/1457/1766
f 1799/1799/1767 2335/2335/1767 2338/2338/1767 1800/1800/1767
f 1798/1798/1768 2332/2332/1768 2335/2335/1768 1799/1799/1768
f 2341/2341/1769 2342/2342/1769 2345/2345/1769 2344/2344/1769
f 2342/2342/1770 2343/2343/1770 2346/2346/1770 2345/2345/1770
f 2344/2344/1771 2345/2345/1771 2348/2348/1771 2347/2347/1771
f 2345/2345/1772 2346/2346/1772 2349/2349/1772 2348/2348/1772
f 1461/1461/1773 1552/1552/1773 2341/2341/1773 1849/1849/1773
f 1552/1552/1774 1553/1553/1774 2342/2342/1774 2341/2341/1774
f 1553/1553/1775 1554/1554/1775 2343/2343/1775 2342/2342/1775
f 1554/1554/1776 1407/1407/1776 1705/1705/1776 2343/2343/1776
f 2343/2343/1777 1705/1705/1777 1706/1706/1777 2346/2346/1777
f 2346/2346/1778 1706/1706/1778 1707/1707/1778 2349/2349/1778
f 2349/2349/1779 1707/1707/1779 1438/1438/1779 1846/1846/1779
f 2348/2348/1780 2349/2349/1780 1846/1846/1780 1847/1847/1780
f 2347/2347/1781 2348/2348/1781 1847/1847/1781 1848/1848/1781
f 1851/1851/1782 2347/2347/1782 1848/1848/1782 1466/1466/1782
f 1850/1850/1783 2344/2344/1783 2347/2347/1783 1851/1851/1783
f 1849/1849/1784 2341/2341/1784 2344/2344/1784 1850/1850/1784
f 2350/2350/1785 2351/2351/1785 2354/2354/1785 2353/2353/1785
f 2351/2351/1786 2352/2352/1786 2355/2355/1786 2354/2354/1786
f 2353/2353/1787 2354/2354/1787 2357/2357/1787 2356/2356/1787
f 2354/2354/1788 2355/2355/1788 2358/2358/1788 2357/2357/1788
f 1443/1443/1789 1579/1579/1789 2350/2350/1789 1747/1747/1789
f 1579/1579/1790 1580/1580/1790 2351/2351/1790 2350/2350/1790
f 1580/1580/1791 1581/1581/1791 2352/2352/1791 2351/2351/1791
f 1581/1581/1792 1413/1413/1792 1708/1708/1792 2352/2352/1792
f 2352/2352/1793 1708/1708/1793 1709/1709/1793 2355/2355/1793
f 2355/2355/1794 1709/1709/1794 1710/1710/1794 2358/2358/1794
f 2358/2358/1795 1710/1710/1795 1439/1439/1795 1744/1744/1795
f 2357/2357/1796 2358/2358/1796 1744/1744/1796 1745/1745/1796
f 2356/2356/1797 2357/2357/1797 1745/1745/1797 1746/1746/1797
f 1749/1749/1798 2356/2356/1798 1746/1746/1798 1448/1448/1798
f 1748/1748/1799 2353/2353/1799 2356/2356/1799 1749/1749/1799
f 1747/1747/1800 2350/2350/1800 2353/2353/1800 1748/1748/1800
f 2360/2360/1801 2361/2361/1801 2359/2359/1801 2379/2379/1801
f 2362/2362/1802 2363/2363/1802 2359/2359/1802 2361/2361/1802
f 2364/2364/1803 2365/2365/1803 2359/2359/1803 2363/2363/1803
f 2366/2366/1804 2367/2367/1804 2359/2359/1804 2365/2365/1804
f 2368/2368/1805 2369/2369/1805 2359/2359/1805 2367/2367/1805
f 2370/2370/1806 2371/2371/1806 2359/2359/1806 2369/2369/1806
f 2372/2372/1807 2373/2373/1807 2359/2359/1807 2371/2371/1807
f 2374/2374/1808 2375/2375/1808 2359/2359/1808 2373/2373/1808
f 2376/2376/1809 2377/2377/1809 2359/2359/1809 2375/2375/1809
f 2378/2378/1810 2379/2379/1810 2359/2359/1810 2377/2377/1810
f 1467/1467/1811 2020/2020/1811 2360/2360/1811 1897/1897/1811
f 2020/2020/1812 2021/2021/1812 2361/2361/1812 2360/2360/1812
f 1897/1897/1813 2360/2360/1813 2379/2379/1813 1898/1898/1813
f 1500/1500/1814 2023/2023/1814 2362/2362/1814 2022/2022/1814
f 2023/2023/1815 2024/2024/1815 2363/2363/1815 2362/2362/1815
f 2022/2022/1816 2362/2362/1816 2361/2361/1816 2021/2021/1816
f 1505/1505/1817 2026/2026/1817 2364/2364/1817 2025/2025/1817
f 2026/2026/1818 2027/2027/1818 2365/2365/1818 2364/2364/1818
f 2025/2025/1819 2364/2364/1819 2363/2363/1819 2024/2024/1819
f 1504/1504/1820 2029/2029/1820 2366/2366/1820 2028/2028/1820
f 2029/2029/1821 2030/2030/1821 2367/2367/1821 2366/2366/1821
f 2028/2028/1822 2366/2366/1822 2365/2365/1822 2027/2027/1822
f 1503/1503/1823 2032/2032/1823 2368/2368/1823 2031/2031/1823
f 2032/2032/1824 2033/2033/1824 2369/2369/1824 2368/2368/1824
f 2031/2031/1825 2368/2368/1825 2367/2367/1825 2030/2030/1825
f 1502/1502/1826 2035/2035/1826 2370/2370/1826 2034/2034/1826
f 2035/2035/1827 2036/2036/1827 2371/2371/1827 2370/2370/1827
f 2034/2034/1828 2370/2370/1828 2369/2369/1828 2033/2033/1828
f 1501/1501/1829 2038/2038/1829 2372/2372/1829 2037/2037/1829
f 2038/2038/1830 2039/2039/1830 2373/2373/1830 2372/2372/1830
f 2037/2037/1831 2372/2372/1831 2371/2371/1831 2036/2036/1831
f 1499/1499/1832 2041/2041/1832 2374/2374/1832 2040/2040/1832
f 2041/2041/1833 2042/2042/1833 2375/2375/1833 2374/2374/1833
f 2040/2040/1834 2374/2374/1834 2373/2373/1834 2039/2039/1834
f 1436/1436/1835 1894/1894/1835 2376/2376/1835 2043/2043/1835
f 1894/1894/1836 1895/1895/1836 2377/2377/1836 2376/2376/1836
f 2043/2043/1837 2376/2376/1837 2375/2375/1837 2042/2042/1837
f 1475/1475/1838 1899/1899/1838 2378/2378/1838 1896/1896/1838
f 1899/1899/1839 1898/1898/1839 2379/2379/1839 2378/2378/1839
f 1896/1896/1840 2378/2378/1840 2377/2377/1840 1895/1895/1840
f 2380/2380/1841 2381/2381/1841 2384/2384/1841 2383/2383/1841
f 2381/2381/1842 2382/2382/1842 2385/2385/1842 2384/2384/1842
f 2383/2383/1843 2384/2384/1843 2387/2387/1843 2386/2386/1843
f 2384/2384/1844 2385/2385/1844 2388/2388/1844 2387/2387/1844
f 1405/1405/1845 1548/1548/1845 2380/2380/1845 1542/1542/1845
f 1548/1548/1846 1547/1547/1846 2381/2381/1846 2380/2380/1846
f 1547/1547/1847 1546/1546/1847 2382/2382/1847 2381/2381/1847
f 1546/1546/1848 1442/1442/1848 1750/1750/1848 2382/2382/1848
f 2382/2382/1849 1750/1750/1849 1751/1751/1849 2385/2385/1849
f 2385/2385/1850 1751/1751/1850 1752/1752/1850 2388/2388/1850
f 2388/2388/1851 1752/1752/1851 1447/1447/1851 1687/1687/1851
f 2387/2387/1852 2388/2388/1852 1687/1687/1852 1688/1688/1852
f 2386/2386/1853 2387/2387/1853 1688/1688/1853 1689/1689/1853
f 1540/1540/1854 2386/2386/1854 1689/1689/1854 1432/1432/1854
f 1541/1541/1855 2383/2383/1855 2386/2386/1855 1540/1540/1855
f 1542/1542/1856 2380/2380/1856 2383/2383/1856 1541/1541/1856
f 2389/2389/1857 2390/2390/1857 2393/2393/1857 2392/2392/1857
f 2390/2390/1858 2391/2391/1858 2394/2394/1858 2393/2393/1858
f 2392/2392/1859 2393/2393/1859 2396/2396/1859 2395/2395/1859
f 2393/2393/1860 2394/2394/1860 2397/2397/1860 2396/2396/1860
f 2764/2764/1861 2785/2785/1861 2389/2389/1861 1515/1515/1861
f 2785/2785/1862 2786/2786/1862 2390/2390/1862 2389/2389/1862
f 2786/2786/1863 2787/2787/1863 2391/2391/1863 2390/2390/1863
f 2787/2787/1864 2769/2769/1864 1753/1753/1864 2391/2391/1864
f 2391/2391/1865 1753/1753/1865 1754/1754/1865 2394/2394/1865
f 2394/2394/1866 1754/1754/1866 1755/1755/1866 2397/2397/1866
f 2397/2397/1867 1755/1755/1867 1446/1446/1867 1663/1663/1867
f 2396/2396/1868 2397/2397/1868 1663/1663/1868 1664/1664/1868
f 2395/2395/1869 2396/2396/1869 1664/1664/1869 1665/1665/1869
f 1513/1513/1870 2395/2395/1870 1665/1665/1870 1425/1425/1870
f 1514/1514/1871 2392/2392/1871 2395/2395/1871 1513/1513/1871
f 1515/1515/1872 2389/2389/1872 2392/2392/1872 1514/1514/1872
f 2398/2398/1873 2399/2399/1873 2402/2402/1873 2401/2401/1873
f 2399/2399/1874 2400/2400/1874 2403/2403/1874 2402/2402/1874
f 2401/2401/1875 2402/2402/1875 2405/2405/1875 2404/2404/1875
f 2402/2402/1876 2403/2403/1876 2406/2406/1876 2405/2405/1876
f 1476/1476/1877 1959/1959/1877 2398/2398/1877 1923/1923/1877
f 1959/1959/1878 1958/1958/1878 2399/2399/1878 2398/2398/1878
f 1958/1958/1879 1957/1957/1879 2400/2400/1879 2399/2399/1879
f 1957/1957/1880 1481/1481/1880 1756/1756/1880 2400/2400/1880
f 2400/2400/1881 1756/1756/1881 1757/1757/1881 2403/2403/1881
f 2403/2403/1882 1757/1757/1882 1758/1758/1882 2406/2406/1882
f 2406/2406/1883 1758/1758/1883 1445/1445/1883 1636/1636/1883
f 2405/2405/1884 2406/2406/1884 1636/1636/1884 1637/1637/1884
f 2404/2404/1885 2405/2405/1885 1637/1637/1885 1638/1638/1885
f 1921/1921/1886 2404/2404/1886 1638/1638/1886 1424/1424/1886
f 1922/1922/1887 2401/2401/1887 2404/2404/1887 1921/1921/1887
f 1923/1923/1888 2398/2398/1888 2401/2401/1888 1922/1922/1888
f 2407/2407/1889 2408/2408/1889 2411/2411/1889 2410/2410/1889
f 2408/2408/1890 2409/2409/1890 2412/2412/1890 2411/2411/1890
f 2410/2410/1891 2411/2411/1891 2414/2414/1891 2413/2413/1891
f 2411/2411/1892 2412/2412/1892 2415/2415/1892 2414/2414/1892
f 1435/1435/1893 1722/1722/1893 2407/2407/1893 1701/1701/1893
f 1722/1722/1894 1721/1721/1894 2408/2408/1894 2407/2407/1894
f 1721/1721/1895 1720/1720/1895 2409/2409/1895 2408/2408/1895
f 1720/1720/1896 1448/1448/1896 1759/1759/1896 2409/2409/1896
f 2409/2409/1897 1759/1759/1897 1760/1760/1897 2412/2412/1897
f 2412/2412/1898 1760/1760/1898 1761/1761/1898 2415/2415/1898
f 2415/2415/1899 1761/1761/1899 1444/1444/1899 1609/1609/1899
f 2414/2414/1900 2415/2415/1900 1609/1609/1900 1610/1610/1900
f 2413/2413/1901 2414/2414/1901 1610/1610/1901 1611/1611/1901
f 1699/1699/1902 2413/2413/1902 1611/1611/1902 1415/1415/1902
f 1700/1700/1903 2410/2410/1903 2413/2413/1903 1699/1699/1903
f 1701/1701/1904 2407/2407/1904 2410/2410/1904 1700/1700/1904
f 2416/2416/1905 2417/2417/1905 2420/2420/1905 2419/2419/1905
f 2417/2417/1906 2418/2418/1906 2421/2421/1906 2420/2420/1906
f 2419/2419/1907 2420/2420/1907 2423/2423/1907 2422/2422/1907
f 2420/2420/1908 2421/2421/1908 2424/2424/1908 2423/2423/1908
f 1424/1424/1909 1638/1638/1909 2416/2416/1909 1635/1635/1909
f 1638/1638/1910 1637/1637/1910 2417/2417/1910 2416/2416/1910
f 1637/1637/1911 1636/1636/1911 2418/2418/1911 2417/2417/1911
f 1636/1636/1912 1445/1445/1912 1762/1762/1912 2418/2418/1912
f 2418/2418/1913 1762/1762/1913 1763/1763/1913 2421/2421/1913
f 2421/2421/1914 1763/1763/1914 1764/1764/1914 2424/2424/1914
f 2424/2424/1915 1764/1764/1915 1441/1441/1915 1519/1519/1915
f 2423/2423/1916 2424/2424/1916 1519/1519/1916 1520/1520/1916
f 2422/2422/1917 2423/2423/1917 1520/1520/1917 1521/1521/1917
f 1633/1633/1918 2422/2422/1918 1521/1521/1918 1399/1399/1918
f 1634/1634/1919 2419/2419/1919 2422/2422/1919 1633/1633/1919
f 1635/1635/1920 2416/2416/1920 2419/2419/1920 1634/1634/1920
f 2425/2425/1921 2426/2426/1921 2429/2429/1921 2428/2428/1921
f 2426/2426/1922 2427/2427/1922 2430/2430/1922 2429/2429/1922
f 2428/2428/1923 2429/2429/1923 2432/2432/1923 2431/2431/1923
f 2429/2429/1924 2430/2430/1924 2433/2433/1924 2432/2432/1924
f 1425/1425/1925 1665/1665/1925 2425/2425/1925 1650/1650/1925
f 1665/1665/1926 1664/1664/1926 2426/2426/1926 2425/2425/1926
f 1664/1664/1927 1663/1663/1927 2427/2427/1927 2426/2426/1927
f 1663/1663/1928 1446/1446/1928 1768/1768/1928 2427/2427/1928
f 2427/2427/1929 1768/1768/1929 1769/1769/1929 2430/2430/1929
f 2430/2430/1930 1769/1769/1930 1770/1770/1930 2433/2433/1930
f 2433/2433/1931 1770/1770/1931 1442/1442/1931 1546/1546/1931
f 2432/2432/1932 2433/2433/1932 1546/1546/1932 1547/1547/1932
f 2431/2431/1933 2432/2432/1933 1547/1547/1933 1548/1548/1933
f 1648/1648/1934 2431/2431/1934 1548/1548/1934 1405/1405/1934
f 1649/1649/1935 2428/2428/1935 2431/2431/1935 1648/1648/1935
f 1650/1650/1936 2425/2425/1936 2428/2428/1936 1649/1649/1936
f 2434/2434/1937 2435/2435/1937 2438/2438/1937 2437/2437/1937
f 2435/2435/1938 2436/2436/1938 2439/2439/1938 2438/2438/1938
f 2437/2437/1939 2438/2438/1939 2441/2441/1939 2440/2440/1939
f 2438/2438/1940 2439/2439/1940 2442/2442/1940 2441/2441/1940
f 1413/1413/1941 1771/1771/1941 2434/2434/1941 1708/1708/1941
f 1771/1771/1942 1772/1772/1942 2435/2435/1942 2434/2434/1942
f 1772/1772/1943 1773/1773/1943 2436/2436/1943 2435/2435/1943
f 1773/1773/1944 1449/1449/1944 1798/1798/1944 2436/2436/1944
f 2436/2436/1945 1798/1798/1945 1799/1799/1945 2439/2439/1945
f 2439/2439/1946 1799/1799/1946 1800/1800/1946 2442/2442/1946
f 2442/2442/1947 1800/1800/1947 1457/1457/1947 1714/1714/1947
f 2441/2441/1948 2442/2442/1948 1714/1714/1948 1715/1715/1948
f 2440/2440/1949 2441/2441/1949 1715/1715/1949 1716/1716/1949
f 1710/1710/1950 2440/2440/1950 1716/1716/1950 1439/1439/1950
f 1709/1709/1951 2437/2437/1951 2440/2440/1951 1710/1710/1951
f 1708/1708/1952 2434/2434/1952 2437/2437/1952 1709/1709/1952
f 2443/2443/1953 2444/2444/1953 2447/2447/1953 2446/2446/1953
f 2444/2444/1954 2445/2445/1954 2448/2448/1954 2447/2447/1954
f 2446/2446/1955 2447/2447/1955 2450/2450/1955 2449/2449/1955
f 2447/2447/1956 2448/2448/1956 2451/2451/1956 2450/2450/1956
f 1414/1414/1957 1584/1584/1957 2443/2443/1957 1684/1684/1957
f 1584/1584/1958 1583/1583/1958 2444/2444/1958 2443/2443/1958
f 1583/1583/1959 1582/1582/1959 2445/2445/1959 2444/2444/1959
f 1582/1582/1960 1452/1452/1960 1801/1801/1960 2445/2445/1960
f 2445/2445/1961 1801/1801/1961 1802/1802/1961 2448/2448/1961
f 2448/2448/1962 1802/1802/1962 1803/1803/1962 2451/2451/1962
f 2451/2451/1963 1803/1803/1963 1456/1456/1963 1693/1693/1963
f 2450/2450/1964 2451/2451/1964 1693/1693/1964 1694/1694/1964
f 2449/2449/1965 2450/2450/1965 1694/1694/1965 1695/1695/1965
f 1686/1686/1966 2449/2449/1966 1695/1695/1966 1434/1434/1966
f 1685/1685/1967 2446/2446/1967 2449/2449/1967 1686/1686/1967
f 1684/1684/1968 2443/2443/1968 2446/2446/1968 1685/1685/1968
f 2452/2452/1969 2453/2453/1969 2456/2456/1969 2455/2455/1969
f 2453/2453/1970 2454/2454/1970 2457/2457/1970 2456/2456/1970
f 2455/2455/1971 2456/2456/1971 2459/2459/1971 2458/2458/1971
f 2456/2456/1972 2457/2457/1972 2460/2460/1972 2459/2459/1972
f 2768/2768/1973 2788/2788/1973 2452/2452/1973 1660/1660/1973
f 2788/2788/1974 2789/2789/1974 2453/2453/1974 2452/2452/1974
f 2789/2789/1975 2790/2790/1975 2454/2454/1975 2453/2453/1975
f 2790/2790/1976 2770/2770/1976 1804/1804/1976 2454/2454/1976
f 2454/2454/1977 1804/1804/1977 1805/1805/1977 2457/2457/1977
f 2457/2457/1978 1805/1805/1978 1806/1806/1978 2460/2460/1978
f 2460/2460/1979 1806/1806/1979 1455/1455/1979 1672/1672/1979
f 2459/2459/1980 2460/2460/1980 1672/1672/1980 1673/1673/1980
f 2458/2458/1981 2459/2459/1981 1673/1673/1981 1674/1674/1981
f 1662/1662/1982 2458/2458/1982 1674/1674/1982 1429/1429/1982
f 1661/1661/1983 2455/2455/1983 2458/2458/1983 1662/1662/1983
f 1660/1660/1984 2452/2452/1984 2455/2455/1984 1661/1661/1984
f 2461/2461/1985 2462/2462/1985 2465/2465/1985 2464/2464/1985
f 2462/2462/1986 2463/2463/1986 2466/2466/1986 2465/2465/1986
f 2464/2464/1987 2465/2465/1987 2468/2468/1987 2467/2467/1987
f 2465/2465/1988 2466/2466/1988 2469/2469/1988 2468/2468/1988
f 1480/1480/1989 1956/1956/1989 2461/2461/1989 1630/1630/1989
f 1956/1956/1990 1955/1955/1990 2462/2462/1990 2461/2461/1990
f 1955/1955/1991 1954/1954/1991 2463/2463/1991 2462/2462/1991
f 1954/1954/1992 1482/1482/1992 1807/1807/1992 2463/2463/1992
f 2463/2463/1993 1807/1807/1993 1808/1808/1993 2466/2466/1993
f 2466/2466/1994 1808/1808/1994 1809/1809/1994 2469/2469/1994
f 2469/2469/1995 1809/1809/1995 1454/1454/1995 1642/1642/1995
f 2468/2468/1996 2469/2469/1996 1642/1642/1996 1643/1643/1996
f 2467/2467/1997 2468/2468/1997 1643/1643/1997 1644/1644/1997
f 1632/1632/1998 2467/2467/1998 1644/1644/1998 1423/1423/1998
f 1631/1631/1999 2464/2464/1999 2467/2467/1999 1632/1632/1999
f 1630/1630/2000 2461/2461/2000 2464/2464/2000 1631/1631/2000
f 2470/2470/2001 2471/2471/2001 2474/2474/2001 2473/2473/2001
f 2471/2471/2002 2472/2472/2002 2475/2475/2002 2474/2474/2002
f 2473/2473/2003 2474/2474/2003 2477/2477/2003 2476/2476/2003
f 2474/2474/2004 2475/2475/2004 2478/2478/2004 2477/2477/2004
f 1439/1439/2005 1716/1716/2005 2470/2470/2005 1606/1606/2005
f 1716/1716/2006 1715/1715/2006 2471/2471/2006 2470/2470/2006
f 1715/1715/2007 1714/1714/2007 2472/2472/2007 2471/2471/2007
f 1714/1714/2008 1457/1457/2008 1810/1810/2008 2472/2472/2008
f 2472/2472/2009 1810/1810/2009 1811/1811/2009 2475/2475/2009
f 2475/2475/2010 1811/1811/2010 1812/1812/2010 2478/2478/2010
f 2478/2478/2011 1812/1812/2011 1453/1453/2011 1615/1615/2011
f 2477/2477/2012 2478/2478/2012 1615/1615/2012 1616/1616/2012
f 2476/2476/2013 2477/2477/2013 1616/1616/2013 1617/1617/2013
f 1608/1608/2014 2476/2476/2014 1617/1617/2014 1419/1419/2014
f 1607/1607/2015 2473/2473/2015 2476/2476/2015 1608/1608/2015
f 1606/1606/2016 2470/2470/2016 2473/2473/2016 1607/1607/2016
f 2479/2479/2017 2480/2480/2017 2483/2483/2017 2482/2482/2017
f 2480/2480/2018 2481/2481/2018 2484/2484/2018 2483/2483/2018
f 2482/2482/2019 2483/2483/2019 2486/2486/2019 2485/2485/2019
f 2483/2483/2020 2484/2484/2020 2487/2487/2020 2486/2486/2020
f 1429/1429/2021 1674/1674/2021 2479/2479/2021 1585/1585/2021
f 1674/1674/2022 1673/1673/2022 2480/2480/2022 2479/2479/2022
f 1673/1673/2023 1672/1672/2023 2481/2481/2023 2480/2480/2023
f 1672/1672/2024 1455/1455/2024 1813/1813/2024 2481/2481/2024
f 2481/2481/2025 1813/1813/2025 1814/1814/2025 2484/2484/2025
f 2484/2484/2026 1814/1814/2026 1815/1815/2026 2487/2487/2026
f 2487/2487/2027 1815/1815/2027 1452/1452/2027 1582/1582/2027
f 2486/2486/2028 2487/2487/2028 1582/1582/2028 1583/1583/2028
f 2485/2485/2029 2486/2486/2029 1583/1583/2029 1584/1584/2029
f 1587/1587/2030 2485/2485/2030 1584/1584/2030 1414/1414/2030
f 1586/1586/2031 2482/2482/2031 2485/2485/2031 1587/1587/2031
f 1585/1585/2032 2479/2479/2032 2482/2482/2032 1586/1586/2032
f 2488/2488/2033 2489/2489/2033 2492/2492/2033 2491/2491/2033
f 2489/2489/2034 2490/2490/2034 2493/2493/2034 2492/2492/2034
f 2491/2491/2035 2492/2492/2035 2495/2495/2035 2494/2494/2035
f 2492/2492/2036 2493/2493/2036 2496/2496/2036 2495/2495/2036
f 1434/1434/2037 1695/1695/2037 2488/2488/2037 1588/1588/2037
f 1695/1695/2038 1694/1694/2038 2489/2489/2038 2488/2488/2038
f 1694/1694/2039 1693/1693/2039 2490/2490/2039 2489/2489/2039
f 1693/1693/2040 1456/1456/2040 1816/1816/2040 2490/2490/2040
f 2490/2490/2041 1816/1816/2041 1817/1817/2041 2493/2493/2041
f 2493/2493/2042 1817/1817/2042 1818/1818/2042 2496/2496/2042
f 2496/2496/2043 1818/1818/2043 1450/1450/2043 1573/1573/2043
f 2495/2495/2044 2496/2496/2044 1573/1573/2044 1574/1574/2044
f 2494/2494/2045 2495/2495/2045 1574/1574/2045 1575/1575/2045
f 1590/1590/2046 2494/2494/2046 1575/1575/2046 1411/1411/2046
f 1589/1589/2047 2491/2491/2047 2494/2494/2047 1590/1590/2047
f 1588/1588/2048 2488/2488/2048 2491/2491/2048 1589/1589/2048
f 2497/2497/2049 2498/2498/2049 2501/2501/2049 2500/2500/2049
f 2498/2498/2050 2499/2499/2050 2502/2502/2050 2501/2501/2050
f 2500/2500/2051 2501/2501/2051 2504/2504/2051 2503/2503/2051
f 2501/2501/2052 2502/2502/2052 2505/2505/2052 2504/2504/2052
f 1423/1423/2053 1644/1644/2053 2497/2497/2053 1591/1591/2053
f 1644/1644/2054 1643/1643/2054 2498/2498/2054 2497/2497/2054
f 1643/1643/2055 1642/1642/2055 2499/2499/2055 2498/2498/2055
f 1642/1642/2056 1454/1454/2056 1819/1819/2056 2499/2499/2056
f 2499/2499/2057 1819/1819/2057 1820/1820/2057 2502/2502/2057
f 2502/2502/2058 1820/1820/2058 1821/1821/2058 2505/2505/2058
f 2505/2505/2059 1821/1821/2059 1451/1451/2059 1576/1576/2059
f 2504/2504/2060 2505/2505/2060 1576/1576/2060 1577/1577/2060
f 2503/2503/2061 2504/2504/2061 1577/1577/2061 1578/1578/2061
f 1593/1593/2062 2503/2503/2062 1578/1578/2062 1412/1412/2062
f 1592/1592/2063 2500/2500/2063 2503/2503/2063 1593/1593/2063
f 1591/1591/2064 2497/2497/2064 2500/2500/2064 1592/1592/2064
f 2506/2506/2065 2507/2507/2065 2510/2510/2065 2509/2509/2065
f 2507/2507/2066 2508/2508/2066 2511/2511/2066 2510/2510/2066
f 2509/2509/2067 2510/2510/2067 2513/2513/2067 2512/2512/2067
f 2510/2510/2068 2511/2511/2068 2514/2514/2068 2513/2513/2068
f 1401/1401/2069 1831/1831/2069 2506/2506/2069 1702/1702/2069
f 1831/1831/2070 1832/1832/2070 2507/2507/2070 2506/2506/2070
f 1832/1832/2071 1833/1833/2071 2508/2508/2071 2507/2507/2071
f 1833/1833/2072 1461/1461/2072 1849/1849/2072 2508/2508/2072
f 2508/2508/2073 1849/1849/2073 1850/1850/2073 2511/2511/2073
f 2511/2511/2074 1850/1850/2074 1851/1851/2074 2514/2514/2074
f 2514/2514/2075 1851/1851/2075 1466/1466/2075 1717/1717/2075
f 2513/2513/2076 2514/2514/2076 1717/1717/2076 1718/1718/2076
f 2512/2512/2077 2513/2513/2077 1718/1718/2077 1719/1719/2077
f 1704/1704/2078 2512/2512/2078 1719/1719/2078 1437/1437/2078
f 1703/1703/2079 2509/2509/2079 2512/2512/2079 1704/1704/2079
f 1702/1702/2080 2506/2506/2080 2509/2509/2080 1703/1703/2080
f 2515/2515/2081 2516/2516/2081 2519/2519/2081 2518/2518/2081
f 2516/2516/2082 2517/2517/2082 2520/2520/2082 2519/2519/2082
f 2518/2518/2083 2519/2519/2083 2522/2522/2083 2521/2521/2083
f 2519/2519/2084 2520/2520/2084 2523/2523/2084 2522/2522/2084
f 1406/1406/2085 1551/1551/2085 2515/2515/2085 1678/1678/2085
f 1551/1551/2086 1550/1550/2086 2516/2516/2086 2515/2515/2086
f 1550/1550/2087 1549/1549/2087 2517/2517/2087 2516/2516/2087
f 1549/1549/2088 1460/1460/2088 1852/1852/2088 2517/2517/2088
f 2517/2517/2089 1852/1852/2089 1853/1853/2089 2520/2520/2089
f 2520/2520/2090 1853/1853/2090 1854/1854/2090 2523/2523/2090
f 2523/2523/2091 1854/1854/2091 1465/1465/2091 1690/1690/2091
f 2522/2522/2092 2523/2523/2092 1690/1690/2092 1691/1691/2092
f 2521/2521/2093 2522/2522/2093 1691/1691/2093 1692/1692/2093
f 1680/1680/2094 2521/2521/2094 1692/1692/2094 1431/1431/2094
f 1679/1679/2095 2518/2518/2095 2521/2521/2095 1680/1680/2095
f 1678/1678/2096 2515/2515/2096 2518/2518/2096 1679/1679/2096
f 2524/2524/2097 2525/2525/2097 2528/2528/2097 2527/2527/2097
f 2525/2525/2098 2526/2526/2098 2529/2529/2098 2528/2528/2098
f 2527/2527/2099 2528/2528/2099 2531/2531/2099 2530/2530/2099
f 2528/2528/2100 2529/2529/2100 2532/2532/2100 2531/2531/2100
f 2766/2766/2101 2791/2791/2101 2524/2524/2101 1654/1654/2101
f 2791/2791/2102 2792/2792/2102 2525/2525/2102 2524/2524/2102
f 2792/2792/2103 2793/2793/2103 2526/2526/2103 2525/2525/2103
f 2793/2793/2104 2771/2771/2104 1855/1855/2104 2526/2526/2104
f 2526/2526/2105 1855/1855/2105 1856/1856/2105 2529/2529/2105
f 2529/2529/2106 1856/1856/2106 1857/1857/2106 2532/2532/2106
f 2532/2532/2107 1857/1857/2107 1464/1464/2107 1666/1666/2107
f 2531/2531/2108 2532/2532/2108 1666/1666/2108 1667/1667/2108
f 2530/2530/2109 2531/2531/2109 1667/1667/2109 1668/1668/2109
f 1656/1656/2110 2530/2530/2110 1668/1668/2110 1427/1427/2110
f 1655/1655/2111 2527/2527/2111 2530/2530/2111 1656/1656/2111
f 1654/1654/2112 2524/2524/2112 2527/2527/2112 1655/1655/2112
f 2533/2533/2113 2534/2534/2113 2537/2537/2113 2536/2536/2113
f 2534/2534/2114 2535/2535/2114 2538/2538/2114 2537/2537/2114
f 2536/2536/2115 2537/2537/2115 2540/2540/2115 2539/2539/2115
f 2537/2537/2116 2538/2538/2116 2541/2541/2116 2540/2540/2116
f 1478/1478/2117 1953/1953/2117 2533/2533/2117 1624/1624/2117
f 1953/1953/2118 1952/1952/2118 2534/2534/2118 2533/2533/2118
f 1952/1952/2119 1951/1951/2119 2535/2535/2119 2534/2534/2119
f 1951/1951/2120 1483/1483/2120 1858/1858/2120 2535/2535/2120
f 2535/2535/2121 1858/1858/2121 1859/1859/2121 2538/2538/2121
f 2538/2538/2122 1859/1859/2122 1860/1860/2122 2541/2541/2122
f 2541/2541/2123 1860/1860/2123 1463/1463/2123 1639/1639/2123
f 2540/2540/2124 2541/2541/2124 1639/1639/2124 1640/1640/2124
f 2539/2539/2125 2540/2540/2125 1640/1640/2125 1641/1641/2125
f 1626/1626/2126 2539/2539/2126 1641/1641/2126 1421/1421/2126
f 1625/1625/2127 2536/2536/2127 2539/2539/2127 1626/1626/2127
f 1624/1624/2128 2533/2533/2128 2536/2536/2128 1625/1625/2128
f 2542/2542/2129 2543/2543/2129 2546/2546/2129 2545/2545/2129
f 2543/2543/2130 2544/2544/2130 2547/2547/2130 2546/2546/2130
f 2545/2545/2131 2546/2546/2131 2549/2549/2131 2548/2548/2131
f 2546/2546/2132 2547/2547/2132 2550/2550/2132 2549/2549/2132
f 1437/1437/2133 1719/1719/2133 2542/2542/2133 1600/1600/2133
f 1719/1719/2134 1718/1718/2134 2543/2543/2134 2542/2542/2134
f 1718/1718/2135 1717/1717/2135 2544/2544/2135 2543/2543/2135
f 1717/1717/2136 1466/1466/2136 1861/1861/2136 2544/2544/2136
f 2544/2544/2137 1861/1861/2137 1862/1862/2137 2547/2547/2137
f 2547/2547/2138 1862/1862/2138 1863/1863/2138 2550/2550/2138
f 2550/2550/2139 1863/1863/2139 1462/1462/2139 1612/1612/2139
f 2549/2549/2140 2550/2550/2140 1612/1612/2140 1613/1613/2140
f 2548/2548/2141 2549/2549/2141 1613/1613/2141 1614/1614/2141
f 1602/1602/2142 2548/2548/2142 1614/1614/2142 1417/1417/2142
f 1601/1601/2143 2545/2545/2143 2548/2548/2143 1602/1602/2143
f 1600/1600/2144 2542/2542/2144 2545/2545/2144 1601/1601/2144
f 2551/2551/2145 2552/2552/2145 2555/2555/2145 2554/2554/2145
f 2552/2552/2146 2553/2553/2146 2556/2556/2146 2555/2555/2146
f 2554/2554/2147 2555/2555/2147 2558/2558/2147 2557/2557/2147
f 2555/2555/2148 2556/2556/2148 2559/2559/2148 2558/2558/2148
f 1431/1431/2149 1692/1692/2149 2551/2551/2149 1534/1534/2149
f 1692/1692/2150 1691/1691/2150 2552/2552/2150 2551/2551/2150
f 1691/1691/2151 1690/1690/2151 2553/2553/2151 2552/2552/2151
f 1690/1690/2152 1465/1465/2152 1864/1864/2152 2553/2553/2152
f 2553/2553/2153 1864/1864/2153 1865/1865/2153 2556/2556/2153
f 2556/2556/2154 1865/1865/2154 1866/1866/2154 2559/2559/2154
f 2559/2559/2155 1866/1866/2155 1458/1458/2155 1525/1525/2155
f 2558/2558/2156 2559/2559/2156 1525/1525/2156 1526/1526/2156
f 2557/2557/2157 2558/2558/2157 1526/1526/2157 1527/1527/2157
f 1536/1536/2158 2557/2557/2158 1527/1527/2158 1402/1402/2158
f 1535/1535/2159 2554/2554/2159 2557/2557/2159 1536/1536/2159
f 1534/1534/2160 2551/2551/2160 2554/2554/2160 1535/1535/2160
f 2560/2560/2161 2561/2561/2161 2564/2564/2161 2563/2563/2161
f 2561/2561/2162 2562/2562/2162 2565/2565/2162 2564/2564/2162
f 2563/2563/2163 2564/2564/2163 2567/2567/2163 2566/2566/2163
f 2564/2564/2164 2565/2565/2164 2568/2568/2164 2567/2567/2164
f 1421/1421/2165 1641/1641/2165 2560/2560/2165 1531/1531/2165
f 1641/1641/2166 1640/1640/2166 2561/2561/2166 2560/2560/2166
f 1640/1640/2167 1639/1639/2167 2562/2562/2167 2561/2561/2167
f 1639/1639/2168 1463/1463/2168 1867/1867/2168 2562/2562/2168
f 2562/2562/2169 1867/1867/2169 1868/1868/2169 2565/2565/2169
f 2565/2565/2170 1868/1868/2170 1869/1869/2170 2568/2568/2170
f 2568/2568/2171 1869/1869/2171 1459/1459/2171 1528/1528/2171
f 2567/2567/2172 2568/2568/2172 1528/1528/2172 1529/1529/2172
f 2566/2566/2173 2567/2567/2173 1529/1529/2173 1530/1530/2173
f 1533/1533/2174 2566/2566/2174 1530/1530/2174 1403/1403/2174
f 1532/1532/2175 2563/2563/2175 2566/2566/2175 1533/1533/2175
f 1531/1531/2176 2560/2560/2176 2563/2563/2176 1532/1532/2176
f 2569/2569/2177 2570/2570/2177 2573/2573/2177 2572/2572/2177
f 2570/2570/2178 2571/2571/2178 2574/2574/2178 2573/2573/2178
f 2572/2572/2179 2573/2573/2179 2576/2576/2179 2575/2575/2179
f 2573/2573/2180 2574/2574/2180 2577/2577/2180 2576/2576/2180
f 1427/1427/2181 1668/1668/2181 2569/2569/2181 1543/1543/2181
f 1668/1668/2182 1667/1667/2182 2570/2570/2182 2569/2569/2182
f 1667/1667/2183 1666/1666/2183 2571/2571/2183 2570/2570/2183
f 1666/1666/2184 1464/1464/2184 1870/1870/2184 2571/2571/2184
f 2571/2571/2185 1870/1870/2185 1871/1871/2185 2574/2574/2185
f 2574/2574/2186 1871/1871/2186 1872/1872/2186 2577/2577/2186
f 2577/2577/2187 1872/1872/2187 1460/1460/2187 1549/1549/2187
f 2576/2576/2188 2577/2577/2188 1549/1549/2188 1550/1550/2188
f 2575/2575/2189 2576/2576/2189 1550/1550/2189 1551/1551/2189
f 1545/1545/2190 2575/2575/2190 1551/1551/2190 1406/1406/2190
f 1544/1544/2191 2572/2572/2191 2575/2575/2191 1545/1545/2191
f 1543/1543/2192 2569/2569/2192 2572/2572/2192 1544/1544/2192
f 2578/2578/2193 2579/2579/2193 2582/2582/2193 2581/2581/2193
f 2579/2579/2194 2580/2580/2194 2583/2583/2194 2582/2582/2194
f 2581/2581/2195 2582/2582/2195 2585/2585/2195 2584/2584/2195
f 2582/2582/2196 2583/2583/2196 2586/2586/2196 2585/2585/2196
f 1407/1407/2197 1873/1873/2197 2578/2578/2197 1705/1705/2197
f 1873/1873/2198 1874/1874/2198 2579/2579/2198 2578/2578/2198
f 1874/1874/2199 1875/1875/2199 2580/2580/2199 2579/2579/2199
f 1875/1875/2200 1467/1467/2200 1897/1897/2200 2580/2580/2200
f 2580/2580/2201 1897/1897/2201 1898/1898/2201 2583/2583/2201
f 2583/2583/2202 1898/1898/2202 1899/1899/2202 2586/2586/2202
f 2586/2586/2203 1899/1899/2203 1475/1475/2203 1711/1711/2203
f 2585/2585/2204 2586/2586/2204 1711/1711/2204 1712/1712/2204
f 2584/2584/2205 2585/2585/2205 1712/1712/2205 1713/1713/2205
f 1707/1707/2206 2584/2584/2206 1713/1713/2206 1438/1438/2206
f 1706/1706/2207 2581/2581/2207 2584/2584/2207 1707/1707/2207
f 1705/1705/2208 2578/2578/2208 2581/2581/2208 1706/1706/2208
f 2587/2587/2209 2588/2588/2209 2591/2591/2209 2590/2590/2209
f 2588/2588/2210 2589/2589/2210 2592/2592/2210 2591/2591/2210
f 2590/2590/2211 2591/2591/2211 2594/2594/2211 2593/2593/2211
f 2591/2591/2212 2592/2592/2212 2595/2595/2212 2594/2594/2212
f 1410/1410/2213 1563/1563/2213 2587/2587/2213 1681/1681/2213
f 1563/1563/2214 1562/1562/2214 2588/2588/2214 2587/2587/2214
f 1562/1562/2215 1561/1561/2215 2589/2589/2215 2588/2588/2215
f 1561/1561/2216 1470/1470/2216 1900/1900/2216 2589/2589/2216
f 2589/2589/2217 1900/1900/2217 1901/1901/2217 2592/2592/2217
f 2592/2592/2218 1901/1901/2218 1902/1902/2218 2595/2595/2218
f 2595/2595/2219 1902/1902/2219 1474/1474/2219 1696/1696/2219
f 2594/2594/2220 2595/2595/2220 1696/1696/2220 1697/1697/2220
f 2593/2593/2221 2594/2594/2221 1697/1697/2221 1698/1698/2221
f 1683/1683/2222 2593/2593/2222 1698/1698/2222 1433/1433/2222
f 1682/1682/2223 2590/2590/2223 2593/2593/2223 1683/1683/2223
f 1681/1681/2224 2587/2587/2224 2590/2590/2224 1682/1682/2224
f 2596/2596/2225 2597/2597/2225 2600/2600/2225 2599/2599/2225
f 2597/2597/2226 2598/2598/2226 2601/2601/2226 2600/2600/2226
f 2599/2599/2227 2600/2600/2227 2603/2603/2227 2602/2602/2227
f 2600/2600/2228 2601/2601/2228 2604/2604/2228 2603/2603/2228
f 2767/2767/2229 2794/2794/2229 2596/2596/2229 1657/1657/2229
f 2794/2794/2230 2795/2795/2230 2597/2597/2230 2596/2596/2230
f 2795/2795/2231 2796/2796/2231 2598/2598/2231 2597/2597/2231
f 2796/2796/2232 2772/2772/2232 1903/1903/2232 2598/2598/2232
f 2598/2598/2233 1903/1903/2233 1904/1904/2233 2601/2601/2233
f 2601/2601/2234 1904/1904/2234 1905/1905/2234 2604/2604/2234
f 2604/2604/2235 1905/1905/2235 1473/1473/2235 1669/1669/2235
f 2603/2603/2236 2604/2604/2236 1669/1669/2236 1670/1670/2236
f 2602/2602/2237 2603/2603/2237 1670/1670/2237 1671/1671/2237
f 1659/1659/2238 2602/2602/2238 1671/1671/2238 1428/1428/2238
f 1658/1658/2239 2599/2599/2239 2602/2602/2239 1659/1659/2239
f 1657/1657/2240 2596/2596/2240 2599/2599/2240 1658/1658/2240
f 2605/2605/2241 2606/2606/2241 2609/2609/2241 2608/2608/2241
f 2606/2606/2242 2607/2607/2242 2610/2610/2242 2609/2609/2242
f 2608/2608/2243 2609/2609/2243 2612/2612/2243 2611/2611/2243
f 2609/2609/2244 2610/2610/2244 2613/2613/2244 2612/2612/2244
f 1479/1479/2245 1950/1950/2245 2605/2605/2245 1627/1627/2245
f 1950/1950/2246 1949/1949/2246 2606/2606/2246 2605/2605/2246
f 1949/1949/2247 1948/1948/2247 2607/2607/2247 2606/2606/2247
f 1948/1948/2248 1484/1484/2248 1906/1906/2248 2607/2607/2248
f 2607/2607/2249 1906/1906/2249 1907/1907/2249 2610/2610/2249
f 2610/2610/2250 1907/1907/2250 1908/1908/2250 2613/2613/2250
f 2613/2613/2251 1908/1908/2251 1472/1472/2251 1645/1645/2251
f 2612/2612/2252 2613/2613/2252 1645/1645/2252 1646/1646/2252
f 2611/2611/2253 2612/2612/2253 1646/1646/2253 1647/1647/2253
f 1629/1629/2254 2611/2611/2254 1647/1647/2254 1422/1422/2254
f 1628/1628/2255 2608/2608/2255 2611/2611/2255 1629/1629/2255
f 1627/1627/2256 2605/2605/2256 2608/2608/2256 1628/1628/2256
f 2614/2614/2257 2615/2615/2257 2618/2618/2257 2617/2617/2257
f 2615/2615/2258 2616/2616/2258 2619/2619/2258 2618/2618/2258
f 2617/2617/2259 2618/2618/2259 2621/2621/2259 2620/2620/2259
f 2618/2618/2260 2619/2619/2260 2622/2622/2260 2621/2621/2260
f 1438/1438/2261 1713/1713/2261 2614/2614/2261 1603/1603/2261
f 1713/1713/2262 1712/1712/2262 2615/2615/2262 2614/2614/2262
f 1712/1712/2263 1711/1711/2263 2616/2616/2263 2615/2615/2263
f 1711/1711/2264 1475/1475/2264 1909/1909/2264 2616/2616/2264
f 2616/2616/2265 1909/1909/2265 1910/1910/2265 2619/2619/2265
f 2619/2619/2266 1910/1910/2266 1911/1911/2266 2622/2622/2266
f 2622/2622/2267 1911/1911/2267 1471/1471/2267 1618/1618/2267
f 2621/2621/2268 2622/2622/2268 1618/1618/2268 1619/1619/2268
f 2620/2620/2269 2621/2621/2269 1619/1619/2269 1620/1620/2269
f 1605/1605/2270 2620/2620/2270 1620/1620/2270 1418/1418/2270
f 1604/1604/2271 2617/2617/2271 2620/2620/2271 1605/1605/2271
f 1603/1603/2272 2614/2614/2272 2617/2617/2272 1604/1604/2272
f 2623/2623/2273 2624/2624/2273 2627/2627/2273 2626/2626/2273
f 2624/2624/2274 2625/2625/2274 2628/2628/2274 2627/2627/2274
f 2626/2626/2275 2627/2627/2275 2630/2630/2275 2629/2629/2275
f 2627/2627/2276 2628/2628/2276 2631/2631/2276 2630/2630/2276
f 1428/1428/2277 1671/1671/2277 2623/2623/2277 1564/1564/2277
f 1671/1671/2278 1670/1670/2278 2624/2624/2278 2623/2623/2278
f 1670/1670/2279 1669/1669/2279 2625/2625/2279 2624/2624/2279
f 1669/1669/2280 1473/1473/2280 1912/1912/2280 2625/2625/2280
f 2625/2625/2281 1912/1912/2281 1913/1913/2281 2628/2628/2281
f 2628/2628/2282 1913/1913/2282 1914/1914/2282 2631/2631/2282
f 2631/2631/2283 1914/1914/2283 1470/1470/2283 1561/1561/2283
f 2630/2630/2284 2631/2631/2284 1561/1561/2284 1562/1562/2284
f 2629/2629/2285 2630/2630/2285 1562/1562/2285 1563/1563/2285
f 1566/1566/2286 2629/2629/2286 1563/1563/2286 1410/1410/2286
f 1565/1565/2287 2626/2626/2287 2629/2629/2287 1566/1566/2287
f 1564/1564/2288 2623/2623/2288 2626/2626/2288 1565/1565/2288
f 2632/2632/2289 2633/2633/2289 2636/2636/2289 2635/2635/2289
f 2633/2633/2290 2634/2634/2290 2637/2637/2290 2636/2636/2290
f 2635/2635/2291 2636/2636/2291 2639/2639/2291 2638/2638/2291
f 2636/2636/2292 2637/2637/2292 2640/2640/2292 2639/2639/2292
f 1422/1422/2293 1647/1647/2293 2632/2632/2293 1567/1567/2293
f 1647/1647/2294 1646/1646/2294 2633/2633/2294 2632/2632/2294
f 1646/1646/2295 1645/1645/2295 2634/2634/2295 2633/2633/2295
f 1645/1645/2296 1472/1472/2296 1915/1915/2296 2634/2634/2296
f 2634/2634/2297 1915/1915/2297 1916/1916/2297 2637/2637/2297
f 2637/2637/2298 1916/1916/2298 1917/1917/2298 2640/2640/2298
f 2640/2640/2299 1917/1917/2299 1469/1469/2299 1558/1558/2299
f 2639/2639/2300 2640/2640/2300 1558/1558/2300 1559/1559/2300
f 2638/2638/2301 2639/2639/2301 1559/1559/2301 1560/1560/2301
f 1569/1569/2302 2638/2638/2302 1560/1560/2302 1409/1409/2302
f 1568/1568/2303 2635/2635/2303 2638/2638/2303 1569/1569/2303
f 1567/1567/2304 2632/2632/2304 2635/2635/2304 1568/1568/2304
f 2641/2641/2305 2642/2642/2305 2645/2645/2305 2644/2644/2305
f 2642/2642/2306 2643/2643/2306 2646/2646/2306 2645/2645/2306
f 2644/2644/2307 2645/2645/2307 2648/2648/2307 2647/2647/2307
f 2645/2645/2308 2646/2646/2308 2649/2649/2308 2648/2648/2308
f 1433/1433/2309 1698/1698/2309 2641/2641/2309 1570/1570/2309
f 1698/1698/2310 1697/1697/2310 2642/2642/2310 2641/2641/2310
f 1697/1697/2311 1696/1696/2311 2643/2643/2311 2642/2642/2311
f 1696/1696/2312 1474/1474/2312 1918/1918/2312 2643/2643/2312
f 2643/2643/2313 1918/1918/2313 1919/1919/2313 2646/2646/2313
f 2646/2646/2314 1919/1919/2314 1920/1920/2314 2649/2649/2314
f 2649/2649/2315 1920/1920/2315 1468/1468/2315 1555/1555/2315
f 2648/2648/2316 2649/2649/2316 1555/1555/2316 1556/1556/2316
f 2647/2647/2317 2648/2648/2317 1556/1556/2317 1557/1557/2317
f 1572/1572/2318 2647/2647/2318 1557/1557/2318 1408/1408/2318
f 1571/1571/2319 2644/2644/2319 2647/2647/2319 1572/1572/2319
f 1570/1570/2320 2641/2641/2320 2644/2644/2320 1571/1571/2320
f 2650/2650/2321 2651/2651/2321 2654/2654/2321 2653/2653/2321
f 2651/2651/2322 2652/2652/2322 2655/2655/2322 2654/2654/2322
f 2653/2653/2323 2654/2654/2323 2657/2657/2323 2656/2656/2323
f 2654/2654/2324 2655/2655/2324 2658/2658/2324 2657/2657/2324
f 1418/1418/2325 1620/1620/2325 2650/2650/2325 1930/1930/2325
f 1620/1620/2326 1619/1619/2326 2651/2651/2326 2650/2650/2326
f 1619/1619/2327 1618/1618/2327 2652/2652/2327 2651/2651/2327
f 1618/1618/2328 1471/1471/2328 1945/1945/2328 2652/2652/2328
f 2652/2652/2329 1945/1945/2329 1946/1946/2329 2655/2655/2329
f 2655/2655/2330 1946/1946/2330 1947/1947/2330 2658/2658/2330
f 2658/2658/2331 1947/1947/2331 1484/1484/2331 1948/1948/2331
f 2657/2657/2332 2658/2658/2332 1948/1948/2332 1949/1949/2332
f 2656/2656/2333 2657/2657/2333 1949/1949/2333 1950/1950/2333
f 1932/1932/2334 2656/2656/2334 1950/1950/2334 1479/1479/2334
f 1931/1931/2335 2653/2653/2335 2656/2656/2335 1932/1932/2335
f 1930/1930/2336 2650/2650/2336 2653/2653/2336 1931/1931/2336
f 2659/2659/2337 2660/2660/2337 2663/2663/2337 2662/2662/2337
f 2660/2660/2338 2661/2661/2338 2664/2664/2338 2663/2663/2338
f 2662/2662/2339 2663/2663/2339 2666/2666/2339 2665/2665/2339
f 2663/2663/2340 2664/2664/2340 2667/2667/2340 2666/2666/2340
f 1417/1417/2341 1614/1614/2341 2659/2659/2341 1927/1927/2341
f 1614/1614/2342 1613/1613/2342 2660/2660/2342 2659/2659/2342
f 1613/1613/2343 1612/1612/2343 2661/2661/2343 2660/2660/2343
f 1612/1612/2344 1462/1462/2344 1942/1942/2344 2661/2661/2344
f 2661/2661/2345 1942/1942/2345 1943/1943/2345 2664/2664/2345
f 2664/2664/2346 1943/1943/2346 1944/1944/2346 2667/2667/2346
f 2667/2667/2347 1944/1944/2347 1483/1483/2347 1951/1951/2347
f 2666/2666/2348 2667/2667/2348 1951/1951/2348 1952/1952/2348
f 2665/2665/2349 2666/2666/2349 1952/1952/2349 1953/1953/2349
f 1929/1929/2350 2665/2665/2350 1953/1953/2350 1478/1478/2350
f 1928/1928/2351 2662/2662/2351 2665/2665/2351 1929/1929/2351
f 1927/1927/2352 2659/2659/2352 2662/2662/2352 1928/1928/2352
f 2668/2668/2353 2669/2669/2353 2672/2672/2353 2671/2671/2353
f 2669/2669/2354 2670/2670/2354 2673/2673/2354 2672/2672/2354
f 2671/2671/2355 2672/2672/2355 2675/2675/2355 2674/2674/2355
f 2672/2672/2356 2673/2673/2356 2676/2676/2356 2675/2675/2356
f 1419/1419/2357 1617/1617/2357 2668/2668/2357 1933/1933/2357
f 1617/1617/2358 1616/1616/2358 2669/2669/2358 2668/2668/2358
f 1616/1616/2359 1615/1615/2359 2670/2670/2359 2669/2669/2359
f 1615/1615/2360 1453/1453/2360 1939/1939/2360 2670/2670/2360
f 2670/2670/2361 1939/1939/2361 1940/1940/2361 2673/2673/2361
f 2673/2673/2362 1940/1940/2362 1941/1941/2362 2676/2676/2362
f 2676/2676/2363 1941/1941/2363 1482/1482/2363 1954/1954/2363
f 2675/2675/2364 2676/2676/2364 1954/1954/2364 1955/1955/2364
f 2674/2674/2365 2675/2675/2365 1955/1955/2365 1956/1956/2365
f 1935/1935/2366 2674/2674/2366 1956/1956/2366 1480/1480/2366
f 1934/1934/2367 2671/2671/2367 2674/2674/2367 1935/1935/2367
f 1933/1933/2368 2668/2668/2368 2671/2671/2368 1934/1934/2368
f 2677/2677/2369 2678/2678/2369 2681/2681/2369 2680/2680/2369
f 2678/2678/2370 2679/2679/2370 2682/2682/2370 2681/2681/2370
f 2680/2680/2371 2681/2681/2371 2684/2684/2371 2683/2683/2371
f 2681/2681/2372 2682/2682/2372 2685/2685/2372 2684/2684/2372
f 1415/1415/2373 1611/1611/2373 2677/2677/2373 1596/1596/2373
f 1611/1611/2374 1610/1610/2374 2678/2678/2374 2677/2677/2374
f 1610/1610/2375 1609/1609/2375 2679/2679/2375 2678/2678/2375
f 1609/1609/2376 1444/1444/2376 1936/1936/2376 2679/2679/2376
f 2679/2679/2377 1936/1936/2377 1937/1937/2377 2682/2682/2377
f 2682/2682/2378 1937/1937/2378 1938/1938/2378 2685/2685/2378
f 2685/2685/2379 1938/1938/2379 1481/1481/2379 1957/1957/2379
f 2684/2684/2380 2685/2685/2380 1957/1957/2380 1958/1958/2380
f 2683/2683/2381 2684/2684/2381 1958/1958/2381 1959/1959/2381
f 1594/1594/2382 2683/2683/2382 1959/1959/2382 1476/1476/2382
f 1595/1595/2383 2680/2680/2383 2683/2683/2383 1594/1594/2383
f 1596/1596/2384 2677/2677/2384 2680/2680/2384 1595/1595/2384
f 2686/2686/2385 2687/2687/2385 2690/2690/2385 2689/2689/2385
f 2687/2687/2386 2688/2688/2386 2691/2691/2386 2690/2690/2386
f 2689/2689/2387 2690/2690/2387 2693/2693/2387 2692/2692/2387
f 2690/2690/2388 2691/2691/2388 2694/2694/2388 2693/2693/2388
f 1471/1471/2389 1884/1884/2389 2686/2686/2389 1945/1945/2389
f 1884/1884/2390 1883/1883/2390 2687/2687/2390 2686/2686/2390
f 1883/1883/2391 1882/1882/2391 2688/2688/2391 2687/2687/2391
f 1882/1882/2392 1416/1416/2392 1924/1924/2392 2688/2688/2392
f 2688/2688/2393 1924/1924/2393 1925/1925/2393 2691/2691/2393
f 2691/2691/2394 1925/1925/2394 1926/1926/2394 2694/2694/2394
f 2694/2694/2395 1926/1926/2395 1477/1477/2395 1960/1960/2395
f 2693/2693/2396 2694/2694/2396 1960/1960/2396 1961/1961/2396
f 2692/2692/2397 2693/2693/2397 1961/1961/2397 1962/1962/2397
f 1947/1947/2398 2692/2692/2398 1962/1962/2398 1484/1484/2398
f 1946/1946/2399 2689/2689/2399 2692/2692/2399 1947/1947/2399
f 1945/1945/2400 2686/2686/2400 2689/2689/2400 1946/1946/2400
f 2695/2695/2401 2696/2696/2401 2699/2699/2401 2698/2698/2401
f 2696/2696/2402 2697/2697/2402 2700/2700/2402 2699/2699/2402
f 2698/2698/2403 2699/2699/2403 2702/2702/2403 2701/2701/2403
f 2699/2699/2404 2700/2700/2404 2703/2703/2404 2702/2702/2404
f 1453/1453/2405 1785/1785/2405 2695/2695/2405 1939/1939/2405
f 1785/1785/2406 1784/1784/2406 2696/2696/2406 2695/2695/2406
f 1784/1784/2407 1783/1783/2407 2697/2697/2407 2696/2696/2407
f 1783/1783/2408 1417/1417/2408 1927/1927/2408 2697/2697/2408
f 2697/2697/2409 1927/1927/2409 1928/1928/2409 2700/2700/2409
f 2700/2700/2410 1928/1928/2410 1929/1929/2410 2703/2703/2410
f 2703/2703/2411 1929/1929/2411 1478/1478/2411 1963/1963/2411
f 2702/2702/2412 2703/2703/2412 1963/1963/2412 1964/1964/2412
f 2701/2701/2413 2702/2702/2413 1964/1964/2413 1965/1965/2413
f 1941/1941/2414 2701/2701/2414 1965/1965/2414 1482/1482/2414
f 1940/1940/2415 2698/2698/2415 2701/2701/2415 1941/1941/2415
f 1939/1939/2416 2695/2695/2416 2698/2698/2416 1940/1940/2416
f 2704/2704/2417 2705/2705/2417 2708/2708/2417 2707/2707/2417
f 2705/2705/2418 2706/2706/2418 2709/2709/2418 2708/2708/2418
f 2707/2707/2419 2708/2708/2419 2711/2711/2419 2710/2710/2419
f 2708/2708/2420 2709/2709/2420 2712/2712/2420 2711/2711/2420
f 1462/1462/2421 1836/1836/2421 2704/2704/2421 1942/1942/2421
f 1836/1836/2422 1835/1835/2422 2705/2705/2422 2704/2704/2422
f 1835/1835/2423 1834/1834/2423 2706/2706/2423 2705/2705/2423
f 1834/1834/2424 1418/1418/2424 1930/1930/2424 2706/2706/2424
f 2706/2706/2425 1930/1930/2425 1931/1931/2425 2709/2709/2425
f 2709/2709/2426 1931/1931/2426 1932/1932/2426 2712/2712/2426
f 2712/2712/2427 1932/1932/2427 1479/1479/2427 1966/1966/2427
f 2711/2711/2428 2712/2712/2428 1966/1966/2428 1967/1967/2428
f 2710/2710/2429 2711/2711/2429 1967/1967/2429 1968/1968/2429
f 1944/1944/2430 2710/2710/2430 1968/1968/2430 1483/1483/2430
f 1943/1943/2431 2707/2707/2431 2710/2710/2431 1944/1944/2431
f 1942/1942/2432 2704/2704/2432 2707/2707/2432 1943/1943/2432
f 2713/2713/2433 2714/2714/2433 2717/2717/2433 2716/2716/2433
f 2714/2714/2434 2715/2715/2434 2718/2718/2434 2717/2717/2434
f 2716/2716/2435 2717/2717/2435 2720/2720/2435 2719/2719/2435
f 2717/2717/2436 2718/2718/2436 2721/2721/2436 2720/2720/2436
f 1444/1444/2437 1734/1734/2437 2713/2713/2437 1936/1936/2437
f 1734/1734/2438 1733/1733/2438 2714/2714/2438 2713/2713/2438
f 1733/1733/2439 1732/1732/2439 2715/2715/2439 2714/2714/2439
f 1732/1732/2440 1419/1419/2440 1933/1933/2440 2715/2715/2440
f 2715/2715/2441 1933/1933/2441 1934/1934/2441 2718/2718/2441
f 2718/2718/2442 1934/1934/2442 1935/1935/2442 2721/2721/2442
f 2721/2721/2443 1935/1935/2443 1480/1480/2443 1969/1969/2443
f 2720/2720/2444 2721/2721/2444 1969/1969/2444 1970/1970/2444
f 2719/2719/2445 2720/2720/2445 1970/1970/2445 1971/1971/2445
f 1938/1938/2446 2719/2719/2446 1971/1971/2446 1481/1481/2446
f 1937/1937/2447 2716/2716/2447 2719/2719/2447 1938/1938/2447
f 1936/1936/2448 2713/2713/2448 2716/2716/2448 1937/1937/2448
f 2723/2723/2449 2724/2724/2449 2722/2722/2449 2742/2742/2449
f 2725/2725/2450 2726/2726/2450 2722/2722/2450 2724/2724/2450
f 2727/2727/2451 2728/2728/2451 2722/2722/2451 2726/2726/2451
f 2729/2729/2452 2730/2730/2452 2722/2722/2452 2728/2728/2452
f 2731/2731/2453 2732/2732/2453 2722/2722/2453 2730/2730/2453
f 2733/2733/2454 2734/2734/2454 2722/2722/2454 2732/2732/2454
f 2735/2735/2455 2736/2736/2455 2722/2722/2455 2734/2734/2455
f 2737/2737/2456 2738/2738/2456 2722/2722/2456 2736/2736/2456
f 2739/2739/2457 2740/2740/2457 2722/2722/2457 2738/2738/2457
f 2741/2741/2458 2742/2742/2458 2722/2722/2458 2740/2740/2458
f 1432/1432/2459 1689/1689/2459 2723/2723/2459 1974/1974/2459
f 1689/1689/2460 1688/1688/2460 2724/2724/2460 2723/2723/2460
f 1974/1974/2461 2723/2723/2461 2742/2742/2461 1973/1973/2461
f 1447/1447/2462 1765/1765/2462 2725/2725/2462 1687/1687/2462
f 1765/1765/2463 1766/1766/2463 2726/2726/2463 2725/2725/2463
f 1687/1687/2464 2725/2725/2464 2724/2724/2464 1688/1688/2464
f 1440/1440/2465 1975/1975/2465 2727/2727/2465 1767/1767/2465
f 1975/1975/2466 1976/1976/2466 2728/2728/2466 2727/2727/2466
f 1767/1767/2467 2727/2727/2467 2726/2726/2467 1766/1766/2467
f 1486/1486/2468 1978/1978/2468 2729/2729/2468 1977/1977/2468
f 1978/1978/2469 1979/1979/2469 2730/2730/2469 2729/2729/2469
f 1977/1977/2470 2729/2729/2470 2728/2728/2470 1976/1976/2470
f 1491/1491/2471 1981/1981/2471 2731/2731/2471 1980/1980/2471
f 1981/1981/2472 1982/1982/2472 2732/2732/2472 2731/2731/2472
f 1980/1980/2473 2731/2731/2473 2730/2730/2473 1979/1979/2473
f 1490/1490/2474 1984/1984/2474 2733/2733/2474 1983/1983/2474
f 1984/1984/2475 1985/1985/2475 2734/2734/2475 2733/2733/2475
f 1983/1983/2476 2733/2733/2476 2732/2732/2476 1982/1982/2476
f 1489/1489/2477 1987/1987/2477 2735/2735/2477 1986/1986/2477
f 1987/1987/2478 1988/1988/2478 2736/2736/2478 2735/2735/2478
f 1986/1986/2479 2735/2735/2479 2734/2734/2479 1985/1985/2479
f 1488/1488/2480 1990/1990/2480 2737/2737/2480 1989/1989/2480
f 1990/1990/2481 1991/1991/2481 2738/2738/2481 2737/2737/2481
f 1989/1989/2482 2737/2737/2482 2736/2736/2482 1988/1988/2482
f 1487/1487/2483 1993/1993/2483 2739/2739/2483 1992/1992/2483
f 1993/1993/2484 1994/1994/2484 2740/2740/2484 2739/2739/2484
f 1992/1992/2485 2739/2739/2485 2738/2738/2485 1991/1991/2485
f 1485/1485/2486 1972/1972/2486 2741/2741/2486 1995/1995/2486
f 1972/1972/2487 1973/1973/2487 2742/2742/2487 2741/2741/2487
f 1995/1995/2488 2741/2741/2488 2740/2740/2488 1994/1994/2488
f 2744/2744/2489 2745/2745/2489 2743/2743/2489 2763/2763/2489
f 2746/2746/2490 2747/2747/2490 2743/2743/2490 2745/2745/2490
f 2748/2748/2491 2749/2749/2491 2743/2743/2491 2747/2747/2491
f 2750/2750/2492 2751/2751/2492 2743/2743/2492 2749/2749/2492
f 2752/2752/2493 2753/2753/2493 2743/2743/2493 2751/2751/2493
f 2754/2754/2494 2755/2755/2494 2743/2743/2494 2753/2753/2494
f 2756/2756/2495 2757/2757/2495 2743/2743/2495 2755/2755/2495
f 2758/2758/2496 2759/2759/2496 2743/2743/2496 2757/2757/2496
f 2760/2760/2497 2761/2761/2497 2743/2743/2497 2759/2759/2497
f 2762/2762/2498 2763/2763/2498 2743/2743/2498 2761/2761/2498
f 1493/1493/2499 1999/1999/2499 2744/2744/2499 1998/1998/2499
f 1999/1999/2500 2000/2000/2500 2745/2745/2500 2744/2744/2500
f 1998/1998/2501 2744/2744/2501 2763/2763/2501 1997/1997/2501
f 1498/1498/2502 2002/2002/2502 2746/2746/2502 2001/2001/2502
f 2002/2002/2503 2003/2003/2503 2747/2747/2503 2746/2746/2503
f 2001/2001/2504 2746/2746/2504 2745/2745/2504 2000/2000/2504
f 1497/1497/2505 2005/2005/2505 2748/2748/2505 2004/2004/2505
f 2005/2005/2506 2006/2006/2506 2749/2749/2506 2748/2748/2506
f 2004/2004/2507 2748/2748/2507 2747/2747/2507 2003/2003/2507
f 1496/1496/2508 2008/2008/2508 2750/2750/2508 2007/2007/2508
f 2008/2008/2509 2009/2009/2509 2751/2751/2509 2750/2750/2509
f 2007/2007/2510 2750/2750/2510 2749/2749/2510 2006/2006/2510
f 1495/1495/2511 2011/2011/2511 2752/2752/2511 2010/2010/2511
f 2011/2011/2512 2012/2012/2512 2753/2753/2512 2752/2752/2512
f 2010/2010/2513 2752/2752/2513 2751/2751/2513 2009/2009/2513
f 1494/1494/2514 2014/2014/2514 2754/2754/2514 2013/2013/2514
f 2014/2014/2515 2015/2015/2515 2755/2755/2515 2754/2754/2515
f 2013/2013/2516 2754/2754/2516 2753/2753/2516 2012/2012/2516
f 1492/1492/2517 2017/2017/2517 2756/2756/2517 2016/2016/2517
f 2017/2017/2518 2018/2018/2518 2757/2757/2518 2756/2756/2518
f 2016/2016/2519 2756/2756/2519 2755/2755/2519 2015/2015/2519
f 1443/1443/2520 1747/1747/2520 2758/2758/2520 2019/2019/2520
f 1747/1747/2521 1748/1748/2521 2759/2759/2521 2758/2758/2521
f 2019/2019/2522 2758/2758/2522 2757/2757/2522 2018/2018/2522
f 1448/1448/2523 1720/1720/2523 2760/2760/2523 1749/1749/2523
f 1720/1720/2524 1721/1721/2524 2761/2761/2524 2760/2760/2524
f 1749/1749/2525 2760/2760/2525 2759/2759/2525 1748/1748/2525
f 1435/1435/2526 1996/1996/2526 2762/2762/2526 1722/1722/2526
f 1996/1996/2527 1997/1997/2527 2763/2763/2527 2762/2762/2527
f 1722/1722/2528 2762/2762/2528 2761/2761/2528 1721/1721/2528
f 1558/1558/2529 1469/1469/2529 2772/2772/2529 2796/2796/2529
f 1559/1559/2530 1558/1558/2530 2796/2796/2530 2795/2795/2530
f 1560/1560/2531 1559/1559/2531 2795/2795/2531 2794/2794/2531
f 1409/1409/2532 1560/1560/2532 2794/2794/2532 2767/2767/2532
f 1528/1528/2533 1459/1459/2533 2771/2771/2533 2793/2793/2533
f 1529/1529/2534 1528/1528/2534 2793/2793/2534 2792/2792/2534
f 1530/1530/2535 1529/1529/2535 2792/2792/2535 2791/2791/2535
f 1403/1403/2536 1530/1530/2536 2791/2791/2536 2766/2766/2536
f 1576/1576/2537 1451/1451/2537 2770/2770/2537 2790/2790/2537
f 1577/1577/2538 1576/1576/2538 2790/2790/2538 2789/2789/2538
f 1578/1578/2539 1577/1577/2539 2789/2789/2539 2788/2788/2539
f 1412/1412/2540 1578/1578/2540 2788/2788/2540 2768/2768/2540
f 1519/1519/2541 1441/1441/2541 2769/2769/2541 2787/2787/2541
f 1520/1520/2542 1519/1519/2542 2787/2787/2542 2786/2786/2542
f 1521/1521/2543 1520/1520/2543 2786/2786/2543 2785/2785/2543
f 1399/1399/2544 1521/1521/2544 2785/2785/2544 2764/2764/2544
f 1777/1777/2545 1403/1403/2545 2766/2766/2545 2784/2784/2545
f 1778/1778/2546 1777/1777/2546 2784/2784/2546 2783/2783/2546
f 1779/1779/2547 1778/1778/2547 2783/2783/2547 2782/2782/2547
f 1451/1451/2548 1779/1779/2548 2782/2782/2548 2770/2770/2548
f 1876/1876/2549 1400/1400/2549 2765/2765/2549 2781/2781/2549
f 1877/1877/2550 1876/1876/2550 2781/2781/2550 2780/2780/2550
f 1878/1878/2551 1877/1877/2551 2780/2780/2551 2779/2779/2551
f 1469/1469/2552 1878/1878/2552 2779/2779/2552 2772/2772/2552
f 1825/1825/2553 1409/1409/2553 2767/2767/2553 2778/2778/2553
f 1826/1826/2554 1825/1825/2554 2778/2778/2554 2777/2777/2554
f 1827/1827/2555 1826/1826/2555 2777/2777/2555 2776/2776/2555
f 1459/1459/2556 1827/1827/2556 2776/2776/2556 2771/2771/2556
f 1726/1726/2557 1412/1412/2557 2768/2768/2557 2775/2775/2557
f 1727/1727/2558 1726/1726/2558 2775/2775/2558 2774/2774/2558
f 1728/1728/2559 1727/1727/2559 2774/2774/2559 2773/2773/2559
f 1441/1441/2560 1728/1728/2560 2773/2773/2560 2769/2769/2560
f 236/236/2561 237/237/2561 1635/1635/2561 1634/1634/2561
f 627/627/2562 107/107/2562 1505/1505/2562 2025/2025/2562
f 158/158/2563 159/159/2563 1557/1557/2563 1556/1556/2563
f 107/107/2564 628/628/2564 2026/2026/2564 1505/1505/2564
f 237/237/2561 26/26/2561 1424/1424/2561 1635/1635/2561
f 159/159/2563 10/10/2563 1408/1408/2563 1557/1557/2563
f 628/628/2565 629/629/2565 2027/2027/2565 2026/2026/2565
f 629/629/2566 630/630/2566 2028/2028/2566 2027/2027/2566
f 630/630/2567 106/106/2567 1504/1504/2567 2028/2028/2567
f 106/106/2568 631/631/2568 2029/2029/2568 1504/1504/2568
f 9/9/2569 475/475/2569 1873/1873/2569 1407/1407/2569
f 631/631/2570 632/632/2570 2030/2030/2570 2029/2029/2570
f 475/475/2569 476/476/2569 1874/1874/2569 1873/1873/2569
f 632/632/2571 633/633/2571 2031/2031/2571 2030/2030/2571
f 476/476/2569 477/477/2569 1875/1875/2569 1874/1874/2569
f 633/633/2572 105/105/2572 1503/1503/2572 2031/2031/2572
f 477/477/2569 69/69/2569 1467/1467/2569 1875/1875/2569
f 105/105/2573 634/634/2573 2032/2032/2573 1503/1503/2573
f 634/634/2574 635/635/2574 2033/2033/2574 2032/2032/2574
f 635/635/2575 636/636/2575 2034/2034/2575 2033/2033/2575
f 636/636/2576 104/104/2576 1502/1502/2576 2034/2034/2576
f 104/104/2577 637/637/2577 2035/2035/2577 1502/1502/2577
f 13/13/2563 325/325/2563 1723/1723/2563 1411/1411/2563
f 637/637/2578 638/638/2578 2036/2036/2578 2035/2035/2578
f 325/325/2563 326/326/2563 1724/1724/2563 1723/1723/2563
f 638/638/2579 639/639/2579 2037/2037/2579 2036/2036/2579
f 326/326/2563 327/327/2563 1725/1725/2563 1724/1724/2563
f 639/639/2580 103/103/2580 1501/1501/2580 2037/2037/2580
f 327/327/2581 42/42/2581 1440/1440/2581 1725/1725/2581
f 103/103/2582 640/640/2582 2038/2038/2582 1501/1501/2582
f 640/640/2583 641/641/2583 2039/2039/2583 2038/2038/2583
f 7/7/2584 250/250/2584 1648/1648/2584 1405/1405/2584
f 641/641/2585 642/642/2585 2040/2040/2585 2039/2039/2585
f 250/250/2584 251/251/2584 1649/1649/2584 1648/1648/2584
f 642/642/2586 101/101/2586 1499/1499/2586 2040/2040/2586
f 251/251/2584 252/252/2584 1650/1650/2584 1649/1649/2584
f 101/101/2587 643/643/2587 2041/2041/2587 1499/1499/2587
f 252/252/2588 27/27/2588 1425/1425/2588 1650/1650/2588
f 643/643/2589 644/644/2589 2042/2042/2589 2041/2041/2589
f 1367/1367/2590 253/253/2590 1651/1651/2590 2765/2765/2590
f 52/52/2591 175/175/2591 1573/1573/2591 1450/1450/2591
f 644/644/2592 645/645/2592 2043/2043/2592 2042/2042/2592
f 253/253/2593 254/254/2593 1652/1652/2593 1651/1651/2593
f 175/175/2594 176/176/2594 1574/1574/2594 1573/1573/2594
f 645/645/2592 38/38/2592 1436/1436/2592 2043/2043/2592
f 254/254/2595 255/255/2595 1653/1653/2595 1652/1652/2595
f 176/176/2594 177/177/2594 1575/1575/2594 1574/1574/2594
f 32/32/2590 646/646/2590 2044/2044/2590 1430/1430/2590
f 255/255/2596 28/28/2596 1426/1426/2596 1653/1653/2596
f 177/177/2591 13/13/2591 1411/1411/2591 1575/1575/2591
f 646/646/2590 647/647/2590 2045/2045/2590 2044/2044/2590
f 647/647/2597 648/648/2597 2046/2046/2597 2045/2045/2597
f 648/648/2598 109/109/2598 1507/1507/2598 2046/2046/2598
f 109/109/2599 649/649/2599 2047/2047/2599 1507/1507/2599
f 649/649/2600 650/650/2600 2048/2048/2600 2047/2047/2600
f 45/45/2601 181/181/2601 1579/1579/2601 1443/1443/2601
f 650/650/2602 651/651/2602 2049/2049/2602 2048/2048/2602
f 181/181/2603 182/182/2603 1580/1580/2603 1579/1579/2603
f 651/651/2604 114/114/2604 1512/1512/2604 2049/2049/2604
f 182/182/2603 183/183/2603 1581/1581/2603 1580/1580/2603
f 114/114/2605 652/652/2605 2050/2050/2605 1512/1512/2605
f 87/87/2606 574/574/2606 1972/1972/2606 1485/1485/2606
f 183/183/2601 15/15/2601 1413/1413/2601 1581/1581/2601
f 652/652/2607 653/653/2607 2051/2051/2607 2050/2050/2607
f 574/574/2608 575/575/2608 1973/1973/2608 1972/1972/2608
f 653/653/2609 654/654/2609 2052/2052/2609 2051/2051/2609
f 575/575/2610 576/576/2610 1974/1974/2610 1973/1973/2610
f 654/654/2611 113/113/2611 1511/1511/2611 2052/2052/2611
f 576/576/2588 34/34/2588 1432/1432/2588 1974/1974/2588
f 113/113/2612 655/655/2612 2053/2053/2612 1511/1511/2612
f 42/42/2591 577/577/2591 1975/1975/2591 1440/1440/2591
f 655/655/2613 656/656/2613 2054/2054/2613 2053/2053/2613
f 577/577/2614 578/578/2614 1976/1976/2614 1975/1975/2614
f 656/656/2615 657/657/2615 2055/2055/2615 2054/2054/2615
f 578/578/2616 579/579/2616 1977/1977/2616 1976/1976/2616
f 657/657/2617 112/112/2617 1510/1510/2617 2055/2055/2617
f 579/579/2618 88/88/2618 1486/1486/2618 1977/1977/2618
f 112/112/2619 658/658/2619 2056/2056/2619 1510/1510/2619
f 88/88/2620 580/580/2620 1978/1978/2620 1486/1486/2620
f 10/10/2563 424/424/2563 1822/1822/2563 1408/1408/2563
f 658/658/2621 659/659/2621 2057/2057/2621 2056/2056/2621
f 580/580/2622 581/581/2622 1979/1979/2622 1978/1978/2622
f 424/424/2563 425/425/2563 1823/1823/2563 1822/1822/2563
f 659/659/2623 660/660/2623 2058/2058/2623 2057/2057/2623
f 581/581/2624 582/582/2624 1980/1980/2624 1979/1979/2624
f 425/425/2563 426/426/2563 1824/1824/2563 1823/1823/2563
f 660/660/2625 111/111/2625 1509/1509/2625 2058/2058/2625
f 582/582/2626 93/93/2626 1491/1491/2626 1980/1980/2626
f 426/426/2563 60/60/2563 1458/1458/2563 1824/1824/2563
f 111/111/2627 661/661/2627 2059/2059/2627 1509/1509/2627
f 93/93/2628 583/583/2628 1981/1981/2628 1491/1491/2628
f 661/661/2629 662/662/2629 2060/2060/2629 2059/2059/2629
f 583/583/2630 584/584/2630 1982/1982/2630 1981/1981/2630
f 27/27/2610 115/115/2610 1513/1513/2610 1425/1425/2610
f 662/662/2631 663/663/2631 2061/2061/2631 2060/2060/2631
f 584/584/2632 585/585/2632 1983/1983/2632 1982/1982/2632
f 115/115/2610 116/116/2610 1514/1514/2610 1513/1513/2610
f 663/663/2633 110/110/2633 1508/1508/2633 2061/2061/2633
f 585/585/2634 92/92/2634 1490/1490/2634 1983/1983/2634
f 116/116/2610 117/117/2610 1515/1515/2610 1514/1514/2610
f 110/110/2635 664/664/2635 2062/2062/2635 1508/1508/2635
f 92/92/2636 586/586/2636 1984/1984/2636 1490/1490/2636
f 1366/1366/2588 1/1/2588 1399/1399/2588 2764/2764/2588
f 664/664/2637 665/665/2637 2063/2063/2637 2062/2062/2637
f 78/78/2584 196/196/2584 1594/1594/2584 1476/1476/2584
f 586/586/2638 587/587/2638 1985/1985/2638 1984/1984/2638
f 22/22/2590 118/118/2590 1516/1516/2590 1420/1420/2590
f 665/665/2639 666/666/2639 2064/2064/2639 2063/2063/2639
f 196/196/2584 197/197/2584 1595/1595/2584 1594/1594/2584
f 587/587/2640 588/588/2640 1986/1986/2640 1985/1985/2640
f 118/118/2590 119/119/2590 1517/1517/2590 1516/1516/2590
f 666/666/2641 108/108/2641 1506/1506/2641 2064/2064/2641
f 197/197/2588 198/198/2588 1596/1596/2588 1595/1595/2588
f 588/588/2642 91/91/2642 1489/1489/2642 1986/1986/2642
f 119/119/2590 120/120/2590 1518/1518/2590 1517/1517/2590
f 108/108/2643 667/667/2643 2065/2065/2643 1506/1506/2643
f 91/91/2644 589/589/2644 1987/1987/2644 1489/1489/2644
f 198/198/2588 17/17/2588 1415/1415/2588 1596/1596/2588
f 120/120/2590 2/2/2590 1400/1400/2590 1518/1518/2590
f 3/3/2569 433/433/2569 1831/1831/2569 1401/1401/2569
f 117/117/2610 1366/1366/2610 2764/2764/2610 1515/1515/2610
f 667/667/2645 668/668/2645 2066/2066/2645 2065/2065/2645
f 6/6/2596 277/277/2596 1675/1675/2596 1404/1404/2596
f 589/589/2646 590/590/2646 1988/1988/2646 1987/1987/2646
f 38/38/2592 199/199/2592 1597/1597/2592 1436/1436/2592
f 433/433/2647 434/434/2647 1832/1832/2647 1831/1831/2647
f 2/2/2590 1367/1367/2590 2765/2765/2590 1400/1400/2590
f 668/668/2648 669/669/2648 2067/2067/2648 2066/2066/2648
f 277/277/2590 278/278/2590 1676/1676/2590 1675/1675/2590
f 590/590/2649 591/591/2649 1989/1989/2649 1988/1988/2649
f 199/199/2589 200/200/2589 1598/1598/2589 1597/1597/2589
f 434/434/2650 435/435/2650 1833/1833/2650 1832/1832/2650
f 669/669/2651 70/70/2651 1468/1468/2651 2067/2067/2651
f 278/278/2590 279/279/2590 1677/1677/2590 1676/1676/2590
f 591/591/2652 90/90/2652 1488/1488/2652 1989/1989/2652
f 200/200/2589 201/201/2589 1599/1599/2589 1598/1598/2589
f 435/435/2653 63/63/2653 1461/1461/2653 1833/1833/2653
f 279/279/2590 32/32/2590 1430/1430/2590 1677/1677/2590
f 90/90/2654 592/592/2654 1990/1990/2654 1488/1488/2654
f 201/201/2589 18/18/2589 1416/1416/2589 1599/1599/2589
f 592/592/2655 593/593/2655 1991/1991/2655 1990/1990/2655
f 51/51/2656 124/124/2656 1522/1522/2656 1449/1449/2656
f 593/593/2657 594/594/2657 1992/1992/2657 1991/1991/2657
f 124/124/2653 125/125/2653 1523/1523/2653 1522/1522/2653
f 594/594/2658 89/89/2658 1487/1487/2658 1992/1992/2658
f 125/125/2653 126/126/2653 1524/1524/2653 1523/1523/2653
f 89/89/2659 595/595/2659 1993/1993/2659 1487/1487/2659
f 126/126/2653 3/3/2653 1401/1401/2653 1524/1524/2653
f 595/595/2660 596/596/2660 1994/1994/2660 1993/1993/2660
f 60/60/2591 127/127/2591 1525/1525/2591 1458/1458/2591
f 596/596/2661 597/597/2661 1995/1995/2661 1994/1994/2661
f 127/127/2591 128/128/2591 1526/1526/2591 1525/1525/2591
f 597/597/2662 87/87/2662 1485/1485/2662 1995/1995/2662
f 128/128/2591 129/129/2591 1527/1527/2591 1526/1526/2591
f 37/37/2663 598/598/2663 1996/1996/2663 1435/1435/2663
f 129/129/2563 4/4/2563 1402/1402/2563 1527/1527/2563
f 598/598/2664 599/599/2664 1997/1997/2664 1996/1996/2664
f 599/599/2665 600/600/2665 1998/1998/2665 1997/1997/2665
f 600/600/2666 95/95/2666 1493/1493/2666 1998/1998/2666
f 95/95/2667 601/601/2667 1999/1999/2667 1493/1493/2667
f 26/26/2561 523/523/2561 1921/1921/2561 1424/1424/2561
f 601/601/2668 602/602/2668 2000/2000/2668 1999/1999/2668
f 523/523/2561 524/524/2561 1922/1922/2561 1921/1921/2561
f 602/602/2669 603/603/2669 2001/2001/2669 2000/2000/2669
f 524/524/2670 525/525/2670 1923/1923/2670 1922/1922/2670
f 603/603/2671 100/100/2671 1498/1498/2671 2001/2001/2671
f 525/525/2672 78/78/2672 1476/1476/2672 1923/1923/2672
f 100/100/2673 604/604/2673 2002/2002/2673 1498/1498/2673
f 18/18/2592 526/526/2592 1924/1924/2592 1416/1416/2592
f 604/604/2674 605/605/2674 2003/2003/2674 2002/2002/2674
f 526/526/2592 527/527/2592 1925/1925/2592 1924/1924/2592
f 605/605/2675 606/606/2675 2004/2004/2675 2003/2003/2675
f 527/527/2592 528/528/2592 1926/1926/2592 1925/1925/2592
f 606/606/2676 99/99/2676 1497/1497/2676 2004/2004/2676
f 528/528/2596 79/79/2596 1477/1477/2596 1926/1926/2596
f 99/99/2677 607/607/2677 2005/2005/2677 1497/1497/2677
f 15/15/2569 373/373/2569 1771/1771/2569 1413/1413/2569
f 607/607/2678 608/608/2678 2006/2006/2678 2005/2005/2678
f 28/28/2596 139/139/2596 1537/1537/2596 1426/1426/2596
f 373/373/2653 374/374/2653 1772/1772/2653 1771/1771/2653
f 608/608/2679 609/609/2679 2007/2007/2679 2006/2006/2679
f 139/139/2592 140/140/2592 1538/1538/2592 1537/1537/2592
f 374/374/2653 375/375/2653 1773/1773/2653 1772/1772/2653
f 609/609/2680 98/98/2680 1496/1496/2680 2007/2007/2680
f 140/140/2592 141/141/2592 1539/1539/2592 1538/1538/2592
f 375/375/2656 51/51/2656 1449/1449/2656 1773/1773/2656
f 98/98/2681 610/610/2681 2008/2008/2681 1496/1496/2681
f 141/141/2596 6/6/2596 1404/1404/2596 1539/1539/2596
f 4/4/2682 376/376/2682 1774/1774/2682 1402/1402/2682
f 610/610/2683 611/611/2683 2009/2009/2683 2008/2008/2683
f 34/34/2584 142/142/2584 1540/1540/2584 1432/1432/2584
f 376/376/2682 377/377/2682 1775/1775/2682 1774/1774/2682
f 611/611/2684 612/612/2684 2010/2010/2684 2009/2009/2684
f 142/142/2584 143/143/2584 1541/1541/2584 1540/1540/2584
f 377/377/2682 378/378/2682 1776/1776/2682 1775/1775/2682
f 612/612/2685 97/97/2685 1495/1495/2685 2010/2010/2685
f 143/143/2584 144/144/2584 1542/1542/2584 1541/1541/2584
f 378/378/2563 52/52/2563 1450/1450/2563 1776/1776/2563
f 97/97/2686 613/613/2686 2011/2011/2686 1495/1495/2686
f 144/144/2584 7/7/2584 1405/1405/2584 1542/1542/2584
f 17/17/2588 301/301/2588 1699/1699/2588 1415/1415/2588
f 613/613/2687 614/614/2687 2012/2012/2687 2011/2011/2687
f 79/79/2596 223/223/2596 1621/1621/2596 1477/1477/2596
f 301/301/2610 302/302/2610 1700/1700/2610 1699/1699/2610
f 614/614/2688 615/615/2688 2013/2013/2688 2012/2012/2688
f 223/223/2596 224/224/2596 1622/1622/2596 1621/1621/2596
f 302/302/2588 303/303/2588 1701/1701/2588 1700/1700/2588
f 615/615/2689 96/96/2689 1494/1494/2689 2013/2013/2689
f 224/224/2590 225/225/2590 1623/1623/2590 1622/1622/2590
f 303/303/2584 37/37/2584 1435/1435/2584 1701/1701/2584
f 96/96/2690 616/616/2690 2014/2014/2690 1494/1494/2690
f 225/225/2590 22/22/2590 1420/1420/2590 1623/1623/2590
f 616/616/2691 617/617/2691 2015/2015/2691 2014/2014/2691
f 617/617/2692 618/618/2692 2016/2016/2692 2015/2015/2692
f 618/618/2693 94/94/2693 1492/1492/2693 2016/2016/2693
f 94/94/2694 619/619/2694 2017/2017/2694 1492/1492/2694
f 619/619/2695 620/620/2695 2018/2018/2695 2017/2017/2695
f 620/620/2696 621/621/2696 2019/2019/2696 2018/2018/2696
f 621/621/2653 45/45/2653 1443/1443/2653 2019/2019/2653
f 69/69/2653 622/622/2653 2020/2020/2653 1467/1467/2653
f 622/622/2569 623/623/2569 2021/2021/2569 2020/2020/2569
f 63/63/2656 154/154/2656 1552/1552/2656 1461/1461/2656
f 623/623/2697 624/624/2697 2022/2022/2697 2021/2021/2697
f 154/154/2656 155/155/2656 1553/1553/2656 1552/1552/2656
f 624/624/2698 102/102/2698 1500/1500/2698 2022/2022/2698
f 155/155/2656 156/156/2656 1554/1554/2656 1553/1553/2656
f 102/102/2699 625/625/2699 2023/2023/2699 1500/1500/2699
f 156/156/2653 9/9/2653 1407/1407/2653 1554/1554/2653
f 1/1/2584 235/235/2584 1633/1633/2584 1399/1399/2584
f 625/625/2700 626/626/2700 2024/2024/2700 2023/2023/2700
f 70/70/2563 157/157/2563 1555/1555/2563 1468/1468/2563
f 235/235/2663 236/236/2663 1634/1634/2663 1633/1633/2663
f 626/626/2701 627/627/2701 2025/2025/2701 2024/2024/2701
f 157/157/2563 158/158/2563 1556/1556/2563 1555/1555/2563
